-- MariaDB dump 10.19  Distrib 10.6.4-MariaDB, for osx10.16 (x86_64)
--
-- Host: localhost    Database: martfury
-- ------------------------------------------------------
-- Server version	10.6.4-MariaDB

/*!40101 SET @OLD_CHARACTER_SET_CLIENT=@@CHARACTER_SET_CLIENT */;
/*!40101 SET @OLD_CHARACTER_SET_RESULTS=@@CHARACTER_SET_RESULTS */;
/*!40101 SET @OLD_COLLATION_CONNECTION=@@COLLATION_CONNECTION */;
/*!40101 SET NAMES utf8mb4 */;
/*!40103 SET @OLD_TIME_ZONE=@@TIME_ZONE */;
/*!40103 SET TIME_ZONE='+00:00' */;
/*!40014 SET @OLD_UNIQUE_CHECKS=@@UNIQUE_CHECKS, UNIQUE_CHECKS=0 */;
/*!40014 SET @OLD_FOREIGN_KEY_CHECKS=@@FOREIGN_KEY_CHECKS, FOREIGN_KEY_CHECKS=0 */;
/*!40101 SET @OLD_SQL_MODE=@@SQL_MODE, SQL_MODE='NO_AUTO_VALUE_ON_ZERO' */;
/*!40111 SET @OLD_SQL_NOTES=@@SQL_NOTES, SQL_NOTES=0 */;

--
-- Table structure for table `activations`
--

DROP TABLE IF EXISTS `activations`;
/*!40101 SET @saved_cs_client     = @@character_set_client */;
/*!40101 SET character_set_client = utf8 */;
CREATE TABLE `activations` (
  `id` bigint(20) unsigned NOT NULL AUTO_INCREMENT,
  `user_id` int(10) unsigned NOT NULL,
  `code` varchar(120) COLLATE utf8mb4_unicode_ci NOT NULL,
  `completed` tinyint(1) NOT NULL DEFAULT 0,
  `completed_at` timestamp NULL DEFAULT NULL,
  `created_at` timestamp NULL DEFAULT NULL,
  `updated_at` timestamp NULL DEFAULT NULL,
  PRIMARY KEY (`id`),
  KEY `activations_user_id_index` (`user_id`)
) ENGINE=InnoDB AUTO_INCREMENT=2 DEFAULT CHARSET=utf8mb4 COLLATE=utf8mb4_unicode_ci;
/*!40101 SET character_set_client = @saved_cs_client */;

--
-- Dumping data for table `activations`
--

LOCK TABLES `activations` WRITE;
/*!40000 ALTER TABLE `activations` DISABLE KEYS */;
INSERT INTO `activations` VALUES (1,1,'X8uTUROJiTtFhDPMZ1o8jlcAs9JFrRvD',1,'2021-12-04 04:49:01','2021-12-04 04:49:01','2021-12-04 04:49:01');
/*!40000 ALTER TABLE `activations` ENABLE KEYS */;
UNLOCK TABLES;

--
-- Table structure for table `ads`
--

DROP TABLE IF EXISTS `ads`;
/*!40101 SET @saved_cs_client     = @@character_set_client */;
/*!40101 SET character_set_client = utf8 */;
CREATE TABLE `ads` (
  `id` bigint(20) unsigned NOT NULL AUTO_INCREMENT,
  `name` varchar(255) COLLATE utf8mb4_unicode_ci NOT NULL,
  `expired_at` datetime DEFAULT NULL,
  `location` varchar(120) COLLATE utf8mb4_unicode_ci DEFAULT NULL,
  `key` varchar(120) COLLATE utf8mb4_unicode_ci NOT NULL,
  `image` varchar(255) COLLATE utf8mb4_unicode_ci DEFAULT NULL,
  `url` varchar(255) COLLATE utf8mb4_unicode_ci DEFAULT NULL,
  `clicked` bigint(20) NOT NULL DEFAULT 0,
  `order` int(11) DEFAULT 0,
  `status` varchar(60) COLLATE utf8mb4_unicode_ci NOT NULL DEFAULT 'published',
  `created_at` timestamp NULL DEFAULT NULL,
  `updated_at` timestamp NULL DEFAULT NULL,
  PRIMARY KEY (`id`),
  UNIQUE KEY `ads_key_unique` (`key`)
) ENGINE=InnoDB AUTO_INCREMENT=10 DEFAULT CHARSET=utf8mb4 COLLATE=utf8mb4_unicode_ci;
/*!40101 SET character_set_client = @saved_cs_client */;

--
-- Dumping data for table `ads`
--

LOCK TABLES `ads` WRITE;
/*!40000 ALTER TABLE `ads` DISABLE KEYS */;
INSERT INTO `ads` VALUES (1,'Top Slider Image 1','2026-12-04 00:00:00','not_set','VC2C8Q1UGCBG','promotion/1.jpg','/products',0,1,'published','2021-12-04 04:49:01','2021-12-04 04:49:01'),(2,'Top Slider Image 2','2026-12-04 00:00:00','not_set','NBDWRXTSVZ8N','promotion/2.jpg','/products',0,2,'published','2021-12-04 04:49:01','2021-12-04 04:49:01'),(3,'Homepage middle 1','2026-12-04 00:00:00','not_set','IZ6WU8KUALYD','promotion/3.jpg','/products',0,3,'published','2021-12-04 04:49:01','2021-12-04 04:49:01'),(4,'Homepage middle 2','2026-12-04 00:00:00','not_set','ILSFJVYFGCPZ','promotion/4.jpg','/products',0,4,'published','2021-12-04 04:49:01','2021-12-04 04:49:01'),(5,'Homepage middle 3','2026-12-04 00:00:00','not_set','ZDOZUZZIU7FT','promotion/5.jpg','/products',0,5,'published','2021-12-04 04:49:01','2021-12-04 04:49:01'),(6,'Homepage big 1','2026-12-04 00:00:00','not_set','Q9YDUIC9HSWS','promotion/6.jpg','/products',0,6,'published','2021-12-04 04:49:01','2021-12-04 04:49:01'),(7,'Homepage bottom small','2026-12-04 00:00:00','not_set','A65VYQHVZILK','promotion/7.jpg','/products',0,7,'published','2021-12-04 04:49:01','2021-12-04 04:49:01'),(8,'Product sidebar','2026-12-04 00:00:00','product-sidebar','3DO8BDIYGFQW','promotion/8.jpg','/products',0,8,'published','2021-12-04 04:49:01','2021-12-04 04:49:01'),(9,'Homepage big 2','2026-12-04 00:00:00','not_set','IZ6WU8KUALYE','promotion/9.jpg','/products',0,9,'published','2021-12-04 04:49:01','2021-12-04 04:49:01');
/*!40000 ALTER TABLE `ads` ENABLE KEYS */;
UNLOCK TABLES;

--
-- Table structure for table `ads_translations`
--

DROP TABLE IF EXISTS `ads_translations`;
/*!40101 SET @saved_cs_client     = @@character_set_client */;
/*!40101 SET character_set_client = utf8 */;
CREATE TABLE `ads_translations` (
  `lang_code` varchar(191) COLLATE utf8mb4_unicode_ci NOT NULL,
  `ads_id` int(11) NOT NULL,
  `name` varchar(255) COLLATE utf8mb4_unicode_ci DEFAULT NULL,
  `image` varchar(255) COLLATE utf8mb4_unicode_ci DEFAULT NULL,
  `url` varchar(255) COLLATE utf8mb4_unicode_ci DEFAULT NULL,
  PRIMARY KEY (`lang_code`,`ads_id`)
) ENGINE=InnoDB DEFAULT CHARSET=utf8mb4 COLLATE=utf8mb4_unicode_ci;
/*!40101 SET character_set_client = @saved_cs_client */;

--
-- Dumping data for table `ads_translations`
--

LOCK TABLES `ads_translations` WRITE;
/*!40000 ALTER TABLE `ads_translations` DISABLE KEYS */;
INSERT INTO `ads_translations` VALUES ('vi',1,'Top Slider Image 1','promotion/1.jpg','/vi/products'),('vi',2,'Top Slider Image 2','promotion/2.jpg','/vi/products'),('vi',3,'Homepage middle 1','promotion/3.jpg','/vi/products'),('vi',4,'Homepage middle 2','promotion/4.jpg','/vi/products'),('vi',5,'Homepage middle 3','promotion/5.jpg','/vi/products'),('vi',6,'Homepage big 1','promotion/6.jpg','/vi/products'),('vi',7,'Homepage bottom small','promotion/7.jpg','/vi/products'),('vi',8,'Product sidebar','promotion/8.jpg','/vi/products'),('vi',9,'Homepage big 2','promotion/9.jpg','/vi/products');
/*!40000 ALTER TABLE `ads_translations` ENABLE KEYS */;
UNLOCK TABLES;

--
-- Table structure for table `audit_histories`
--

DROP TABLE IF EXISTS `audit_histories`;
/*!40101 SET @saved_cs_client     = @@character_set_client */;
/*!40101 SET character_set_client = utf8 */;
CREATE TABLE `audit_histories` (
  `id` bigint(20) unsigned NOT NULL AUTO_INCREMENT,
  `user_id` int(10) unsigned NOT NULL,
  `module` varchar(60) COLLATE utf8mb4_unicode_ci NOT NULL,
  `request` text COLLATE utf8mb4_unicode_ci DEFAULT NULL,
  `action` varchar(120) COLLATE utf8mb4_unicode_ci NOT NULL,
  `user_agent` text COLLATE utf8mb4_unicode_ci DEFAULT NULL,
  `ip_address` varchar(39) COLLATE utf8mb4_unicode_ci DEFAULT NULL,
  `reference_user` int(10) unsigned NOT NULL,
  `reference_id` int(10) unsigned NOT NULL,
  `reference_name` varchar(255) COLLATE utf8mb4_unicode_ci NOT NULL,
  `type` varchar(20) COLLATE utf8mb4_unicode_ci NOT NULL,
  `created_at` timestamp NULL DEFAULT NULL,
  `updated_at` timestamp NULL DEFAULT NULL,
  PRIMARY KEY (`id`),
  KEY `audit_histories_user_id_index` (`user_id`),
  KEY `audit_histories_module_index` (`module`)
) ENGINE=InnoDB DEFAULT CHARSET=utf8mb4 COLLATE=utf8mb4_unicode_ci;
/*!40101 SET character_set_client = @saved_cs_client */;

--
-- Dumping data for table `audit_histories`
--

LOCK TABLES `audit_histories` WRITE;
/*!40000 ALTER TABLE `audit_histories` DISABLE KEYS */;
/*!40000 ALTER TABLE `audit_histories` ENABLE KEYS */;
UNLOCK TABLES;

--
-- Table structure for table `categories`
--

DROP TABLE IF EXISTS `categories`;
/*!40101 SET @saved_cs_client     = @@character_set_client */;
/*!40101 SET character_set_client = utf8 */;
CREATE TABLE `categories` (
  `id` bigint(20) unsigned NOT NULL AUTO_INCREMENT,
  `name` varchar(120) COLLATE utf8mb4_unicode_ci NOT NULL,
  `parent_id` int(10) unsigned NOT NULL DEFAULT 0,
  `description` varchar(400) COLLATE utf8mb4_unicode_ci DEFAULT NULL,
  `status` varchar(60) COLLATE utf8mb4_unicode_ci NOT NULL DEFAULT 'published',
  `author_id` int(11) NOT NULL,
  `author_type` varchar(255) COLLATE utf8mb4_unicode_ci NOT NULL DEFAULT 'Botble\\ACL\\Models\\User',
  `icon` varchar(60) COLLATE utf8mb4_unicode_ci DEFAULT NULL,
  `order` tinyint(4) NOT NULL DEFAULT 0,
  `is_featured` tinyint(4) NOT NULL DEFAULT 0,
  `is_default` tinyint(3) unsigned NOT NULL DEFAULT 0,
  `created_at` timestamp NULL DEFAULT NULL,
  `updated_at` timestamp NULL DEFAULT NULL,
  PRIMARY KEY (`id`)
) ENGINE=InnoDB AUTO_INCREMENT=5 DEFAULT CHARSET=utf8mb4 COLLATE=utf8mb4_unicode_ci;
/*!40101 SET character_set_client = @saved_cs_client */;

--
-- Dumping data for table `categories`
--

LOCK TABLES `categories` WRITE;
/*!40000 ALTER TABLE `categories` DISABLE KEYS */;
INSERT INTO `categories` VALUES (1,'Ecommerce',0,'Et debitis quos molestias similique ut. Doloribus quis sit assumenda labore voluptates repudiandae sit. Qui sint cumque commodi laudantium totam iste. Unde dolor tempore vel quae qui minus aliquid.','published',1,'Botble\\ACL\\Models\\User',NULL,0,0,1,'2021-12-04 04:48:58','2021-12-04 04:48:58'),(2,'Fashion',0,'Repellendus eius illo ea corrupti rerum optio. Perferendis nam quis quos est cum. Impedit eum odit iste est qui ut quos accusantium. Impedit commodi rerum eos deleniti facilis eveniet expedita.','published',1,'Botble\\ACL\\Models\\User',NULL,0,1,0,'2021-12-04 04:48:58','2021-12-04 04:48:58'),(3,'Electronic',0,'Praesentium et nostrum repellendus debitis nostrum harum. Magni vitae laborum repellat voluptas. Dolores vel saepe iste beatae. Odit minima quia iure voluptas nihil et.','published',1,'Botble\\ACL\\Models\\User',NULL,0,1,0,'2021-12-04 04:48:58','2021-12-04 04:48:58'),(4,'Commercial',0,'Soluta quae vel inventore deserunt nulla aut. Aut alias ullam commodi ipsa provident. Hic quod autem alias voluptatum facere omnis tempora officiis.','published',1,'Botble\\ACL\\Models\\User',NULL,0,1,0,'2021-12-04 04:48:58','2021-12-04 04:48:58');
/*!40000 ALTER TABLE `categories` ENABLE KEYS */;
UNLOCK TABLES;

--
-- Table structure for table `categories_translations`
--

DROP TABLE IF EXISTS `categories_translations`;
/*!40101 SET @saved_cs_client     = @@character_set_client */;
/*!40101 SET character_set_client = utf8 */;
CREATE TABLE `categories_translations` (
  `lang_code` varchar(191) COLLATE utf8mb4_unicode_ci NOT NULL,
  `categories_id` int(11) NOT NULL,
  `name` varchar(255) COLLATE utf8mb4_unicode_ci DEFAULT NULL,
  `description` varchar(400) COLLATE utf8mb4_unicode_ci DEFAULT NULL,
  PRIMARY KEY (`lang_code`,`categories_id`)
) ENGINE=InnoDB DEFAULT CHARSET=utf8mb4 COLLATE=utf8mb4_unicode_ci;
/*!40101 SET character_set_client = @saved_cs_client */;

--
-- Dumping data for table `categories_translations`
--

LOCK TABLES `categories_translations` WRITE;
/*!40000 ALTER TABLE `categories_translations` DISABLE KEYS */;
INSERT INTO `categories_translations` VALUES ('vi',1,'Thương mại điện tử',NULL),('vi',2,'Thời trang',NULL),('vi',3,'Điện tử',NULL),('vi',4,'Thương mại',NULL);
/*!40000 ALTER TABLE `categories_translations` ENABLE KEYS */;
UNLOCK TABLES;

--
-- Table structure for table `contact_replies`
--

DROP TABLE IF EXISTS `contact_replies`;
/*!40101 SET @saved_cs_client     = @@character_set_client */;
/*!40101 SET character_set_client = utf8 */;
CREATE TABLE `contact_replies` (
  `id` bigint(20) unsigned NOT NULL AUTO_INCREMENT,
  `message` longtext COLLATE utf8mb4_unicode_ci NOT NULL,
  `contact_id` int(11) NOT NULL,
  `created_at` timestamp NULL DEFAULT NULL,
  `updated_at` timestamp NULL DEFAULT NULL,
  PRIMARY KEY (`id`)
) ENGINE=InnoDB DEFAULT CHARSET=utf8mb4 COLLATE=utf8mb4_unicode_ci;
/*!40101 SET character_set_client = @saved_cs_client */;

--
-- Dumping data for table `contact_replies`
--

LOCK TABLES `contact_replies` WRITE;
/*!40000 ALTER TABLE `contact_replies` DISABLE KEYS */;
/*!40000 ALTER TABLE `contact_replies` ENABLE KEYS */;
UNLOCK TABLES;

--
-- Table structure for table `contacts`
--

DROP TABLE IF EXISTS `contacts`;
/*!40101 SET @saved_cs_client     = @@character_set_client */;
/*!40101 SET character_set_client = utf8 */;
CREATE TABLE `contacts` (
  `id` bigint(20) unsigned NOT NULL AUTO_INCREMENT,
  `name` varchar(60) COLLATE utf8mb4_unicode_ci NOT NULL,
  `email` varchar(60) COLLATE utf8mb4_unicode_ci NOT NULL,
  `phone` varchar(60) COLLATE utf8mb4_unicode_ci DEFAULT NULL,
  `address` varchar(120) COLLATE utf8mb4_unicode_ci DEFAULT NULL,
  `subject` varchar(120) COLLATE utf8mb4_unicode_ci DEFAULT NULL,
  `content` longtext COLLATE utf8mb4_unicode_ci NOT NULL,
  `status` varchar(60) COLLATE utf8mb4_unicode_ci NOT NULL DEFAULT 'unread',
  `created_at` timestamp NULL DEFAULT NULL,
  `updated_at` timestamp NULL DEFAULT NULL,
  PRIMARY KEY (`id`)
) ENGINE=InnoDB AUTO_INCREMENT=11 DEFAULT CHARSET=utf8mb4 COLLATE=utf8mb4_unicode_ci;
/*!40101 SET character_set_client = @saved_cs_client */;

--
-- Dumping data for table `contacts`
--

LOCK TABLES `contacts` WRITE;
/*!40000 ALTER TABLE `contacts` DISABLE KEYS */;
INSERT INTO `contacts` VALUES (1,'Vada Lakin','mitchell.breana@example.net','(832) 478-2313','47226 Jenkins Brooks\nMarvinmouth, WY 70209-1360','Et voluptas quam et hic exercitationem ut.','Rerum repudiandae harum hic odio. Provident deleniti eaque quam veritatis nihil fugit. Velit et qui quae autem quae. Quo ea libero deserunt quos asperiores quisquam. Dolorum voluptatem deleniti molestiae ducimus maiores accusantium. Mollitia dolorem pariatur aperiam odit deleniti facilis. Nulla quam id et aut dolores. Corporis consequatur ut ut mollitia recusandae possimus rem.','unread','2021-12-04 04:48:54','2021-12-04 04:48:54'),(2,'Dr. Nathaniel Ziemann V','abbott.abbie@example.net','689.771.7671','3088 Borer Extensions\nDelilahton, OK 44115','Commodi voluptate aut fugit impedit et officiis.','Mollitia vitae voluptatem et doloribus voluptas a. Velit facilis necessitatibus omnis tempora fugit voluptas saepe. Aut expedita placeat tempore debitis. Blanditiis eum doloribus ea. Deleniti quia doloremque omnis expedita quae velit quo maxime. Hic enim quidem et itaque illum nam iste explicabo. Nesciunt et porro ullam. Ea maiores voluptate sit ad doloribus aliquam. Non voluptatibus alias quia. Rerum non necessitatibus sed ipsam.','unread','2021-12-04 04:48:54','2021-12-04 04:48:54'),(3,'Llewellyn Kunze','alba18@example.org','731.240.0154','978 Arjun Wells\nYvonnehaven, MA 73620','Commodi pariatur eos eligendi hic autem.','Modi dolor et consequatur voluptates et. Aperiam quod placeat est ut quas ad. Placeat itaque quaerat et iusto voluptas aut. Repellendus omnis ut reprehenderit et sed. Aut et dolor tenetur architecto. Consequatur qui consequatur esse sed veniam quo. Sit praesentium totam voluptates. Tenetur cupiditate nam est eum aliquam sapiente. Eligendi voluptate repellendus pariatur illum esse.','read','2021-12-04 04:48:54','2021-12-04 04:48:54'),(4,'Dr. Leon Hermann','rdeckow@example.net','+1-217-470-1765','406 Adrain Park Apt. 853\nEast Dionview, PA 01728','Corporis in saepe molestias reprehenderit aut.','Cum eius sunt animi officiis rerum itaque quasi. Itaque expedita quia omnis cumque voluptates dolorem voluptatem. Recusandae voluptatum sint ut ut et molestias qui. Fugit delectus natus et ut et qui. Quidem quasi laboriosam quod enim et. Omnis dignissimos est quidem totam saepe. Dolores ullam dicta quibusdam voluptatem ab iste ut error. Aut quod ullam ullam odit cupiditate. Ipsa eveniet vel soluta occaecati facilis asperiores maxime.','unread','2021-12-04 04:48:54','2021-12-04 04:48:54'),(5,'Howell Rempel','jerad13@example.com','+17858505939','200 Skiles Wells\nNew Zeldaborough, NJ 97890-4648','Similique maiores qui vel cum cum.','Et et cupiditate commodi et modi. Esse incidunt sunt sequi itaque dolore architecto. Officia eveniet error nobis odit aperiam dolorem distinctio. Voluptatem suscipit doloribus aliquid quos ex aut fugiat. Delectus molestiae error enim veritatis atque dignissimos. Asperiores est eligendi sit quia. Quis perferendis atque repellat ratione. Nihil quia vitae velit corporis. Officia quis voluptatibus adipisci autem. Vel quo quo sint sint sit.','unread','2021-12-04 04:48:54','2021-12-04 04:48:54'),(6,'Berta Monahan Jr.','hammes.ronny@example.net','(657) 518-7364','25072 Mathias Way\nPort Carrollburgh, MA 12015','Aut sed quaerat nam autem sequi qui sunt.','Natus enim animi repellendus. Omnis consequatur velit aut commodi eos aut minima iusto. Ut neque molestias animi dolorum aliquam. Voluptatem beatae et nobis ratione quidem. Qui non soluta quas voluptas iusto. Sed iste labore quod ullam aut nihil. Voluptatem occaecati expedita corporis vero nihil magnam aperiam.','unread','2021-12-04 04:48:54','2021-12-04 04:48:54'),(7,'Jorge Veum MD','rafael79@example.org','320-223-1456','19000 Alia Shore\nLake Grantmouth, MT 07889-2236','Est a omnis eligendi recusandae animi fuga.','Nostrum explicabo architecto corporis animi aliquid ut. Quis autem suscipit commodi exercitationem delectus a qui. Sapiente mollitia ut earum cupiditate asperiores. Vel non voluptatum fuga ullam quas illum. Corrupti ducimus dolorem temporibus rerum velit vel qui. Perferendis et enim repudiandae nam nihil dolor ipsam. Rem consequuntur voluptates ut aut et autem. Qui illo explicabo sit occaecati iste.','unread','2021-12-04 04:48:54','2021-12-04 04:48:54'),(8,'Darrel O\'Reilly','ystehr@example.org','701-315-6045','78756 Caleigh Isle\nEast Lonzofurt, WY 61106-8709','Voluptas voluptas dolor labore molestiae.','Voluptates perferendis odio quis quisquam quo vitae repellat fugiat. Autem ducimus temporibus expedita ratione sint sit. Non ipsa enim nam autem autem qui id. Odit id modi mollitia commodi et cum ut accusantium. Animi fuga in occaecati. Corrupti ut ullam voluptatum sint reiciendis eum. Veritatis iste accusantium velit voluptatem maiores et.','read','2021-12-04 04:48:54','2021-12-04 04:48:54'),(9,'Dr. Eusebio Lebsack MD','sallie64@example.com','+1-912-463-6453','755 Konopelski Shoals Apt. 606\nNew Erinland, NC 80160-3608','Et fugit assumenda architecto dolorem.','Dolorem sunt sunt esse molestiae. Culpa ipsa voluptatem nisi sit rerum temporibus cum. Quo error ullam delectus ut. Aut minus voluptate possimus assumenda culpa accusamus. Iure fugit qui ut recusandae. Non alias ut et consequatur. Repudiandae et numquam qui voluptatum aspernatur. Et excepturi excepturi consequatur illum ea. Cumque facere eveniet et eaque molestias aut aut. Sed labore aut eligendi qui. Porro iste alias non. Laboriosam et dolor enim quisquam.','unread','2021-12-04 04:48:54','2021-12-04 04:48:54'),(10,'Blake Maggio','kathleen.oconner@example.net','+1.423.582.0480','43082 Kyleigh Point\nNew Quintenborough, IN 74568-1641','Dolores non et necessitatibus quis voluptatem.','Et perspiciatis laudantium eos ipsam possimus magnam. Quia a ut fuga. Accusantium ipsam dicta consequuntur officiis cumque eligendi consequatur harum. Eius perferendis voluptatem ullam assumenda laborum consequatur. Molestias rem et aperiam doloribus ea. Enim sint voluptatem in aut veritatis et. Et et alias ab facere consequuntur. Porro et et rerum qui porro et sunt. Asperiores quo voluptatem praesentium nobis sit quas sed.','unread','2021-12-04 04:48:54','2021-12-04 04:48:54');
/*!40000 ALTER TABLE `contacts` ENABLE KEYS */;
UNLOCK TABLES;

--
-- Table structure for table `dashboard_widget_settings`
--

DROP TABLE IF EXISTS `dashboard_widget_settings`;
/*!40101 SET @saved_cs_client     = @@character_set_client */;
/*!40101 SET character_set_client = utf8 */;
CREATE TABLE `dashboard_widget_settings` (
  `id` bigint(20) unsigned NOT NULL AUTO_INCREMENT,
  `settings` text COLLATE utf8mb4_unicode_ci DEFAULT NULL,
  `user_id` int(10) unsigned NOT NULL,
  `widget_id` int(10) unsigned NOT NULL,
  `order` tinyint(3) unsigned NOT NULL DEFAULT 0,
  `status` tinyint(3) unsigned NOT NULL DEFAULT 1,
  `created_at` timestamp NULL DEFAULT NULL,
  `updated_at` timestamp NULL DEFAULT NULL,
  PRIMARY KEY (`id`),
  KEY `dashboard_widget_settings_user_id_index` (`user_id`),
  KEY `dashboard_widget_settings_widget_id_index` (`widget_id`)
) ENGINE=InnoDB DEFAULT CHARSET=utf8mb4 COLLATE=utf8mb4_unicode_ci;
/*!40101 SET character_set_client = @saved_cs_client */;

--
-- Dumping data for table `dashboard_widget_settings`
--

LOCK TABLES `dashboard_widget_settings` WRITE;
/*!40000 ALTER TABLE `dashboard_widget_settings` DISABLE KEYS */;
/*!40000 ALTER TABLE `dashboard_widget_settings` ENABLE KEYS */;
UNLOCK TABLES;

--
-- Table structure for table `dashboard_widgets`
--

DROP TABLE IF EXISTS `dashboard_widgets`;
/*!40101 SET @saved_cs_client     = @@character_set_client */;
/*!40101 SET character_set_client = utf8 */;
CREATE TABLE `dashboard_widgets` (
  `id` bigint(20) unsigned NOT NULL AUTO_INCREMENT,
  `name` varchar(120) COLLATE utf8mb4_unicode_ci NOT NULL,
  `created_at` timestamp NULL DEFAULT NULL,
  `updated_at` timestamp NULL DEFAULT NULL,
  PRIMARY KEY (`id`)
) ENGINE=InnoDB DEFAULT CHARSET=utf8mb4 COLLATE=utf8mb4_unicode_ci;
/*!40101 SET character_set_client = @saved_cs_client */;

--
-- Dumping data for table `dashboard_widgets`
--

LOCK TABLES `dashboard_widgets` WRITE;
/*!40000 ALTER TABLE `dashboard_widgets` DISABLE KEYS */;
/*!40000 ALTER TABLE `dashboard_widgets` ENABLE KEYS */;
UNLOCK TABLES;

--
-- Table structure for table `ec_brands`
--

DROP TABLE IF EXISTS `ec_brands`;
/*!40101 SET @saved_cs_client     = @@character_set_client */;
/*!40101 SET character_set_client = utf8 */;
CREATE TABLE `ec_brands` (
  `id` bigint(20) unsigned NOT NULL AUTO_INCREMENT,
  `name` varchar(191) COLLATE utf8mb4_unicode_ci NOT NULL,
  `description` mediumtext COLLATE utf8mb4_unicode_ci DEFAULT NULL,
  `website` varchar(255) COLLATE utf8mb4_unicode_ci DEFAULT NULL,
  `logo` varchar(255) COLLATE utf8mb4_unicode_ci DEFAULT NULL,
  `status` varchar(60) COLLATE utf8mb4_unicode_ci NOT NULL DEFAULT 'published',
  `order` tinyint(3) unsigned NOT NULL DEFAULT 0,
  `is_featured` tinyint(3) unsigned NOT NULL DEFAULT 0,
  `created_at` timestamp NULL DEFAULT NULL,
  `updated_at` timestamp NULL DEFAULT NULL,
  PRIMARY KEY (`id`)
) ENGINE=InnoDB AUTO_INCREMENT=8 DEFAULT CHARSET=utf8mb4 COLLATE=utf8mb4_unicode_ci;
/*!40101 SET character_set_client = @saved_cs_client */;

--
-- Dumping data for table `ec_brands`
--

LOCK TABLES `ec_brands` WRITE;
/*!40000 ALTER TABLE `ec_brands` DISABLE KEYS */;
INSERT INTO `ec_brands` VALUES (1,'Fashion live',NULL,NULL,'brands/1.jpg','published',0,1,'2021-12-04 04:48:34','2021-12-04 04:48:34'),(2,'Hand crafted',NULL,NULL,'brands/2.jpg','published',1,1,'2021-12-04 04:48:34','2021-12-04 04:48:34'),(3,'Mestonix',NULL,NULL,'brands/3.jpg','published',2,1,'2021-12-04 04:48:34','2021-12-04 04:48:34'),(4,'Sunshine',NULL,NULL,'brands/4.jpg','published',3,1,'2021-12-04 04:48:34','2021-12-04 04:48:34'),(5,'Pure',NULL,NULL,'brands/5.jpg','published',4,1,'2021-12-04 04:48:34','2021-12-04 04:48:34'),(6,'Anfold',NULL,NULL,'brands/6.jpg','published',5,1,'2021-12-04 04:48:34','2021-12-04 04:48:34'),(7,'Automotive',NULL,NULL,'brands/7.jpg','published',6,1,'2021-12-04 04:48:34','2021-12-04 04:48:34');
/*!40000 ALTER TABLE `ec_brands` ENABLE KEYS */;
UNLOCK TABLES;

--
-- Table structure for table `ec_brands_translations`
--

DROP TABLE IF EXISTS `ec_brands_translations`;
/*!40101 SET @saved_cs_client     = @@character_set_client */;
/*!40101 SET character_set_client = utf8 */;
CREATE TABLE `ec_brands_translations` (
  `lang_code` varchar(191) COLLATE utf8mb4_unicode_ci NOT NULL,
  `ec_brands_id` int(11) NOT NULL,
  `name` varchar(191) COLLATE utf8mb4_unicode_ci DEFAULT NULL,
  `description` varchar(191) COLLATE utf8mb4_unicode_ci DEFAULT NULL,
  PRIMARY KEY (`lang_code`,`ec_brands_id`)
) ENGINE=InnoDB DEFAULT CHARSET=utf8mb4 COLLATE=utf8mb4_unicode_ci;
/*!40101 SET character_set_client = @saved_cs_client */;

--
-- Dumping data for table `ec_brands_translations`
--

LOCK TABLES `ec_brands_translations` WRITE;
/*!40000 ALTER TABLE `ec_brands_translations` DISABLE KEYS */;
INSERT INTO `ec_brands_translations` VALUES ('vi',1,'Fashion live',NULL),('vi',2,'Hand crafted',NULL),('vi',3,'Mestonix',NULL),('vi',4,'Sunshine',NULL),('vi',5,'Pure',NULL),('vi',6,'Anfold',NULL),('vi',7,'Automotive',NULL);
/*!40000 ALTER TABLE `ec_brands_translations` ENABLE KEYS */;
UNLOCK TABLES;

--
-- Table structure for table `ec_cart`
--

DROP TABLE IF EXISTS `ec_cart`;
/*!40101 SET @saved_cs_client     = @@character_set_client */;
/*!40101 SET character_set_client = utf8 */;
CREATE TABLE `ec_cart` (
  `identifier` varchar(191) COLLATE utf8mb4_unicode_ci NOT NULL,
  `instance` varchar(191) COLLATE utf8mb4_unicode_ci NOT NULL,
  `content` longtext COLLATE utf8mb4_unicode_ci NOT NULL,
  `created_at` timestamp NULL DEFAULT NULL,
  `updated_at` timestamp NULL DEFAULT NULL,
  PRIMARY KEY (`identifier`,`instance`)
) ENGINE=InnoDB DEFAULT CHARSET=utf8mb4 COLLATE=utf8mb4_unicode_ci;
/*!40101 SET character_set_client = @saved_cs_client */;

--
-- Dumping data for table `ec_cart`
--

LOCK TABLES `ec_cart` WRITE;
/*!40000 ALTER TABLE `ec_cart` DISABLE KEYS */;
/*!40000 ALTER TABLE `ec_cart` ENABLE KEYS */;
UNLOCK TABLES;

--
-- Table structure for table `ec_currencies`
--

DROP TABLE IF EXISTS `ec_currencies`;
/*!40101 SET @saved_cs_client     = @@character_set_client */;
/*!40101 SET character_set_client = utf8 */;
CREATE TABLE `ec_currencies` (
  `id` bigint(20) unsigned NOT NULL AUTO_INCREMENT,
  `title` varchar(191) COLLATE utf8mb4_unicode_ci NOT NULL,
  `symbol` varchar(10) COLLATE utf8mb4_unicode_ci NOT NULL,
  `is_prefix_symbol` tinyint(3) unsigned NOT NULL DEFAULT 0,
  `decimals` tinyint(3) unsigned DEFAULT 0,
  `order` int(10) unsigned DEFAULT 0,
  `is_default` tinyint(4) NOT NULL DEFAULT 0,
  `exchange_rate` double NOT NULL DEFAULT 1,
  `created_at` timestamp NULL DEFAULT NULL,
  `updated_at` timestamp NULL DEFAULT NULL,
  PRIMARY KEY (`id`)
) ENGINE=InnoDB AUTO_INCREMENT=4 DEFAULT CHARSET=utf8mb4 COLLATE=utf8mb4_unicode_ci;
/*!40101 SET character_set_client = @saved_cs_client */;

--
-- Dumping data for table `ec_currencies`
--

LOCK TABLES `ec_currencies` WRITE;
/*!40000 ALTER TABLE `ec_currencies` DISABLE KEYS */;
INSERT INTO `ec_currencies` VALUES (1,'USD','$',1,2,0,1,1,'2021-12-04 04:48:34','2021-12-04 04:48:34'),(2,'EUR','€',0,2,1,0,0.84,'2021-12-04 04:48:34','2021-12-04 04:48:34'),(3,'VND','₫',0,0,2,0,23203,'2021-12-04 04:48:34','2021-12-04 04:48:34');
/*!40000 ALTER TABLE `ec_currencies` ENABLE KEYS */;
UNLOCK TABLES;

--
-- Table structure for table `ec_customer_addresses`
--

DROP TABLE IF EXISTS `ec_customer_addresses`;
/*!40101 SET @saved_cs_client     = @@character_set_client */;
/*!40101 SET character_set_client = utf8 */;
CREATE TABLE `ec_customer_addresses` (
  `id` bigint(20) unsigned NOT NULL AUTO_INCREMENT,
  `name` varchar(191) COLLATE utf8mb4_unicode_ci NOT NULL,
  `email` varchar(60) COLLATE utf8mb4_unicode_ci DEFAULT NULL,
  `phone` varchar(20) COLLATE utf8mb4_unicode_ci DEFAULT NULL,
  `country` varchar(120) COLLATE utf8mb4_unicode_ci DEFAULT NULL,
  `state` varchar(120) COLLATE utf8mb4_unicode_ci DEFAULT NULL,
  `city` varchar(120) COLLATE utf8mb4_unicode_ci DEFAULT NULL,
  `address` varchar(191) COLLATE utf8mb4_unicode_ci NOT NULL,
  `customer_id` int(10) unsigned NOT NULL,
  `is_default` tinyint(3) unsigned NOT NULL DEFAULT 0,
  `created_at` timestamp NULL DEFAULT NULL,
  `updated_at` timestamp NULL DEFAULT NULL,
  `zip_code` varchar(20) COLLATE utf8mb4_unicode_ci DEFAULT NULL,
  PRIMARY KEY (`id`)
) ENGINE=InnoDB AUTO_INCREMENT=13 DEFAULT CHARSET=utf8mb4 COLLATE=utf8mb4_unicode_ci;
/*!40101 SET character_set_client = @saved_cs_client */;

--
-- Dumping data for table `ec_customer_addresses`
--

LOCK TABLES `ec_customer_addresses` WRITE;
/*!40000 ALTER TABLE `ec_customer_addresses` DISABLE KEYS */;
INSERT INTO `ec_customer_addresses` VALUES (1,'Alfredo Heidenreich','customer@botble.com','+12547731957','SZ','South Carolina','Rasheedberg','33017 Domenic Centers Suite 627',1,1,'2021-12-04 04:48:51','2021-12-04 04:48:51','49958-7746'),(2,'Alfredo Heidenreich','customer@botble.com','+14128787506','IQ','Florida','Hoegerbury','877 Scarlett Creek Apt. 241',1,0,'2021-12-04 04:48:51','2021-12-04 04:48:51','00702'),(3,'Dr. Keira Lowe','vendor@botble.com','+12620162178','NR','Wyoming','West Vladimir','72624 Moen Hill',2,1,'2021-12-04 04:48:51','2021-12-04 04:48:51','63771'),(4,'Dr. Keira Lowe','vendor@botble.com','+13214164139','AF','Louisiana','Demarcotown','472 Shields Coves Apt. 877',2,0,'2021-12-04 04:48:51','2021-12-04 04:48:51','14090'),(5,'Ciara Bailey','zoe40@example.org','+18284940216','GH','Massachusetts','New Zachariah','33655 Barrows Center',3,1,'2021-12-04 04:48:51','2021-12-04 04:48:51','13581-4088'),(6,'Deshawn Cummings','heber.okeefe@example.net','+17267186364','KE','Wisconsin','West Adolphusfort','50851 Gleason Plaza Apt. 688',4,1,'2021-12-04 04:48:51','2021-12-04 04:48:51','22197'),(7,'Weston Pacocha','mohr.bria@example.com','+13612165341','SO','Minnesota','Keeblerfort','2148 Wunsch Forges Suite 392',5,1,'2021-12-04 04:48:51','2021-12-04 04:48:51','06786'),(8,'Miss Katelyn Ruecker Jr.','cassie84@example.org','+15409849313','DM','Washington','North Yoshikohaven','52973 Harris Hollow',6,1,'2021-12-04 04:48:51','2021-12-04 04:48:51','72492'),(9,'Jadyn Streich','jenifer95@example.org','+18286852103','TT','Idaho','Port Reyes','98510 Mertz Ville Apt. 436',7,1,'2021-12-04 04:48:52','2021-12-04 04:48:52','51858-7411'),(10,'Holly Weber IV','rogelio48@example.com','+13027172335','IQ','North Dakota','Lake Sierra','416 Keagan Lane Suite 758',8,1,'2021-12-04 04:48:52','2021-12-04 04:48:52','74767-7147'),(11,'Mr. Roy Gaylord Sr.','dmertz@example.net','+12312375963','JP','Florida','Moenborough','6056 Gislason Burgs',9,1,'2021-12-04 04:48:52','2021-12-04 04:48:52','63536'),(12,'Nelson Hickle','jerod40@example.net','+15733994845','JE','Oregon','New Darrelltown','88462 Dana Extensions',10,1,'2021-12-04 04:48:52','2021-12-04 04:48:52','29086-1037');
/*!40000 ALTER TABLE `ec_customer_addresses` ENABLE KEYS */;
UNLOCK TABLES;

--
-- Table structure for table `ec_customer_password_resets`
--

DROP TABLE IF EXISTS `ec_customer_password_resets`;
/*!40101 SET @saved_cs_client     = @@character_set_client */;
/*!40101 SET character_set_client = utf8 */;
CREATE TABLE `ec_customer_password_resets` (
  `email` varchar(191) COLLATE utf8mb4_unicode_ci NOT NULL,
  `token` varchar(191) COLLATE utf8mb4_unicode_ci NOT NULL,
  `created_at` timestamp NULL DEFAULT NULL,
  KEY `ec_customer_password_resets_email_index` (`email`),
  KEY `ec_customer_password_resets_token_index` (`token`)
) ENGINE=InnoDB DEFAULT CHARSET=utf8mb4 COLLATE=utf8mb4_unicode_ci;
/*!40101 SET character_set_client = @saved_cs_client */;

--
-- Dumping data for table `ec_customer_password_resets`
--

LOCK TABLES `ec_customer_password_resets` WRITE;
/*!40000 ALTER TABLE `ec_customer_password_resets` DISABLE KEYS */;
/*!40000 ALTER TABLE `ec_customer_password_resets` ENABLE KEYS */;
UNLOCK TABLES;

--
-- Table structure for table `ec_customers`
--

DROP TABLE IF EXISTS `ec_customers`;
/*!40101 SET @saved_cs_client     = @@character_set_client */;
/*!40101 SET character_set_client = utf8 */;
CREATE TABLE `ec_customers` (
  `id` bigint(20) unsigned NOT NULL AUTO_INCREMENT,
  `name` varchar(191) COLLATE utf8mb4_unicode_ci NOT NULL,
  `email` varchar(191) COLLATE utf8mb4_unicode_ci NOT NULL,
  `password` varchar(191) COLLATE utf8mb4_unicode_ci NOT NULL,
  `avatar` varchar(255) COLLATE utf8mb4_unicode_ci DEFAULT NULL,
  `dob` date DEFAULT NULL,
  `phone` varchar(25) COLLATE utf8mb4_unicode_ci DEFAULT NULL,
  `remember_token` varchar(100) COLLATE utf8mb4_unicode_ci DEFAULT NULL,
  `created_at` timestamp NULL DEFAULT NULL,
  `updated_at` timestamp NULL DEFAULT NULL,
  `confirmed_at` datetime DEFAULT NULL,
  `email_verify_token` varchar(120) COLLATE utf8mb4_unicode_ci DEFAULT NULL,
  `is_vendor` tinyint(1) NOT NULL DEFAULT 0,
  `vendor_verified_at` datetime DEFAULT NULL,
  `status` varchar(60) COLLATE utf8mb4_unicode_ci NOT NULL DEFAULT 'activated',
  PRIMARY KEY (`id`),
  UNIQUE KEY `ec_customers_email_unique` (`email`)
) ENGINE=InnoDB AUTO_INCREMENT=11 DEFAULT CHARSET=utf8mb4 COLLATE=utf8mb4_unicode_ci;
/*!40101 SET character_set_client = @saved_cs_client */;

--
-- Dumping data for table `ec_customers`
--

LOCK TABLES `ec_customers` WRITE;
/*!40000 ALTER TABLE `ec_customers` DISABLE KEYS */;
INSERT INTO `ec_customers` VALUES (1,'Alfredo Heidenreich','customer@botble.com','$2y$10$U.Hkp7A1dJ.p.Mw8n7jdJej2WDMstZuRHabFs0TovpkOfqpoIWT36','customers/1.jpg',NULL,'+17736504032',NULL,'2021-12-04 04:48:51','2021-12-04 04:48:51','2021-12-04 11:48:51',NULL,0,NULL,'activated'),(2,'Dr. Keira Lowe','vendor@botble.com','$2y$10$8mdXYkirrAPodSm3RlRFzuVyKxaQjv.A9166n7W2Ac3xHuJCf4KJe','customers/7.jpg',NULL,'+18781588668',NULL,'2021-12-04 04:48:51','2021-12-04 04:49:06','2021-12-04 11:48:51',NULL,1,'2021-12-04 11:49:06','activated'),(3,'Ciara Bailey','zoe40@example.org','$2y$10$HP1jqlZQ4mG3Xeqjl1oRRO5WBU4ajDjM6lACSh7aMdM8GjgwEc8CC','customers/1.jpg',NULL,'+16030966186',NULL,'2021-12-04 04:48:51','2021-12-04 04:49:06','2021-12-04 11:48:51',NULL,1,'2021-12-04 11:49:06','activated'),(4,'Deshawn Cummings','heber.okeefe@example.net','$2y$10$6j8j8ueIz6ZnvnSkHtof5Ob4ud.oRBDOE9vqOUE1RxLCiHFH5sIjK','customers/2.jpg',NULL,'+18307064385',NULL,'2021-12-04 04:48:51','2021-12-04 04:49:07','2021-12-04 11:48:51',NULL,1,'2021-12-04 11:49:07','activated'),(5,'Weston Pacocha','mohr.bria@example.com','$2y$10$G7oqhr1TD5xbJfdYdVBd2eSl/NWw1Yc3RLZveRf5MPViHLrRVRajq','customers/3.jpg',NULL,'+15306576082',NULL,'2021-12-04 04:48:51','2021-12-04 04:49:07','2021-12-04 11:48:51',NULL,1,'2021-12-04 11:49:07','activated'),(6,'Miss Katelyn Ruecker Jr.','cassie84@example.org','$2y$10$YN4KOOEi1Kg6gfRpTJ9j4u.hXKxhARqH0LZ2xAx/l5ua6PuW1rAci','customers/4.jpg',NULL,'+19406085499',NULL,'2021-12-04 04:48:51','2021-12-04 04:48:51','2021-12-04 11:48:51',NULL,0,NULL,'activated'),(7,'Jadyn Streich','jenifer95@example.org','$2y$10$.YhRIcqIl.564hEwCq9pA./VSW04aY684rGT8KOuKo8U5fI4k7ei6','customers/5.jpg',NULL,'+15047803686',NULL,'2021-12-04 04:48:52','2021-12-04 04:48:52','2021-12-04 11:48:52',NULL,0,NULL,'activated'),(8,'Holly Weber IV','rogelio48@example.com','$2y$10$X3FMQNPgEsQ85wYeH.hoje5KRwHX1.NSjvu7lYxAI7sJ0n2SBuw..','customers/6.jpg',NULL,'+12531323312',NULL,'2021-12-04 04:48:52','2021-12-04 04:49:07','2021-12-04 11:48:52',NULL,1,'2021-12-04 11:49:07','activated'),(9,'Mr. Roy Gaylord Sr.','dmertz@example.net','$2y$10$Lkg9.H4FK33/X.5FJ1sgP.cG10GP1ohdMbbWMW/jJsbTX2OWylAKe','customers/7.jpg',NULL,'+13314115513',NULL,'2021-12-04 04:48:52','2021-12-04 04:49:07','2021-12-04 11:48:52',NULL,1,'2021-12-04 11:49:07','activated'),(10,'Nelson Hickle','jerod40@example.net','$2y$10$jkq3QuvEIxxvic1YZDfeIuKMNsXKLWPctXA8Z/OkYXpFkUWBPO/eW','customers/8.jpg',NULL,'+16162037988',NULL,'2021-12-04 04:48:52','2021-12-04 04:48:52','2021-12-04 11:48:52',NULL,0,NULL,'activated');
/*!40000 ALTER TABLE `ec_customers` ENABLE KEYS */;
UNLOCK TABLES;

--
-- Table structure for table `ec_discount_customers`
--

DROP TABLE IF EXISTS `ec_discount_customers`;
/*!40101 SET @saved_cs_client     = @@character_set_client */;
/*!40101 SET character_set_client = utf8 */;
CREATE TABLE `ec_discount_customers` (
  `discount_id` int(10) unsigned NOT NULL,
  `customer_id` int(10) unsigned NOT NULL,
  PRIMARY KEY (`discount_id`,`customer_id`)
) ENGINE=InnoDB DEFAULT CHARSET=utf8mb4 COLLATE=utf8mb4_unicode_ci;
/*!40101 SET character_set_client = @saved_cs_client */;

--
-- Dumping data for table `ec_discount_customers`
--

LOCK TABLES `ec_discount_customers` WRITE;
/*!40000 ALTER TABLE `ec_discount_customers` DISABLE KEYS */;
/*!40000 ALTER TABLE `ec_discount_customers` ENABLE KEYS */;
UNLOCK TABLES;

--
-- Table structure for table `ec_discount_product_collections`
--

DROP TABLE IF EXISTS `ec_discount_product_collections`;
/*!40101 SET @saved_cs_client     = @@character_set_client */;
/*!40101 SET character_set_client = utf8 */;
CREATE TABLE `ec_discount_product_collections` (
  `discount_id` int(10) unsigned NOT NULL,
  `product_collection_id` int(10) unsigned NOT NULL,
  PRIMARY KEY (`discount_id`,`product_collection_id`)
) ENGINE=InnoDB DEFAULT CHARSET=utf8mb4 COLLATE=utf8mb4_unicode_ci;
/*!40101 SET character_set_client = @saved_cs_client */;

--
-- Dumping data for table `ec_discount_product_collections`
--

LOCK TABLES `ec_discount_product_collections` WRITE;
/*!40000 ALTER TABLE `ec_discount_product_collections` DISABLE KEYS */;
/*!40000 ALTER TABLE `ec_discount_product_collections` ENABLE KEYS */;
UNLOCK TABLES;

--
-- Table structure for table `ec_discount_products`
--

DROP TABLE IF EXISTS `ec_discount_products`;
/*!40101 SET @saved_cs_client     = @@character_set_client */;
/*!40101 SET character_set_client = utf8 */;
CREATE TABLE `ec_discount_products` (
  `discount_id` int(10) unsigned NOT NULL,
  `product_id` int(10) unsigned NOT NULL,
  PRIMARY KEY (`discount_id`,`product_id`)
) ENGINE=InnoDB DEFAULT CHARSET=utf8mb4 COLLATE=utf8mb4_unicode_ci;
/*!40101 SET character_set_client = @saved_cs_client */;

--
-- Dumping data for table `ec_discount_products`
--

LOCK TABLES `ec_discount_products` WRITE;
/*!40000 ALTER TABLE `ec_discount_products` DISABLE KEYS */;
/*!40000 ALTER TABLE `ec_discount_products` ENABLE KEYS */;
UNLOCK TABLES;

--
-- Table structure for table `ec_discounts`
--

DROP TABLE IF EXISTS `ec_discounts`;
/*!40101 SET @saved_cs_client     = @@character_set_client */;
/*!40101 SET character_set_client = utf8 */;
CREATE TABLE `ec_discounts` (
  `id` bigint(20) unsigned NOT NULL AUTO_INCREMENT,
  `title` varchar(120) COLLATE utf8mb4_unicode_ci DEFAULT NULL,
  `code` varchar(20) COLLATE utf8mb4_unicode_ci DEFAULT NULL,
  `start_date` datetime DEFAULT NULL,
  `end_date` datetime DEFAULT NULL,
  `quantity` int(11) DEFAULT NULL,
  `total_used` int(10) unsigned NOT NULL DEFAULT 0,
  `value` double DEFAULT NULL,
  `type` varchar(60) COLLATE utf8mb4_unicode_ci DEFAULT 'coupon',
  `can_use_with_promotion` tinyint(1) NOT NULL DEFAULT 0,
  `discount_on` varchar(20) COLLATE utf8mb4_unicode_ci DEFAULT NULL,
  `product_quantity` int(10) unsigned DEFAULT NULL,
  `type_option` varchar(100) COLLATE utf8mb4_unicode_ci NOT NULL DEFAULT 'amount',
  `target` varchar(100) COLLATE utf8mb4_unicode_ci NOT NULL DEFAULT 'all-orders',
  `min_order_price` decimal(15,2) DEFAULT NULL,
  `created_at` timestamp NULL DEFAULT NULL,
  `updated_at` timestamp NULL DEFAULT NULL,
  `store_id` int(10) unsigned DEFAULT NULL,
  PRIMARY KEY (`id`),
  UNIQUE KEY `ec_discounts_code_unique` (`code`)
) ENGINE=InnoDB DEFAULT CHARSET=utf8mb4 COLLATE=utf8mb4_unicode_ci;
/*!40101 SET character_set_client = @saved_cs_client */;

--
-- Dumping data for table `ec_discounts`
--

LOCK TABLES `ec_discounts` WRITE;
/*!40000 ALTER TABLE `ec_discounts` DISABLE KEYS */;
/*!40000 ALTER TABLE `ec_discounts` ENABLE KEYS */;
UNLOCK TABLES;

--
-- Table structure for table `ec_flash_sale_products`
--

DROP TABLE IF EXISTS `ec_flash_sale_products`;
/*!40101 SET @saved_cs_client     = @@character_set_client */;
/*!40101 SET character_set_client = utf8 */;
CREATE TABLE `ec_flash_sale_products` (
  `flash_sale_id` int(10) unsigned NOT NULL,
  `product_id` int(10) unsigned NOT NULL,
  `price` double unsigned DEFAULT NULL,
  `quantity` int(10) unsigned DEFAULT NULL,
  `sold` int(10) unsigned NOT NULL DEFAULT 0
) ENGINE=InnoDB DEFAULT CHARSET=utf8mb4 COLLATE=utf8mb4_unicode_ci;
/*!40101 SET character_set_client = @saved_cs_client */;

--
-- Dumping data for table `ec_flash_sale_products`
--

LOCK TABLES `ec_flash_sale_products` WRITE;
/*!40000 ALTER TABLE `ec_flash_sale_products` DISABLE KEYS */;
INSERT INTO `ec_flash_sale_products` VALUES (1,1,50.5575,8,1),(1,2,19.44,19,4),(1,3,7.4,8,2),(1,4,200.039,20,1),(1,5,503.44,10,5),(1,6,124.62,16,3),(1,7,469.78,11,2),(1,8,793.2672,15,2),(1,9,332.92,18,5),(1,10,794.88,18,2);
/*!40000 ALTER TABLE `ec_flash_sale_products` ENABLE KEYS */;
UNLOCK TABLES;

--
-- Table structure for table `ec_flash_sales`
--

DROP TABLE IF EXISTS `ec_flash_sales`;
/*!40101 SET @saved_cs_client     = @@character_set_client */;
/*!40101 SET character_set_client = utf8 */;
CREATE TABLE `ec_flash_sales` (
  `id` bigint(20) unsigned NOT NULL AUTO_INCREMENT,
  `name` varchar(255) COLLATE utf8mb4_unicode_ci NOT NULL,
  `end_date` datetime NOT NULL,
  `status` varchar(60) COLLATE utf8mb4_unicode_ci NOT NULL DEFAULT 'published',
  `created_at` timestamp NULL DEFAULT NULL,
  `updated_at` timestamp NULL DEFAULT NULL,
  PRIMARY KEY (`id`)
) ENGINE=InnoDB AUTO_INCREMENT=2 DEFAULT CHARSET=utf8mb4 COLLATE=utf8mb4_unicode_ci;
/*!40101 SET character_set_client = @saved_cs_client */;

--
-- Dumping data for table `ec_flash_sales`
--

LOCK TABLES `ec_flash_sales` WRITE;
/*!40000 ALTER TABLE `ec_flash_sales` DISABLE KEYS */;
INSERT INTO `ec_flash_sales` VALUES (1,'Winter Sale','2022-01-03 00:00:00','published','2021-12-04 04:48:53','2021-12-04 04:48:53');
/*!40000 ALTER TABLE `ec_flash_sales` ENABLE KEYS */;
UNLOCK TABLES;

--
-- Table structure for table `ec_flash_sales_translations`
--

DROP TABLE IF EXISTS `ec_flash_sales_translations`;
/*!40101 SET @saved_cs_client     = @@character_set_client */;
/*!40101 SET character_set_client = utf8 */;
CREATE TABLE `ec_flash_sales_translations` (
  `lang_code` varchar(191) COLLATE utf8mb4_unicode_ci NOT NULL,
  `ec_flash_sales_id` int(11) NOT NULL,
  `name` varchar(191) COLLATE utf8mb4_unicode_ci DEFAULT NULL,
  PRIMARY KEY (`lang_code`,`ec_flash_sales_id`)
) ENGINE=InnoDB DEFAULT CHARSET=utf8mb4 COLLATE=utf8mb4_unicode_ci;
/*!40101 SET character_set_client = @saved_cs_client */;

--
-- Dumping data for table `ec_flash_sales_translations`
--

LOCK TABLES `ec_flash_sales_translations` WRITE;
/*!40000 ALTER TABLE `ec_flash_sales_translations` DISABLE KEYS */;
INSERT INTO `ec_flash_sales_translations` VALUES ('vi',1,'Khuyến mãi mùa đông.');
/*!40000 ALTER TABLE `ec_flash_sales_translations` ENABLE KEYS */;
UNLOCK TABLES;

--
-- Table structure for table `ec_grouped_products`
--

DROP TABLE IF EXISTS `ec_grouped_products`;
/*!40101 SET @saved_cs_client     = @@character_set_client */;
/*!40101 SET character_set_client = utf8 */;
CREATE TABLE `ec_grouped_products` (
  `id` bigint(20) unsigned NOT NULL AUTO_INCREMENT,
  `parent_product_id` int(10) unsigned NOT NULL,
  `product_id` int(10) unsigned NOT NULL,
  `fixed_qty` int(11) NOT NULL DEFAULT 1,
  PRIMARY KEY (`id`)
) ENGINE=InnoDB DEFAULT CHARSET=utf8mb4 COLLATE=utf8mb4_unicode_ci;
/*!40101 SET character_set_client = @saved_cs_client */;

--
-- Dumping data for table `ec_grouped_products`
--

LOCK TABLES `ec_grouped_products` WRITE;
/*!40000 ALTER TABLE `ec_grouped_products` DISABLE KEYS */;
/*!40000 ALTER TABLE `ec_grouped_products` ENABLE KEYS */;
UNLOCK TABLES;

--
-- Table structure for table `ec_order_addresses`
--

DROP TABLE IF EXISTS `ec_order_addresses`;
/*!40101 SET @saved_cs_client     = @@character_set_client */;
/*!40101 SET character_set_client = utf8 */;
CREATE TABLE `ec_order_addresses` (
  `id` bigint(20) unsigned NOT NULL AUTO_INCREMENT,
  `name` varchar(191) COLLATE utf8mb4_unicode_ci NOT NULL,
  `phone` varchar(20) COLLATE utf8mb4_unicode_ci DEFAULT NULL,
  `email` varchar(191) COLLATE utf8mb4_unicode_ci DEFAULT NULL,
  `country` varchar(120) COLLATE utf8mb4_unicode_ci DEFAULT NULL,
  `state` varchar(120) COLLATE utf8mb4_unicode_ci DEFAULT NULL,
  `city` varchar(120) COLLATE utf8mb4_unicode_ci DEFAULT NULL,
  `address` varchar(255) COLLATE utf8mb4_unicode_ci DEFAULT NULL,
  `order_id` int(10) unsigned NOT NULL,
  `zip_code` varchar(20) COLLATE utf8mb4_unicode_ci DEFAULT NULL,
  PRIMARY KEY (`id`)
) ENGINE=InnoDB AUTO_INCREMENT=54 DEFAULT CHARSET=utf8mb4 COLLATE=utf8mb4_unicode_ci;
/*!40101 SET character_set_client = @saved_cs_client */;

--
-- Dumping data for table `ec_order_addresses`
--

LOCK TABLES `ec_order_addresses` WRITE;
/*!40000 ALTER TABLE `ec_order_addresses` DISABLE KEYS */;
INSERT INTO `ec_order_addresses` VALUES (1,'Jadyn Streich','+18286852103','jenifer95@example.org','TT','Idaho','Port Reyes','98510 Mertz Ville Apt. 436',1,'51858-7411'),(2,'Jadyn Streich','+18286852103','jenifer95@example.org','TT','Idaho','Port Reyes','98510 Mertz Ville Apt. 436',2,'51858-7411'),(3,'Nelson Hickle','+15733994845','jerod40@example.net','JE','Oregon','New Darrelltown','88462 Dana Extensions',3,'29086-1037'),(4,'Nelson Hickle','+15733994845','jerod40@example.net','JE','Oregon','New Darrelltown','88462 Dana Extensions',4,'29086-1037'),(5,'Nelson Hickle','+15733994845','jerod40@example.net','JE','Oregon','New Darrelltown','88462 Dana Extensions',5,'29086-1037'),(6,'Nelson Hickle','+15733994845','jerod40@example.net','JE','Oregon','New Darrelltown','88462 Dana Extensions',6,'29086-1037'),(7,'Nelson Hickle','+15733994845','jerod40@example.net','JE','Oregon','New Darrelltown','88462 Dana Extensions',7,'29086-1037'),(8,'Nelson Hickle','+15733994845','jerod40@example.net','JE','Oregon','New Darrelltown','88462 Dana Extensions',8,'29086-1037'),(9,'Jadyn Streich','+18286852103','jenifer95@example.org','TT','Idaho','Port Reyes','98510 Mertz Ville Apt. 436',9,'51858-7411'),(10,'Jadyn Streich','+18286852103','jenifer95@example.org','TT','Idaho','Port Reyes','98510 Mertz Ville Apt. 436',10,'51858-7411'),(11,'Jadyn Streich','+18286852103','jenifer95@example.org','TT','Idaho','Port Reyes','98510 Mertz Ville Apt. 436',11,'51858-7411'),(12,'Jadyn Streich','+18286852103','jenifer95@example.org','TT','Idaho','Port Reyes','98510 Mertz Ville Apt. 436',12,'51858-7411'),(13,'Jadyn Streich','+18286852103','jenifer95@example.org','TT','Idaho','Port Reyes','98510 Mertz Ville Apt. 436',13,'51858-7411'),(14,'Jadyn Streich','+18286852103','jenifer95@example.org','TT','Idaho','Port Reyes','98510 Mertz Ville Apt. 436',14,'51858-7411'),(15,'Jadyn Streich','+18286852103','jenifer95@example.org','TT','Idaho','Port Reyes','98510 Mertz Ville Apt. 436',15,'51858-7411'),(16,'Miss Katelyn Ruecker Jr.','+15409849313','cassie84@example.org','DM','Washington','North Yoshikohaven','52973 Harris Hollow',16,'72492'),(17,'Miss Katelyn Ruecker Jr.','+15409849313','cassie84@example.org','DM','Washington','North Yoshikohaven','52973 Harris Hollow',17,'72492'),(18,'Miss Katelyn Ruecker Jr.','+15409849313','cassie84@example.org','DM','Washington','North Yoshikohaven','52973 Harris Hollow',18,'72492'),(19,'Alfredo Heidenreich','+12547731957','customer@botble.com','SZ','South Carolina','Rasheedberg','33017 Domenic Centers Suite 627',19,'49958-7746'),(20,'Alfredo Heidenreich','+12547731957','customer@botble.com','SZ','South Carolina','Rasheedberg','33017 Domenic Centers Suite 627',20,'49958-7746'),(21,'Alfredo Heidenreich','+12547731957','customer@botble.com','SZ','South Carolina','Rasheedberg','33017 Domenic Centers Suite 627',21,'49958-7746'),(22,'Jadyn Streich','+18286852103','jenifer95@example.org','TT','Idaho','Port Reyes','98510 Mertz Ville Apt. 436',22,'51858-7411'),(23,'Jadyn Streich','+18286852103','jenifer95@example.org','TT','Idaho','Port Reyes','98510 Mertz Ville Apt. 436',23,'51858-7411'),(24,'Jadyn Streich','+18286852103','jenifer95@example.org','TT','Idaho','Port Reyes','98510 Mertz Ville Apt. 436',24,'51858-7411'),(25,'Jadyn Streich','+18286852103','jenifer95@example.org','TT','Idaho','Port Reyes','98510 Mertz Ville Apt. 436',25,'51858-7411'),(26,'Jadyn Streich','+18286852103','jenifer95@example.org','TT','Idaho','Port Reyes','98510 Mertz Ville Apt. 436',26,'51858-7411'),(27,'Jadyn Streich','+18286852103','jenifer95@example.org','TT','Idaho','Port Reyes','98510 Mertz Ville Apt. 436',27,'51858-7411'),(28,'Jadyn Streich','+18286852103','jenifer95@example.org','TT','Idaho','Port Reyes','98510 Mertz Ville Apt. 436',28,'51858-7411'),(29,'Nelson Hickle','+15733994845','jerod40@example.net','JE','Oregon','New Darrelltown','88462 Dana Extensions',29,'29086-1037'),(30,'Nelson Hickle','+15733994845','jerod40@example.net','JE','Oregon','New Darrelltown','88462 Dana Extensions',30,'29086-1037'),(31,'Nelson Hickle','+15733994845','jerod40@example.net','JE','Oregon','New Darrelltown','88462 Dana Extensions',31,'29086-1037'),(32,'Jadyn Streich','+18286852103','jenifer95@example.org','TT','Idaho','Port Reyes','98510 Mertz Ville Apt. 436',32,'51858-7411'),(33,'Jadyn Streich','+18286852103','jenifer95@example.org','TT','Idaho','Port Reyes','98510 Mertz Ville Apt. 436',33,'51858-7411'),(34,'Jadyn Streich','+18286852103','jenifer95@example.org','TT','Idaho','Port Reyes','98510 Mertz Ville Apt. 436',34,'51858-7411'),(35,'Jadyn Streich','+18286852103','jenifer95@example.org','TT','Idaho','Port Reyes','98510 Mertz Ville Apt. 436',35,'51858-7411'),(36,'Jadyn Streich','+18286852103','jenifer95@example.org','TT','Idaho','Port Reyes','98510 Mertz Ville Apt. 436',36,'51858-7411'),(37,'Miss Katelyn Ruecker Jr.','+15409849313','cassie84@example.org','DM','Washington','North Yoshikohaven','52973 Harris Hollow',37,'72492'),(38,'Miss Katelyn Ruecker Jr.','+15409849313','cassie84@example.org','DM','Washington','North Yoshikohaven','52973 Harris Hollow',38,'72492'),(39,'Miss Katelyn Ruecker Jr.','+15409849313','cassie84@example.org','DM','Washington','North Yoshikohaven','52973 Harris Hollow',39,'72492'),(40,'Miss Katelyn Ruecker Jr.','+15409849313','cassie84@example.org','DM','Washington','North Yoshikohaven','52973 Harris Hollow',40,'72492'),(41,'Miss Katelyn Ruecker Jr.','+15409849313','cassie84@example.org','DM','Washington','North Yoshikohaven','52973 Harris Hollow',41,'72492'),(42,'Nelson Hickle','+15733994845','jerod40@example.net','JE','Oregon','New Darrelltown','88462 Dana Extensions',42,'29086-1037'),(43,'Nelson Hickle','+15733994845','jerod40@example.net','JE','Oregon','New Darrelltown','88462 Dana Extensions',43,'29086-1037'),(44,'Nelson Hickle','+15733994845','jerod40@example.net','JE','Oregon','New Darrelltown','88462 Dana Extensions',44,'29086-1037'),(45,'Nelson Hickle','+15733994845','jerod40@example.net','JE','Oregon','New Darrelltown','88462 Dana Extensions',45,'29086-1037'),(46,'Nelson Hickle','+15733994845','jerod40@example.net','JE','Oregon','New Darrelltown','88462 Dana Extensions',46,'29086-1037'),(47,'Nelson Hickle','+15733994845','jerod40@example.net','JE','Oregon','New Darrelltown','88462 Dana Extensions',47,'29086-1037'),(48,'Alfredo Heidenreich','+12547731957','customer@botble.com','SZ','South Carolina','Rasheedberg','33017 Domenic Centers Suite 627',48,'49958-7746'),(49,'Alfredo Heidenreich','+12547731957','customer@botble.com','SZ','South Carolina','Rasheedberg','33017 Domenic Centers Suite 627',49,'49958-7746'),(50,'Jadyn Streich','+18286852103','jenifer95@example.org','TT','Idaho','Port Reyes','98510 Mertz Ville Apt. 436',50,'51858-7411'),(51,'Jadyn Streich','+18286852103','jenifer95@example.org','TT','Idaho','Port Reyes','98510 Mertz Ville Apt. 436',51,'51858-7411'),(52,'Jadyn Streich','+18286852103','jenifer95@example.org','TT','Idaho','Port Reyes','98510 Mertz Ville Apt. 436',52,'51858-7411'),(53,'Jadyn Streich','+18286852103','jenifer95@example.org','TT','Idaho','Port Reyes','98510 Mertz Ville Apt. 436',53,'51858-7411');
/*!40000 ALTER TABLE `ec_order_addresses` ENABLE KEYS */;
UNLOCK TABLES;

--
-- Table structure for table `ec_order_histories`
--

DROP TABLE IF EXISTS `ec_order_histories`;
/*!40101 SET @saved_cs_client     = @@character_set_client */;
/*!40101 SET character_set_client = utf8 */;
CREATE TABLE `ec_order_histories` (
  `id` bigint(20) unsigned NOT NULL AUTO_INCREMENT,
  `action` varchar(120) COLLATE utf8mb4_unicode_ci NOT NULL,
  `description` varchar(255) COLLATE utf8mb4_unicode_ci NOT NULL,
  `user_id` int(10) unsigned DEFAULT NULL,
  `order_id` int(10) unsigned NOT NULL,
  `extras` text COLLATE utf8mb4_unicode_ci DEFAULT NULL,
  `created_at` timestamp NULL DEFAULT NULL,
  `updated_at` timestamp NULL DEFAULT NULL,
  PRIMARY KEY (`id`)
) ENGINE=InnoDB AUTO_INCREMENT=266 DEFAULT CHARSET=utf8mb4 COLLATE=utf8mb4_unicode_ci;
/*!40101 SET character_set_client = @saved_cs_client */;

--
-- Dumping data for table `ec_order_histories`
--

LOCK TABLES `ec_order_histories` WRITE;
/*!40000 ALTER TABLE `ec_order_histories` DISABLE KEYS */;
INSERT INTO `ec_order_histories` VALUES (1,'create_order_from_seeder','Order is created from the checkout page',NULL,1,NULL,'2021-11-17 12:49:07','2021-11-17 12:49:07'),(2,'confirm_order','Order was verified by %user_name%',0,1,NULL,'2021-11-17 12:49:07','2021-11-17 12:49:07'),(3,'confirm_payment','Payment was confirmed (amount $1,246.20) by %user_name%',0,1,NULL,'2021-12-04 04:49:07','2021-12-04 04:49:07'),(4,'create_shipment','Created shipment for order',0,1,NULL,'2021-12-04 04:49:07','2021-12-04 04:49:07'),(5,'update_status','Changed status of shipping to : Delivered . Updated by: %user_name%',0,1,NULL,'2021-12-04 04:49:07','2021-12-04 04:49:07'),(6,'create_order_from_seeder','Order is created from the checkout page',NULL,2,NULL,'2021-11-17 12:49:07','2021-11-17 12:49:07'),(7,'confirm_order','Order was verified by %user_name%',0,2,NULL,'2021-11-17 12:49:07','2021-11-17 12:49:07'),(8,'confirm_payment','Payment was confirmed (amount $2,966.10) by %user_name%',0,2,NULL,'2021-12-04 04:49:08','2021-12-04 04:49:08'),(9,'create_shipment','Created shipment for order',0,2,NULL,'2021-12-04 04:49:08','2021-12-04 04:49:08'),(10,'update_status','Changed status of shipping to : Delivered . Updated by: %user_name%',0,2,NULL,'2021-12-04 04:49:08','2021-12-04 04:49:08'),(11,'create_order_from_seeder','Order is created from the checkout page',NULL,3,NULL,'2021-11-19 22:49:08','2021-11-19 22:49:08'),(12,'confirm_order','Order was verified by %user_name%',0,3,NULL,'2021-11-19 22:49:08','2021-11-19 22:49:08'),(13,'confirm_payment','Payment was confirmed (amount $1,328.18) by %user_name%',0,3,NULL,'2021-12-04 04:49:08','2021-12-04 04:49:08'),(14,'create_shipment','Created shipment for order',0,3,NULL,'2021-12-04 04:49:08','2021-12-04 04:49:08'),(15,'create_order_from_seeder','Order is created from the checkout page',NULL,4,NULL,'2021-11-24 16:49:08','2021-11-24 16:49:08'),(16,'confirm_order','Order was verified by %user_name%',0,4,NULL,'2021-11-24 16:49:08','2021-11-24 16:49:08'),(17,'confirm_payment','Payment was confirmed (amount $44.55) by %user_name%',0,4,NULL,'2021-12-04 04:49:08','2021-12-04 04:49:08'),(18,'create_shipment','Created shipment for order',0,4,NULL,'2021-12-04 04:49:08','2021-12-04 04:49:08'),(19,'update_status','Changed status of shipping to : Delivered . Updated by: %user_name%',0,4,NULL,'2021-12-04 04:49:08','2021-12-04 04:49:08'),(20,'create_order_from_seeder','Order is created from the checkout page',NULL,5,NULL,'2021-12-01 00:49:08','2021-12-01 00:49:08'),(21,'confirm_order','Order was verified by %user_name%',0,5,NULL,'2021-12-01 00:49:08','2021-12-01 00:49:08'),(22,'confirm_payment','Payment was confirmed (amount $844.20) by %user_name%',0,5,NULL,'2021-12-04 04:49:08','2021-12-04 04:49:08'),(23,'create_shipment','Created shipment for order',0,5,NULL,'2021-12-04 04:49:08','2021-12-04 04:49:08'),(24,'create_order_from_seeder','Order is created from the checkout page',NULL,6,NULL,'2021-11-29 16:49:08','2021-11-29 16:49:08'),(25,'confirm_order','Order was verified by %user_name%',0,6,NULL,'2021-11-29 16:49:08','2021-11-29 16:49:08'),(26,'confirm_payment','Payment was confirmed (amount $2,344.80) by %user_name%',0,6,NULL,'2021-12-04 04:49:08','2021-12-04 04:49:08'),(27,'create_shipment','Created shipment for order',0,6,NULL,'2021-12-04 04:49:08','2021-12-04 04:49:08'),(28,'create_order_from_seeder','Order is created from the checkout page',NULL,7,NULL,'2021-11-22 04:49:08','2021-11-22 04:49:08'),(29,'confirm_order','Order was verified by %user_name%',0,7,NULL,'2021-11-22 04:49:08','2021-11-22 04:49:08'),(30,'confirm_payment','Payment was confirmed (amount $844.20) by %user_name%',0,7,NULL,'2021-12-04 04:49:08','2021-12-04 04:49:08'),(31,'create_shipment','Created shipment for order',0,7,NULL,'2021-12-04 04:49:08','2021-12-04 04:49:08'),(32,'update_status','Changed status of shipping to : Delivered . Updated by: %user_name%',0,7,NULL,'2021-12-04 04:49:08','2021-12-04 04:49:08'),(33,'create_order_from_seeder','Order is created from the checkout page',NULL,8,NULL,'2021-11-25 04:49:08','2021-11-25 04:49:08'),(34,'confirm_order','Order was verified by %user_name%',0,8,NULL,'2021-11-25 04:49:08','2021-11-25 04:49:08'),(35,'confirm_payment','Payment was confirmed (amount $1,082.40) by %user_name%',0,8,NULL,'2021-12-04 04:49:08','2021-12-04 04:49:08'),(36,'create_shipment','Created shipment for order',0,8,NULL,'2021-12-04 04:49:08','2021-12-04 04:49:08'),(37,'create_order_from_seeder','Order is created from the checkout page',NULL,9,NULL,'2021-12-01 08:49:08','2021-12-01 08:49:08'),(38,'confirm_order','Order was verified by %user_name%',0,9,NULL,'2021-12-01 08:49:08','2021-12-01 08:49:08'),(39,'create_shipment','Created shipment for order',0,9,NULL,'2021-12-04 04:49:08','2021-12-04 04:49:08'),(40,'update_status','Changed status of shipping to : Delivered . Updated by: %user_name%',0,9,NULL,'2021-12-04 04:49:08','2021-12-04 04:49:08'),(41,'create_order_from_seeder','Order is created from the checkout page',NULL,10,NULL,'2021-11-29 22:49:08','2021-11-29 22:49:08'),(42,'confirm_order','Order was verified by %user_name%',0,10,NULL,'2021-11-29 22:49:08','2021-11-29 22:49:08'),(43,'confirm_payment','Payment was confirmed (amount $3,620.80) by %user_name%',0,10,NULL,'2021-12-04 04:49:08','2021-12-04 04:49:08'),(44,'create_shipment','Created shipment for order',0,10,NULL,'2021-12-04 04:49:08','2021-12-04 04:49:08'),(45,'update_status','Changed status of shipping to : Delivered . Updated by: %user_name%',0,10,NULL,'2021-12-04 04:49:08','2021-12-04 04:49:08'),(46,'create_order_from_seeder','Order is created from the checkout page',NULL,11,NULL,'2021-11-23 12:49:08','2021-11-23 12:49:08'),(47,'confirm_order','Order was verified by %user_name%',0,11,NULL,'2021-11-23 12:49:08','2021-11-23 12:49:08'),(48,'confirm_payment','Payment was confirmed (amount $168.53) by %user_name%',0,11,NULL,'2021-12-04 04:49:08','2021-12-04 04:49:08'),(49,'create_shipment','Created shipment for order',0,11,NULL,'2021-12-04 04:49:08','2021-12-04 04:49:08'),(50,'update_status','Changed status of shipping to : Delivered . Updated by: %user_name%',0,11,NULL,'2021-12-04 04:49:08','2021-12-04 04:49:08'),(51,'create_order_from_seeder','Order is created from the checkout page',NULL,12,NULL,'2021-11-22 04:49:08','2021-11-22 04:49:08'),(52,'confirm_order','Order was verified by %user_name%',0,12,NULL,'2021-11-22 04:49:08','2021-11-22 04:49:08'),(53,'confirm_payment','Payment was confirmed (amount $1,246.20) by %user_name%',0,12,NULL,'2021-12-04 04:49:08','2021-12-04 04:49:08'),(54,'create_shipment','Created shipment for order',0,12,NULL,'2021-12-04 04:49:08','2021-12-04 04:49:08'),(55,'update_status','Changed status of shipping to : Delivered . Updated by: %user_name%',0,12,NULL,'2021-12-04 04:49:08','2021-12-04 04:49:08'),(56,'create_order_from_seeder','Order is created from the checkout page',NULL,13,NULL,'2021-11-26 04:49:08','2021-11-26 04:49:08'),(57,'confirm_order','Order was verified by %user_name%',0,13,NULL,'2021-11-26 04:49:08','2021-11-26 04:49:08'),(58,'confirm_payment','Payment was confirmed (amount $6,458.40) by %user_name%',0,13,NULL,'2021-12-04 04:49:08','2021-12-04 04:49:08'),(59,'create_shipment','Created shipment for order',0,13,NULL,'2021-12-04 04:49:08','2021-12-04 04:49:08'),(60,'update_status','Changed status of shipping to : Delivered . Updated by: %user_name%',0,13,NULL,'2021-12-04 04:49:08','2021-12-04 04:49:08'),(61,'create_order_from_seeder','Order is created from the checkout page',NULL,14,NULL,'2021-11-26 16:49:08','2021-11-26 16:49:08'),(62,'confirm_order','Order was verified by %user_name%',0,14,NULL,'2021-11-26 16:49:08','2021-11-26 16:49:08'),(63,'confirm_payment','Payment was confirmed (amount $988.90) by %user_name%',0,14,NULL,'2021-12-04 04:49:08','2021-12-04 04:49:08'),(64,'create_shipment','Created shipment for order',0,14,NULL,'2021-12-04 04:49:08','2021-12-04 04:49:08'),(65,'create_order_from_seeder','Order is created from the checkout page',NULL,15,NULL,'2021-11-21 16:49:08','2021-11-21 16:49:08'),(66,'confirm_order','Order was verified by %user_name%',0,15,NULL,'2021-11-21 16:49:08','2021-11-21 16:49:08'),(67,'confirm_payment','Payment was confirmed (amount $1,134.00) by %user_name%',0,15,NULL,'2021-12-04 04:49:08','2021-12-04 04:49:08'),(68,'create_shipment','Created shipment for order',0,15,NULL,'2021-12-04 04:49:08','2021-12-04 04:49:08'),(69,'update_status','Changed status of shipping to : Delivered . Updated by: %user_name%',0,15,NULL,'2021-12-04 04:49:08','2021-12-04 04:49:08'),(70,'create_order_from_seeder','Order is created from the checkout page',NULL,16,NULL,'2021-12-03 00:49:08','2021-12-03 00:49:08'),(71,'confirm_order','Order was verified by %user_name%',0,16,NULL,'2021-12-03 00:49:08','2021-12-03 00:49:08'),(72,'confirm_payment','Payment was confirmed (amount $3,705.85) by %user_name%',0,16,NULL,'2021-12-04 04:49:08','2021-12-04 04:49:08'),(73,'create_shipment','Created shipment for order',0,16,NULL,'2021-12-04 04:49:08','2021-12-04 04:49:08'),(74,'update_status','Changed status of shipping to : Delivered . Updated by: %user_name%',0,16,NULL,'2021-12-04 04:49:08','2021-12-04 04:49:08'),(75,'create_order_from_seeder','Order is created from the checkout page',NULL,17,NULL,'2021-11-27 04:49:08','2021-11-27 04:49:08'),(76,'confirm_order','Order was verified by %user_name%',0,17,NULL,'2021-11-27 04:49:08','2021-11-27 04:49:08'),(77,'confirm_payment','Payment was confirmed (amount $1,205.40) by %user_name%',0,17,NULL,'2021-12-04 04:49:08','2021-12-04 04:49:08'),(78,'create_shipment','Created shipment for order',0,17,NULL,'2021-12-04 04:49:08','2021-12-04 04:49:08'),(79,'update_status','Changed status of shipping to : Delivered . Updated by: %user_name%',0,17,NULL,'2021-12-04 04:49:08','2021-12-04 04:49:08'),(80,'create_order_from_seeder','Order is created from the checkout page',NULL,18,NULL,'2021-11-30 16:49:08','2021-11-30 16:49:08'),(81,'confirm_order','Order was verified by %user_name%',0,18,NULL,'2021-11-30 16:49:08','2021-11-30 16:49:08'),(82,'confirm_payment','Payment was confirmed (amount $872.30) by %user_name%',0,18,NULL,'2021-12-04 04:49:08','2021-12-04 04:49:08'),(83,'create_shipment','Created shipment for order',0,18,NULL,'2021-12-04 04:49:08','2021-12-04 04:49:08'),(84,'update_status','Changed status of shipping to : Delivered . Updated by: %user_name%',0,18,NULL,'2021-12-04 04:49:08','2021-12-04 04:49:08'),(85,'create_order_from_seeder','Order is created from the checkout page',NULL,19,NULL,'2021-11-24 10:49:08','2021-11-24 10:49:08'),(86,'confirm_order','Order was verified by %user_name%',0,19,NULL,'2021-11-24 10:49:08','2021-11-24 10:49:08'),(87,'confirm_payment','Payment was confirmed (amount $3,943.20) by %user_name%',0,19,NULL,'2021-12-04 04:49:08','2021-12-04 04:49:08'),(88,'create_shipment','Created shipment for order',0,19,NULL,'2021-12-04 04:49:08','2021-12-04 04:49:08'),(89,'create_order_from_seeder','Order is created from the checkout page',NULL,20,NULL,'2021-11-24 10:49:08','2021-11-24 10:49:08'),(90,'confirm_order','Order was verified by %user_name%',0,20,NULL,'2021-11-24 10:49:08','2021-11-24 10:49:08'),(91,'confirm_payment','Payment was confirmed (amount $2,786.90) by %user_name%',0,20,NULL,'2021-12-04 04:49:08','2021-12-04 04:49:08'),(92,'create_shipment','Created shipment for order',0,20,NULL,'2021-12-04 04:49:08','2021-12-04 04:49:08'),(93,'create_order_from_seeder','Order is created from the checkout page',NULL,21,NULL,'2021-11-23 08:49:08','2021-11-23 08:49:08'),(94,'confirm_order','Order was verified by %user_name%',0,21,NULL,'2021-11-23 08:49:08','2021-11-23 08:49:08'),(95,'create_shipment','Created shipment for order',0,21,NULL,'2021-12-04 04:49:08','2021-12-04 04:49:08'),(96,'update_status','Changed status of shipping to : Delivered . Updated by: %user_name%',0,21,NULL,'2021-12-04 04:49:08','2021-12-04 04:49:08'),(97,'create_order_from_seeder','Order is created from the checkout page',NULL,22,NULL,'2021-12-03 04:49:08','2021-12-03 04:49:08'),(98,'confirm_order','Order was verified by %user_name%',0,22,NULL,'2021-12-03 04:49:08','2021-12-03 04:49:08'),(99,'create_shipment','Created shipment for order',0,22,NULL,'2021-12-04 04:49:08','2021-12-04 04:49:08'),(100,'create_order_from_seeder','Order is created from the checkout page',NULL,23,NULL,'2021-11-28 04:49:08','2021-11-28 04:49:08'),(101,'confirm_order','Order was verified by %user_name%',0,23,NULL,'2021-11-28 04:49:08','2021-11-28 04:49:08'),(102,'confirm_payment','Payment was confirmed (amount $1,073.10) by %user_name%',0,23,NULL,'2021-12-04 04:49:08','2021-12-04 04:49:08'),(103,'create_shipment','Created shipment for order',0,23,NULL,'2021-12-04 04:49:08','2021-12-04 04:49:08'),(104,'create_order_from_seeder','Order is created from the checkout page',NULL,24,NULL,'2021-11-29 04:49:08','2021-11-29 04:49:08'),(105,'confirm_order','Order was verified by %user_name%',0,24,NULL,'2021-11-29 04:49:08','2021-11-29 04:49:08'),(106,'confirm_payment','Payment was confirmed (amount $3,267.40) by %user_name%',0,24,NULL,'2021-12-04 04:49:08','2021-12-04 04:49:08'),(107,'create_shipment','Created shipment for order',0,24,NULL,'2021-12-04 04:49:08','2021-12-04 04:49:08'),(108,'update_status','Changed status of shipping to : Delivered . Updated by: %user_name%',0,24,NULL,'2021-12-04 04:49:08','2021-12-04 04:49:08'),(109,'create_order_from_seeder','Order is created from the checkout page',NULL,25,NULL,'2021-12-01 10:49:08','2021-12-01 10:49:08'),(110,'confirm_order','Order was verified by %user_name%',0,25,NULL,'2021-12-01 10:49:08','2021-12-01 10:49:08'),(111,'confirm_payment','Payment was confirmed (amount $1,246.20) by %user_name%',0,25,NULL,'2021-12-04 04:49:08','2021-12-04 04:49:08'),(112,'create_shipment','Created shipment for order',0,25,NULL,'2021-12-04 04:49:08','2021-12-04 04:49:08'),(113,'update_status','Changed status of shipping to : Delivered . Updated by: %user_name%',0,25,NULL,'2021-12-04 04:49:08','2021-12-04 04:49:08'),(114,'create_order_from_seeder','Order is created from the checkout page',NULL,26,NULL,'2021-11-30 12:49:08','2021-11-30 12:49:08'),(115,'confirm_order','Order was verified by %user_name%',0,26,NULL,'2021-11-30 12:49:08','2021-11-30 12:49:08'),(116,'confirm_payment','Payment was confirmed (amount $1,284.80) by %user_name%',0,26,NULL,'2021-12-04 04:49:08','2021-12-04 04:49:08'),(117,'create_shipment','Created shipment for order',0,26,NULL,'2021-12-04 04:49:08','2021-12-04 04:49:08'),(118,'update_status','Changed status of shipping to : Delivered . Updated by: %user_name%',0,26,NULL,'2021-12-04 04:49:08','2021-12-04 04:49:08'),(119,'create_order_from_seeder','Order is created from the checkout page',NULL,27,NULL,'2021-11-25 22:49:08','2021-11-25 22:49:08'),(120,'confirm_order','Order was verified by %user_name%',0,27,NULL,'2021-11-25 22:49:08','2021-11-25 22:49:08'),(121,'confirm_payment','Payment was confirmed (amount $565.40) by %user_name%',0,27,NULL,'2021-12-04 04:49:08','2021-12-04 04:49:08'),(122,'create_shipment','Created shipment for order',0,27,NULL,'2021-12-04 04:49:08','2021-12-04 04:49:08'),(123,'update_status','Changed status of shipping to : Delivered . Updated by: %user_name%',0,27,NULL,'2021-12-04 04:49:08','2021-12-04 04:49:08'),(124,'create_order_from_seeder','Order is created from the checkout page',NULL,28,NULL,'2021-12-02 08:49:08','2021-12-02 08:49:08'),(125,'confirm_order','Order was verified by %user_name%',0,28,NULL,'2021-12-02 08:49:08','2021-12-02 08:49:08'),(126,'confirm_payment','Payment was confirmed (amount $3,050.40) by %user_name%',0,28,NULL,'2021-12-04 04:49:08','2021-12-04 04:49:08'),(127,'create_shipment','Created shipment for order',0,28,NULL,'2021-12-04 04:49:08','2021-12-04 04:49:08'),(128,'create_order_from_seeder','Order is created from the checkout page',NULL,29,NULL,'2021-11-28 08:49:08','2021-11-28 08:49:08'),(129,'confirm_order','Order was verified by %user_name%',0,29,NULL,'2021-11-28 08:49:08','2021-11-28 08:49:08'),(130,'create_shipment','Created shipment for order',0,29,NULL,'2021-12-04 04:49:08','2021-12-04 04:49:08'),(131,'update_status','Changed status of shipping to : Delivered . Updated by: %user_name%',0,29,NULL,'2021-12-04 04:49:08','2021-12-04 04:49:08'),(132,'create_order_from_seeder','Order is created from the checkout page',NULL,30,NULL,'2021-11-29 04:49:08','2021-11-29 04:49:08'),(133,'confirm_order','Order was verified by %user_name%',0,30,NULL,'2021-11-29 04:49:08','2021-11-29 04:49:08'),(134,'confirm_payment','Payment was confirmed (amount $2,915.10) by %user_name%',0,30,NULL,'2021-12-04 04:49:08','2021-12-04 04:49:08'),(135,'create_shipment','Created shipment for order',0,30,NULL,'2021-12-04 04:49:08','2021-12-04 04:49:08'),(136,'create_order_from_seeder','Order is created from the checkout page',NULL,31,NULL,'2021-11-25 20:49:08','2021-11-25 20:49:08'),(137,'confirm_order','Order was verified by %user_name%',0,31,NULL,'2021-11-25 20:49:08','2021-11-25 20:49:08'),(138,'confirm_payment','Payment was confirmed (amount $1,677.90) by %user_name%',0,31,NULL,'2021-12-04 04:49:08','2021-12-04 04:49:08'),(139,'create_shipment','Created shipment for order',0,31,NULL,'2021-12-04 04:49:08','2021-12-04 04:49:08'),(140,'create_order_from_seeder','Order is created from the checkout page',NULL,32,NULL,'2021-11-26 16:49:08','2021-11-26 16:49:08'),(141,'confirm_order','Order was verified by %user_name%',0,32,NULL,'2021-11-26 16:49:08','2021-11-26 16:49:08'),(142,'create_shipment','Created shipment for order',0,32,NULL,'2021-12-04 04:49:08','2021-12-04 04:49:08'),(143,'update_status','Changed status of shipping to : Delivered . Updated by: %user_name%',0,32,NULL,'2021-12-04 04:49:08','2021-12-04 04:49:08'),(144,'create_order_from_seeder','Order is created from the checkout page',NULL,33,NULL,'2021-11-30 10:49:08','2021-11-30 10:49:08'),(145,'confirm_order','Order was verified by %user_name%',0,33,NULL,'2021-11-30 10:49:08','2021-11-30 10:49:08'),(146,'confirm_payment','Payment was confirmed (amount $2,123.50) by %user_name%',0,33,NULL,'2021-12-04 04:49:08','2021-12-04 04:49:08'),(147,'create_shipment','Created shipment for order',0,33,NULL,'2021-12-04 04:49:08','2021-12-04 04:49:08'),(148,'update_status','Changed status of shipping to : Delivered . Updated by: %user_name%',0,33,NULL,'2021-12-04 04:49:08','2021-12-04 04:49:08'),(149,'create_order_from_seeder','Order is created from the checkout page',NULL,34,NULL,'2021-11-28 20:49:08','2021-11-28 20:49:08'),(150,'confirm_order','Order was verified by %user_name%',0,34,NULL,'2021-11-28 20:49:08','2021-11-28 20:49:08'),(151,'confirm_payment','Payment was confirmed (amount $42.00) by %user_name%',0,34,NULL,'2021-12-04 04:49:08','2021-12-04 04:49:08'),(152,'create_shipment','Created shipment for order',0,34,NULL,'2021-12-04 04:49:08','2021-12-04 04:49:08'),(153,'create_order_from_seeder','Order is created from the checkout page',NULL,35,NULL,'2021-12-02 20:49:08','2021-12-02 20:49:08'),(154,'confirm_order','Order was verified by %user_name%',0,35,NULL,'2021-12-02 20:49:08','2021-12-02 20:49:08'),(155,'confirm_payment','Payment was confirmed (amount $1,887.90) by %user_name%',0,35,NULL,'2021-12-04 04:49:08','2021-12-04 04:49:08'),(156,'create_shipment','Created shipment for order',0,35,NULL,'2021-12-04 04:49:08','2021-12-04 04:49:08'),(157,'create_order_from_seeder','Order is created from the checkout page',NULL,36,NULL,'2021-11-30 20:49:08','2021-11-30 20:49:08'),(158,'confirm_order','Order was verified by %user_name%',0,36,NULL,'2021-11-30 20:49:08','2021-11-30 20:49:08'),(159,'confirm_payment','Payment was confirmed (amount $1,079.40) by %user_name%',0,36,NULL,'2021-12-04 04:49:08','2021-12-04 04:49:08'),(160,'create_shipment','Created shipment for order',0,36,NULL,'2021-12-04 04:49:08','2021-12-04 04:49:08'),(161,'update_status','Changed status of shipping to : Delivered . Updated by: %user_name%',0,36,NULL,'2021-12-04 04:49:08','2021-12-04 04:49:08'),(162,'create_order_from_seeder','Order is created from the checkout page',NULL,37,NULL,'2021-12-01 20:49:08','2021-12-01 20:49:08'),(163,'confirm_order','Order was verified by %user_name%',0,37,NULL,'2021-12-01 20:49:08','2021-12-01 20:49:08'),(164,'confirm_payment','Payment was confirmed (amount $1,188.60) by %user_name%',0,37,NULL,'2021-12-04 04:49:08','2021-12-04 04:49:08'),(165,'create_shipment','Created shipment for order',0,37,NULL,'2021-12-04 04:49:08','2021-12-04 04:49:08'),(166,'update_status','Changed status of shipping to : Delivered . Updated by: %user_name%',0,37,NULL,'2021-12-04 04:49:08','2021-12-04 04:49:08'),(167,'create_order_from_seeder','Order is created from the checkout page',NULL,38,NULL,'2021-12-01 20:49:08','2021-12-01 20:49:08'),(168,'confirm_order','Order was verified by %user_name%',0,38,NULL,'2021-12-01 20:49:08','2021-12-01 20:49:08'),(169,'confirm_payment','Payment was confirmed (amount $1,284.80) by %user_name%',0,38,NULL,'2021-12-04 04:49:08','2021-12-04 04:49:08'),(170,'create_shipment','Created shipment for order',0,38,NULL,'2021-12-04 04:49:08','2021-12-04 04:49:08'),(171,'create_order_from_seeder','Order is created from the checkout page',NULL,39,NULL,'2021-12-02 10:49:08','2021-12-02 10:49:08'),(172,'confirm_order','Order was verified by %user_name%',0,39,NULL,'2021-12-02 10:49:08','2021-12-02 10:49:08'),(173,'create_shipment','Created shipment for order',0,39,NULL,'2021-12-04 04:49:08','2021-12-04 04:49:08'),(174,'update_status','Changed status of shipping to : Delivered . Updated by: %user_name%',0,39,NULL,'2021-12-04 04:49:08','2021-12-04 04:49:08'),(175,'create_order_from_seeder','Order is created from the checkout page',NULL,40,NULL,'2021-11-30 16:49:08','2021-11-30 16:49:08'),(176,'confirm_order','Order was verified by %user_name%',0,40,NULL,'2021-11-30 16:49:08','2021-11-30 16:49:08'),(177,'confirm_payment','Payment was confirmed (amount $753.50) by %user_name%',0,40,NULL,'2021-12-04 04:49:08','2021-12-04 04:49:08'),(178,'create_shipment','Created shipment for order',0,40,NULL,'2021-12-04 04:49:08','2021-12-04 04:49:08'),(179,'create_order_from_seeder','Order is created from the checkout page',NULL,41,NULL,'2021-11-30 16:49:08','2021-11-30 16:49:08'),(180,'confirm_order','Order was verified by %user_name%',0,41,NULL,'2021-11-30 16:49:08','2021-11-30 16:49:08'),(181,'confirm_payment','Payment was confirmed (amount $4,537.50) by %user_name%',0,41,NULL,'2021-12-04 04:49:08','2021-12-04 04:49:08'),(182,'create_shipment','Created shipment for order',0,41,NULL,'2021-12-04 04:49:08','2021-12-04 04:49:08'),(183,'update_status','Changed status of shipping to : Delivered . Updated by: %user_name%',0,41,NULL,'2021-12-04 04:49:08','2021-12-04 04:49:08'),(184,'create_order_from_seeder','Order is created from the checkout page',NULL,42,NULL,'2021-11-30 00:49:08','2021-11-30 00:49:08'),(185,'confirm_order','Order was verified by %user_name%',0,42,NULL,'2021-11-30 00:49:08','2021-11-30 00:49:08'),(186,'confirm_payment','Payment was confirmed (amount $85.05) by %user_name%',0,42,NULL,'2021-12-04 04:49:08','2021-12-04 04:49:08'),(187,'create_shipment','Created shipment for order',0,42,NULL,'2021-12-04 04:49:08','2021-12-04 04:49:08'),(188,'update_status','Changed status of shipping to : Delivered . Updated by: %user_name%',0,42,NULL,'2021-12-04 04:49:08','2021-12-04 04:49:08'),(189,'create_order_from_seeder','Order is created from the checkout page',NULL,43,NULL,'2021-11-30 10:49:08','2021-11-30 10:49:08'),(190,'confirm_order','Order was verified by %user_name%',0,43,NULL,'2021-11-30 10:49:08','2021-11-30 10:49:08'),(191,'confirm_payment','Payment was confirmed (amount $42.00) by %user_name%',0,43,NULL,'2021-12-04 04:49:08','2021-12-04 04:49:08'),(192,'create_shipment','Created shipment for order',0,43,NULL,'2021-12-04 04:49:08','2021-12-04 04:49:08'),(193,'update_status','Changed status of shipping to : Delivered . Updated by: %user_name%',0,43,NULL,'2021-12-04 04:49:08','2021-12-04 04:49:08'),(194,'create_order_from_seeder','Order is created from the checkout page',NULL,44,NULL,'2021-12-02 12:49:08','2021-12-02 12:49:08'),(195,'confirm_order','Order was verified by %user_name%',0,44,NULL,'2021-12-02 12:49:08','2021-12-02 12:49:08'),(196,'confirm_payment','Payment was confirmed (amount $1,366.20) by %user_name%',0,44,NULL,'2021-12-04 04:49:08','2021-12-04 04:49:08'),(197,'create_shipment','Created shipment for order',0,44,NULL,'2021-12-04 04:49:08','2021-12-04 04:49:08'),(198,'create_order_from_seeder','Order is created from the checkout page',NULL,45,NULL,'2021-11-30 00:49:08','2021-11-30 00:49:08'),(199,'confirm_order','Order was verified by %user_name%',0,45,NULL,'2021-11-30 00:49:08','2021-11-30 00:49:08'),(200,'create_shipment','Created shipment for order',0,45,NULL,'2021-12-04 04:49:08','2021-12-04 04:49:08'),(201,'update_status','Changed status of shipping to : Delivered . Updated by: %user_name%',0,45,NULL,'2021-12-04 04:49:08','2021-12-04 04:49:08'),(202,'create_order_from_seeder','Order is created from the checkout page',NULL,46,NULL,'2021-12-03 20:49:08','2021-12-03 20:49:08'),(203,'confirm_order','Order was verified by %user_name%',0,46,NULL,'2021-12-03 20:49:08','2021-12-03 20:49:08'),(204,'confirm_payment','Payment was confirmed (amount $1,779.40) by %user_name%',0,46,NULL,'2021-12-04 04:49:08','2021-12-04 04:49:08'),(205,'create_shipment','Created shipment for order',0,46,NULL,'2021-12-04 04:49:08','2021-12-04 04:49:08'),(206,'update_status','Changed status of shipping to : Delivered . Updated by: %user_name%',0,46,NULL,'2021-12-04 04:49:08','2021-12-04 04:49:08'),(207,'create_order_from_seeder','Order is created from the checkout page',NULL,47,NULL,'2021-12-03 04:49:08','2021-12-03 04:49:08'),(208,'confirm_order','Order was verified by %user_name%',0,47,NULL,'2021-12-03 04:49:08','2021-12-03 04:49:08'),(209,'confirm_payment','Payment was confirmed (amount $1,779.40) by %user_name%',0,47,NULL,'2021-12-04 04:49:08','2021-12-04 04:49:08'),(210,'create_shipment','Created shipment for order',0,47,NULL,'2021-12-04 04:49:08','2021-12-04 04:49:08'),(211,'create_order_from_seeder','Order is created from the checkout page',NULL,48,NULL,'2021-12-03 04:49:08','2021-12-03 04:49:08'),(212,'confirm_order','Order was verified by %user_name%',0,48,NULL,'2021-12-03 04:49:08','2021-12-03 04:49:08'),(213,'confirm_payment','Payment was confirmed (amount $125.55) by %user_name%',0,48,NULL,'2021-12-04 04:49:08','2021-12-04 04:49:08'),(214,'create_shipment','Created shipment for order',0,48,NULL,'2021-12-04 04:49:08','2021-12-04 04:49:08'),(215,'create_order_from_seeder','Order is created from the checkout page',NULL,49,NULL,'2021-12-02 10:49:08','2021-12-02 10:49:08'),(216,'confirm_order','Order was verified by %user_name%',0,49,NULL,'2021-12-02 10:49:08','2021-12-02 10:49:08'),(217,'confirm_payment','Payment was confirmed (amount $2,123.50) by %user_name%',0,49,NULL,'2021-12-04 04:49:08','2021-12-04 04:49:08'),(218,'create_shipment','Created shipment for order',0,49,NULL,'2021-12-04 04:49:08','2021-12-04 04:49:08'),(219,'update_status','Changed status of shipping to : Delivered . Updated by: %user_name%',0,49,NULL,'2021-12-04 04:49:08','2021-12-04 04:49:08'),(220,'create_order_from_seeder','Order is created from the checkout page',NULL,50,NULL,'2021-12-03 20:49:08','2021-12-03 20:49:08'),(221,'confirm_order','Order was verified by %user_name%',0,50,NULL,'2021-12-03 20:49:08','2021-12-03 20:49:08'),(222,'confirm_payment','Payment was confirmed (amount $1,188.60) by %user_name%',0,50,NULL,'2021-12-04 04:49:08','2021-12-04 04:49:08'),(223,'create_shipment','Created shipment for order',0,50,NULL,'2021-12-04 04:49:08','2021-12-04 04:49:08'),(224,'update_status','Changed status of shipping to : Delivered . Updated by: %user_name%',0,50,NULL,'2021-12-04 04:49:08','2021-12-04 04:49:08'),(225,'create_order_from_seeder','Order is created from the checkout page',NULL,51,NULL,'2021-12-03 16:49:08','2021-12-03 16:49:08'),(226,'confirm_order','Order was verified by %user_name%',0,51,NULL,'2021-12-03 16:49:08','2021-12-03 16:49:08'),(227,'confirm_payment','Payment was confirmed (amount $1,066.80) by %user_name%',0,51,NULL,'2021-12-04 04:49:08','2021-12-04 04:49:08'),(228,'create_shipment','Created shipment for order',0,51,NULL,'2021-12-04 04:49:08','2021-12-04 04:49:08'),(229,'update_status','Changed status of shipping to : Delivered . Updated by: %user_name%',0,51,NULL,'2021-12-04 04:49:08','2021-12-04 04:49:08'),(230,'create_order_from_seeder','Order is created from the checkout page',NULL,52,NULL,'2021-12-03 12:49:08','2021-12-03 12:49:08'),(231,'confirm_order','Order was verified by %user_name%',0,52,NULL,'2021-12-03 12:49:08','2021-12-03 12:49:08'),(232,'confirm_payment','Payment was confirmed (amount $6,073.60) by %user_name%',0,52,NULL,'2021-12-04 04:49:08','2021-12-04 04:49:08'),(233,'create_shipment','Created shipment for order',0,52,NULL,'2021-12-04 04:49:08','2021-12-04 04:49:08'),(234,'create_order_from_seeder','Order is created from the checkout page',NULL,53,NULL,'2021-12-03 12:49:08','2021-12-03 12:49:08'),(235,'confirm_order','Order was verified by %user_name%',0,53,NULL,'2021-12-03 12:49:08','2021-12-03 12:49:08'),(236,'confirm_payment','Payment was confirmed (amount $1,665.30) by %user_name%',0,53,NULL,'2021-12-04 04:49:08','2021-12-04 04:49:08'),(237,'create_shipment','Created shipment for order',0,53,NULL,'2021-12-04 04:49:08','2021-12-04 04:49:08'),(238,'update_status','Changed status of shipping to : Delivered . Updated by: %user_name%',0,53,NULL,'2021-12-04 04:49:08','2021-12-04 04:49:08'),(239,'update_status','Order confirmed by %user_name%',0,1,NULL,'2021-12-04 04:49:08','2021-12-04 04:49:08'),(240,'update_status','Order confirmed by %user_name%',0,2,NULL,'2021-12-04 04:49:09','2021-12-04 04:49:09'),(241,'update_status','Order confirmed by %user_name%',0,4,NULL,'2021-12-04 04:49:09','2021-12-04 04:49:09'),(242,'update_status','Order confirmed by %user_name%',0,7,NULL,'2021-12-04 04:49:09','2021-12-04 04:49:09'),(243,'update_status','Order confirmed by %user_name%',0,10,NULL,'2021-12-04 04:49:09','2021-12-04 04:49:09'),(244,'update_status','Order confirmed by %user_name%',0,11,NULL,'2021-12-04 04:49:09','2021-12-04 04:49:09'),(245,'update_status','Order confirmed by %user_name%',0,12,NULL,'2021-12-04 04:49:09','2021-12-04 04:49:09'),(246,'update_status','Order confirmed by %user_name%',0,13,NULL,'2021-12-04 04:49:10','2021-12-04 04:49:10'),(247,'update_status','Order confirmed by %user_name%',0,15,NULL,'2021-12-04 04:49:10','2021-12-04 04:49:10'),(248,'update_status','Order confirmed by %user_name%',0,16,NULL,'2021-12-04 04:49:10','2021-12-04 04:49:10'),(249,'update_status','Order confirmed by %user_name%',0,17,NULL,'2021-12-04 04:49:10','2021-12-04 04:49:10'),(250,'update_status','Order confirmed by %user_name%',0,18,NULL,'2021-12-04 04:49:10','2021-12-04 04:49:10'),(251,'update_status','Order confirmed by %user_name%',0,24,NULL,'2021-12-04 04:49:10','2021-12-04 04:49:10'),(252,'update_status','Order confirmed by %user_name%',0,25,NULL,'2021-12-04 04:49:10','2021-12-04 04:49:10'),(253,'update_status','Order confirmed by %user_name%',0,26,NULL,'2021-12-04 04:49:11','2021-12-04 04:49:11'),(254,'update_status','Order confirmed by %user_name%',0,27,NULL,'2021-12-04 04:49:11','2021-12-04 04:49:11'),(255,'update_status','Order confirmed by %user_name%',0,33,NULL,'2021-12-04 04:49:11','2021-12-04 04:49:11'),(256,'update_status','Order confirmed by %user_name%',0,36,NULL,'2021-12-04 04:49:11','2021-12-04 04:49:11'),(257,'update_status','Order confirmed by %user_name%',0,37,NULL,'2021-12-04 04:49:11','2021-12-04 04:49:11'),(258,'update_status','Order confirmed by %user_name%',0,41,NULL,'2021-12-04 04:49:11','2021-12-04 04:49:11'),(259,'update_status','Order confirmed by %user_name%',0,42,NULL,'2021-12-04 04:49:11','2021-12-04 04:49:11'),(260,'update_status','Order confirmed by %user_name%',0,43,NULL,'2021-12-04 04:49:12','2021-12-04 04:49:12'),(261,'update_status','Order confirmed by %user_name%',0,46,NULL,'2021-12-04 04:49:12','2021-12-04 04:49:12'),(262,'update_status','Order confirmed by %user_name%',0,49,NULL,'2021-12-04 04:49:12','2021-12-04 04:49:12'),(263,'update_status','Order confirmed by %user_name%',0,50,NULL,'2021-12-04 04:49:12','2021-12-04 04:49:12'),(264,'update_status','Order confirmed by %user_name%',0,51,NULL,'2021-12-04 04:49:12','2021-12-04 04:49:12'),(265,'update_status','Order confirmed by %user_name%',0,53,NULL,'2021-12-04 04:49:12','2021-12-04 04:49:12');
/*!40000 ALTER TABLE `ec_order_histories` ENABLE KEYS */;
UNLOCK TABLES;

--
-- Table structure for table `ec_order_product`
--

DROP TABLE IF EXISTS `ec_order_product`;
/*!40101 SET @saved_cs_client     = @@character_set_client */;
/*!40101 SET character_set_client = utf8 */;
CREATE TABLE `ec_order_product` (
  `id` bigint(20) unsigned NOT NULL AUTO_INCREMENT,
  `order_id` int(10) unsigned NOT NULL,
  `qty` int(11) NOT NULL,
  `price` decimal(15,2) NOT NULL,
  `tax_amount` decimal(15,2) NOT NULL,
  `options` text COLLATE utf8mb4_unicode_ci DEFAULT NULL,
  `product_id` int(10) unsigned DEFAULT NULL,
  `product_name` varchar(191) COLLATE utf8mb4_unicode_ci NOT NULL,
  `weight` double(8,2) DEFAULT 0.00,
  `restock_quantity` int(10) unsigned DEFAULT 0,
  `created_at` timestamp NULL DEFAULT NULL,
  `updated_at` timestamp NULL DEFAULT NULL,
  PRIMARY KEY (`id`)
) ENGINE=InnoDB AUTO_INCREMENT=64 DEFAULT CHARSET=utf8mb4 COLLATE=utf8mb4_unicode_ci;
/*!40101 SET character_set_client = @saved_cs_client */;

--
-- Dumping data for table `ec_order_product`
--

LOCK TABLES `ec_order_product` WRITE;
/*!40000 ALTER TABLE `ec_order_product` DISABLE KEYS */;
INSERT INTO `ec_order_product` VALUES (1,1,3,402.00,40.20,'[]',40,'Nikon HD camera',2535.00,0,'2021-12-04 04:49:07','2021-12-04 04:49:07'),(2,2,2,540.00,54.00,'[]',62,'Sound Intone I65 Earphone White Version',1300.00,0,'2021-12-04 04:49:07','2021-12-04 04:49:07'),(3,2,3,591.00,59.10,'[]',64,'B&O Play Mini Bluetooth Speaker',2028.00,0,'2021-12-04 04:49:07','2021-12-04 04:49:07'),(4,3,3,80.25,8.03,'[]',24,'Dual Camera 20MP',2199.00,0,'2021-12-04 04:49:08','2021-12-04 04:49:08'),(5,3,2,514.00,51.40,'[]',58,'EPSION Plaster Printer',1450.00,0,'2021-12-04 04:49:08','2021-12-04 04:49:08'),(6,4,1,40.50,4.05,'[]',28,'Smart Watches',655.00,0,'2021-12-04 04:49:08','2021-12-04 04:49:08'),(7,5,2,402.00,40.20,'[]',40,'Nikon HD camera',1690.00,0,'2021-12-04 04:49:08','2021-12-04 04:49:08'),(8,6,3,574.00,57.40,'[]',31,'Red & Black Headphone',1650.00,0,'2021-12-04 04:49:08','2021-12-04 04:49:08'),(9,6,1,514.00,51.40,'[]',56,'EPSION Plaster Printer',725.00,0,'2021-12-04 04:49:08','2021-12-04 04:49:08'),(10,7,2,402.00,40.20,'[]',41,'Nikon HD camera',1690.00,0,'2021-12-04 04:49:08','2021-12-04 04:49:08'),(11,8,1,984.00,98.40,'[]',73,'NYX Beauty Couton Pallete Makeup 12',613.00,0,'2021-12-04 04:49:08','2021-12-04 04:49:08'),(12,9,1,1242.00,124.20,'[]',50,'Herschel Leather Duffle Bag In Brown Color',561.00,0,'2021-12-04 04:49:08','2021-12-04 04:49:08'),(13,10,3,1168.00,116.80,'[]',53,'Xbox One Wireless Controller Black Color',2169.00,0,'2021-12-04 04:49:08','2021-12-04 04:49:08'),(14,11,2,80.25,8.03,'[]',25,'Dual Camera 20MP',1466.00,0,'2021-12-04 04:49:08','2021-12-04 04:49:08'),(15,12,3,402.00,40.20,'[]',38,'Nikon HD camera',2535.00,0,'2021-12-04 04:49:08','2021-12-04 04:49:08'),(16,13,2,1242.00,124.20,'[]',50,'Herschel Leather Duffle Bag In Brown Color',1122.00,0,'2021-12-04 04:49:08','2021-12-04 04:49:08'),(17,13,3,1242.00,124.20,'[]',51,'Herschel Leather Duffle Bag In Brown Color',1683.00,0,'2021-12-04 04:49:08','2021-12-04 04:49:08'),(18,14,1,899.00,89.90,'[]',37,'Smart Watch External',509.00,0,'2021-12-04 04:49:08','2021-12-04 04:49:08'),(19,15,2,540.00,54.00,'[]',62,'Sound Intone I65 Earphone White Version',1300.00,0,'2021-12-04 04:49:08','2021-12-04 04:49:08'),(20,16,2,40.50,4.05,'[]',27,'Smart Watches',1310.00,0,'2021-12-04 04:49:08','2021-12-04 04:49:08'),(21,16,3,1168.00,116.80,'[]',52,'Xbox One Wireless Controller Black Color',2169.00,0,'2021-12-04 04:49:08','2021-12-04 04:49:08'),(22,17,2,574.00,57.40,'[]',31,'Red & Black Headphone',1100.00,0,'2021-12-04 04:49:08','2021-12-04 04:49:08'),(23,18,1,793.00,79.30,'[]',82,'Ciate Palemore Lipstick Bold Red Color',807.00,0,'2021-12-04 04:49:08','2021-12-04 04:49:08'),(24,19,3,20.00,2.00,'[]',30,'Beat Headphone',2160.00,0,'2021-12-04 04:49:08','2021-12-04 04:49:08'),(25,19,3,1252.00,125.20,'[]',47,'Smart Televisions',2667.00,0,'2021-12-04 04:49:08','2021-12-04 04:49:08'),(26,20,3,899.00,89.90,'[]',35,'Smart Watch External',1527.00,0,'2021-12-04 04:49:08','2021-12-04 04:49:08'),(27,21,3,540.00,54.00,'[]',61,'Sound Intone I65 Earphone White Version',1950.00,0,'2021-12-04 04:49:08','2021-12-04 04:49:08'),(28,22,1,899.00,89.90,'[]',35,'Smart Watch External',509.00,0,'2021-12-04 04:49:08','2021-12-04 04:49:08'),(29,23,2,511.00,51.10,'[]',68,'Apple MacBook Air Retina 12-Inch Laptop',1528.00,0,'2021-12-04 04:49:08','2021-12-04 04:49:08'),(30,24,3,1054.00,105.40,'[]',72,'Aveeno Moisturizing Body Shower 450ml',1827.00,0,'2021-12-04 04:49:08','2021-12-04 04:49:08'),(31,25,3,402.00,40.20,'[]',38,'Nikon HD camera',2535.00,0,'2021-12-04 04:49:08','2021-12-04 04:49:08'),(32,26,1,1168.00,116.80,'[]',53,'Xbox One Wireless Controller Black Color',723.00,0,'2021-12-04 04:49:08','2021-12-04 04:49:08'),(33,27,1,514.00,51.40,'[]',59,'EPSION Plaster Printer',725.00,0,'2021-12-04 04:49:08','2021-12-04 04:49:08'),(34,28,3,984.00,98.40,'[]',74,'NYX Beauty Couton Pallete Makeup 12',1839.00,0,'2021-12-04 04:49:08','2021-12-04 04:49:08'),(35,29,3,1168.00,116.80,'[]',54,'Xbox One Wireless Controller Black Color',2169.00,0,'2021-12-04 04:49:08','2021-12-04 04:49:08'),(36,30,3,540.00,54.00,'[]',60,'Sound Intone I65 Earphone White Version',1950.00,0,'2021-12-04 04:49:08','2021-12-04 04:49:08'),(37,30,2,591.00,59.10,'[]',63,'B&O Play Mini Bluetooth Speaker',1352.00,0,'2021-12-04 04:49:08','2021-12-04 04:49:08'),(38,31,2,799.00,79.90,'[]',76,'NYX Beauty Couton Pallete Makeup 12',1690.00,0,'2021-12-04 04:49:08','2021-12-04 04:49:08'),(39,32,2,574.00,57.40,'[]',34,'Red & Black Headphone',1100.00,0,'2021-12-04 04:49:08','2021-12-04 04:49:08'),(40,33,3,685.00,68.50,'[]',78,'Baxter Care Hair Kit For Bearded Mens',1977.00,0,'2021-12-04 04:49:08','2021-12-04 04:49:08'),(41,34,2,20.00,2.00,'[]',30,'Beat Headphone',1440.00,0,'2021-12-04 04:49:08','2021-12-04 04:49:08'),(42,35,2,899.00,89.90,'[]',36,'Smart Watch External',1018.00,0,'2021-12-04 04:49:08','2021-12-04 04:49:08'),(43,36,2,514.00,51.40,'[]',55,'EPSION Plaster Printer',1450.00,0,'2021-12-04 04:49:08','2021-12-04 04:49:08'),(44,37,2,566.00,56.60,'[]',42,'Audio Equipment',1340.00,0,'2021-12-04 04:49:08','2021-12-04 04:49:08'),(45,38,1,1168.00,116.80,'[]',52,'Xbox One Wireless Controller Black Color',723.00,0,'2021-12-04 04:49:08','2021-12-04 04:49:08'),(46,39,1,1054.00,105.40,'[]',71,'Aveeno Moisturizing Body Shower 450ml',609.00,0,'2021-12-04 04:49:08','2021-12-04 04:49:08'),(47,40,1,685.00,68.50,'[]',80,'Baxter Care Hair Kit For Bearded Mens',659.00,0,'2021-12-04 04:49:08','2021-12-04 04:49:08'),(48,41,3,540.00,54.00,'[]',60,'Sound Intone I65 Earphone White Version',1950.00,0,'2021-12-04 04:49:08','2021-12-04 04:49:08'),(49,41,1,591.00,59.10,'[]',63,'B&O Play Mini Bluetooth Speaker',676.00,0,'2021-12-04 04:49:08','2021-12-04 04:49:08'),(50,41,2,1054.00,105.40,'[]',72,'Aveeno Moisturizing Body Shower 450ml',1218.00,0,'2021-12-04 04:49:08','2021-12-04 04:49:08'),(51,42,2,40.50,4.05,'[]',29,'Smart Watches',1310.00,0,'2021-12-04 04:49:08','2021-12-04 04:49:08'),(52,43,2,20.00,2.00,'[]',30,'Beat Headphone',1440.00,0,'2021-12-04 04:49:08','2021-12-04 04:49:08'),(53,44,1,1242.00,124.20,'[]',50,'Herschel Leather Duffle Bag In Brown Color',561.00,0,'2021-12-04 04:49:08','2021-12-04 04:49:08'),(54,45,1,984.00,98.40,'[]',73,'NYX Beauty Couton Pallete Makeup 12',613.00,0,'2021-12-04 04:49:08','2021-12-04 04:49:08'),(55,46,3,574.00,57.40,'[]',32,'Red & Black Headphone',1650.00,0,'2021-12-04 04:49:08','2021-12-04 04:49:08'),(56,47,3,574.00,57.40,'[]',48,'Samsung Smart Phone',1656.00,0,'2021-12-04 04:49:08','2021-12-04 04:49:08'),(57,48,3,40.50,4.05,'[]',29,'Smart Watches',1965.00,0,'2021-12-04 04:49:08','2021-12-04 04:49:08'),(58,49,3,685.00,68.50,'[]',80,'Baxter Care Hair Kit For Bearded Mens',1977.00,0,'2021-12-04 04:49:08','2021-12-04 04:49:08'),(59,50,2,566.00,56.60,'[]',43,'Audio Equipment',1340.00,0,'2021-12-04 04:49:08','2021-12-04 04:49:08'),(60,51,2,508.00,50.80,'[]',69,'Samsung Gear VR Virtual Reality Headset',1044.00,0,'2021-12-04 04:49:08','2021-12-04 04:49:08'),(61,52,2,1168.00,116.80,'[]',53,'Xbox One Wireless Controller Black Color',1446.00,0,'2021-12-04 04:49:08','2021-12-04 04:49:08'),(62,52,3,1168.00,116.80,'[]',54,'Xbox One Wireless Controller Black Color',2169.00,0,'2021-12-04 04:49:08','2021-12-04 04:49:08'),(63,53,2,793.00,79.30,'[]',83,'Ciate Palemore Lipstick Bold Red Color',1614.00,0,'2021-12-04 04:49:08','2021-12-04 04:49:08');
/*!40000 ALTER TABLE `ec_order_product` ENABLE KEYS */;
UNLOCK TABLES;

--
-- Table structure for table `ec_orders`
--

DROP TABLE IF EXISTS `ec_orders`;
/*!40101 SET @saved_cs_client     = @@character_set_client */;
/*!40101 SET character_set_client = utf8 */;
CREATE TABLE `ec_orders` (
  `id` bigint(20) unsigned NOT NULL AUTO_INCREMENT,
  `user_id` int(10) unsigned NOT NULL,
  `shipping_option` varchar(60) COLLATE utf8mb4_unicode_ci DEFAULT NULL,
  `shipping_method` varchar(60) COLLATE utf8mb4_unicode_ci NOT NULL DEFAULT 'default',
  `status` varchar(120) COLLATE utf8mb4_unicode_ci NOT NULL DEFAULT 'pending',
  `amount` decimal(15,2) NOT NULL,
  `tax_amount` decimal(15,2) DEFAULT NULL,
  `shipping_amount` decimal(15,2) DEFAULT NULL,
  `description` text COLLATE utf8mb4_unicode_ci DEFAULT NULL,
  `coupon_code` varchar(120) COLLATE utf8mb4_unicode_ci DEFAULT NULL,
  `discount_amount` decimal(15,2) DEFAULT NULL,
  `sub_total` decimal(15,2) NOT NULL,
  `is_confirmed` tinyint(1) NOT NULL DEFAULT 0,
  `discount_description` varchar(255) COLLATE utf8mb4_unicode_ci DEFAULT NULL,
  `is_finished` tinyint(1) DEFAULT 1,
  `token` varchar(120) COLLATE utf8mb4_unicode_ci DEFAULT NULL,
  `payment_id` int(10) unsigned DEFAULT NULL,
  `created_at` timestamp NULL DEFAULT NULL,
  `updated_at` timestamp NULL DEFAULT NULL,
  `store_id` int(10) unsigned DEFAULT NULL,
  PRIMARY KEY (`id`)
) ENGINE=InnoDB AUTO_INCREMENT=54 DEFAULT CHARSET=utf8mb4 COLLATE=utf8mb4_unicode_ci;
/*!40101 SET character_set_client = @saved_cs_client */;

--
-- Dumping data for table `ec_orders`
--

LOCK TABLES `ec_orders` WRITE;
/*!40000 ALTER TABLE `ec_orders` DISABLE KEYS */;
INSERT INTO `ec_orders` VALUES (1,7,'1','default','completed',1246.20,40.20,0.00,NULL,NULL,0.00,1206.00,1,NULL,1,'C8KYJpqfAeuCsad3GHpLOBLMUEBgz',1,'2021-11-17 12:49:07','2021-12-04 04:49:08',1),(2,7,'1','default','completed',2966.10,113.10,0.00,NULL,NULL,0.00,2853.00,1,NULL,1,'cYJkEwqSeUnvP3RUfwHzmOktgmGMn',2,'2021-11-17 12:49:07','2021-12-04 04:49:09',6),(3,10,'1','default','pending',1328.18,59.43,0.00,NULL,NULL,0.00,1268.75,1,NULL,1,'c5DD9qgQLqYzJifHlddqcVajLxHE2',3,'2021-11-19 22:49:08','2021-12-04 04:49:08',2),(4,10,'1','default','completed',44.55,4.05,0.00,NULL,NULL,0.00,40.50,1,NULL,1,'DDK0H5rAwEOAx4mc70wKim0YnlXad',4,'2021-11-24 16:49:08','2021-12-04 04:49:09',3),(5,10,'1','default','pending',844.20,40.20,0.00,NULL,NULL,0.00,804.00,1,NULL,1,'qXsLxlNrN7l1XMPUF1r8Eoiy9UVPi',5,'2021-12-01 00:49:08','2021-12-04 04:49:08',1),(6,10,'1','default','pending',2344.80,108.80,0.00,NULL,NULL,0.00,2236.00,1,NULL,1,'N4rZHckui0tcWKFIC7B0DXaUvypYx',6,'2021-11-29 16:49:08','2021-12-04 04:49:08',2),(7,10,'1','default','completed',844.20,40.20,0.00,NULL,NULL,0.00,804.00,1,NULL,1,'5mqqOqL4CeXZgnh0V7QqsecIAf3o6',7,'2021-11-22 04:49:08','2021-12-04 04:49:09',1),(8,10,'1','default','pending',1082.40,98.40,0.00,NULL,NULL,0.00,984.00,1,NULL,1,'3MFFrnEN5DahEGeUKq8fFDAaV3Xt0',8,'2021-11-25 04:49:08','2021-12-04 04:49:08',4),(9,7,'1','default','pending',1366.20,124.20,0.00,NULL,NULL,0.00,1242.00,1,NULL,1,'UNyKT200qpZjyGfEinqkOQkOqO9Yp',9,'2021-12-01 08:49:08','2021-12-04 04:49:08',5),(10,7,'1','default','completed',3620.80,116.80,0.00,NULL,NULL,0.00,3504.00,1,NULL,1,'SKJtqgbO3JKNV9EyZvbD8iRcNC87T',10,'2021-11-29 22:49:08','2021-12-04 04:49:09',3),(11,7,'1','default','completed',168.53,8.03,0.00,NULL,NULL,0.00,160.50,1,NULL,1,'VtWDi3FnCc3uBEDVnWK2SXFXwBEvO',11,'2021-11-23 12:49:08','2021-12-04 04:49:09',2),(12,7,'1','default','completed',1246.20,40.20,0.00,NULL,NULL,0.00,1206.00,1,NULL,1,'FWP4rLQZjb3NctAwtOAym76ZhtLVa',12,'2021-11-22 04:49:08','2021-12-04 04:49:09',1),(13,7,'1','default','completed',6458.40,248.40,0.00,NULL,NULL,0.00,6210.00,1,NULL,1,'Zn8etwpOFGRrRJSLGNoeug2KCsw4e',13,'2021-11-26 04:49:08','2021-12-04 04:49:10',5),(14,7,'1','default','pending',988.90,89.90,0.00,NULL,NULL,0.00,899.00,1,NULL,1,'E6Ts7sCiZulaZm8Z8yK8Vc8moFRhk',14,'2021-11-26 16:49:08','2021-12-04 04:49:08',3),(15,7,'1','default','completed',1134.00,54.00,0.00,NULL,NULL,0.00,1080.00,1,NULL,1,'NxSiU6TeRo5C2uww0CNNAInCpO4du',15,'2021-11-21 16:49:08','2021-12-04 04:49:10',6),(16,6,'1','default','completed',3705.85,120.85,0.00,NULL,NULL,0.00,3585.00,1,NULL,1,'5zqDi9VGL4IKGMv6vklMLkHsWcFZf',16,'2021-12-03 00:49:08','2021-12-04 04:49:10',3),(17,6,'1','default','completed',1205.40,57.40,0.00,NULL,NULL,0.00,1148.00,1,NULL,1,'OPhxUqJ07tsmAeuDhK1jlNVpUs8Xl',17,'2021-11-27 04:49:08','2021-12-04 04:49:10',2),(18,6,'1','default','completed',872.30,79.30,0.00,NULL,NULL,0.00,793.00,1,NULL,1,'JZsClE8YOZe3CxyWWoOwomIxFlWol',18,'2021-11-30 16:49:08','2021-12-04 04:49:10',1),(19,1,'1','default','pending',3943.20,127.20,0.00,NULL,NULL,0.00,3816.00,1,NULL,1,'ymynwLVfQb0VTN2xGE2mojPU1JyAT',19,'2021-11-24 10:49:08','2021-12-04 04:49:08',1),(20,1,'1','default','pending',2786.90,89.90,0.00,NULL,NULL,0.00,2697.00,1,NULL,1,'rxd5dnA6aDuA9ogjA03PlssZPpNtN',20,'2021-11-24 10:49:08','2021-12-04 04:49:08',3),(21,1,'1','default','pending',1674.00,54.00,0.00,NULL,NULL,0.00,1620.00,1,NULL,1,'qZVAqzQZBOSGkd3UWqBg0rHsKYqNI',21,'2021-11-23 08:49:08','2021-12-04 04:49:08',6),(22,7,'1','default','pending',988.90,89.90,0.00,NULL,NULL,0.00,899.00,1,NULL,1,'KwwdTNRpkKIAcLXtRyEEqAgYhKMiI',22,'2021-12-03 04:49:08','2021-12-04 04:49:08',3),(23,7,'1','default','pending',1073.10,51.10,0.00,NULL,NULL,0.00,1022.00,1,NULL,1,'c6VTPnnFrI6lOr5iFxKYGSLG1U7Ji',23,'2021-11-28 04:49:08','2021-12-04 04:49:08',5),(24,7,'1','default','completed',3267.40,105.40,0.00,NULL,NULL,0.00,3162.00,1,NULL,1,'qpfe7rChxmsUkz3zo3FDmGKSyAt6T',24,'2021-11-29 04:49:08','2021-12-04 04:49:10',6),(25,7,'1','default','completed',1246.20,40.20,0.00,NULL,NULL,0.00,1206.00,1,NULL,1,'XVogEZNKMcXKbdik2Cmn0kbLOFO4m',25,'2021-12-01 10:49:08','2021-12-04 04:49:10',1),(26,7,'1','default','completed',1284.80,116.80,0.00,NULL,NULL,0.00,1168.00,1,NULL,1,'Ahu3lxa60p16jpuCpak4mw49brdVk',26,'2021-11-30 12:49:08','2021-12-04 04:49:11',3),(27,7,'1','default','completed',565.40,51.40,0.00,NULL,NULL,0.00,514.00,1,NULL,1,'SEs7WPE9hofLyYbvlJmhnroB22HtQ',27,'2021-11-25 22:49:08','2021-12-04 04:49:11',2),(28,7,'1','default','pending',3050.40,98.40,0.00,NULL,NULL,0.00,2952.00,1,NULL,1,'diATS0K4sF18mIah1483FRNWOk8eZ',28,'2021-12-02 08:49:08','2021-12-04 04:49:08',4),(29,10,'1','default','pending',3620.80,116.80,0.00,NULL,NULL,0.00,3504.00,1,NULL,1,'Ss8MbaT9bvKDCK6mVEakqk1k3xtuf',29,'2021-11-28 08:49:08','2021-12-04 04:49:08',3),(30,10,'1','default','pending',2915.10,113.10,0.00,NULL,NULL,0.00,2802.00,1,NULL,1,'tQ3IKoi5ruMipAt60rFYVzkcLDBwM',30,'2021-11-29 04:49:08','2021-12-04 04:49:08',6),(31,10,'1','default','pending',1677.90,79.90,0.00,NULL,NULL,0.00,1598.00,1,NULL,1,'v6sSYCcEVWhpn1G0H89cVTXNmYUqx',31,'2021-11-25 20:49:08','2021-12-04 04:49:08',1),(32,7,'1','default','pending',1205.40,57.40,0.00,NULL,NULL,0.00,1148.00,1,NULL,1,'tBxhf5IVfeeA74UlwWfEo0iE6znCj',32,'2021-11-26 16:49:08','2021-12-04 04:49:08',2),(33,7,'1','default','completed',2123.50,68.50,0.00,NULL,NULL,0.00,2055.00,1,NULL,1,'BHku7BHPtHDnqI6hfZDGjm9IgW45L',33,'2021-11-30 10:49:08','2021-12-04 04:49:11',5),(34,7,'1','default','pending',42.00,2.00,0.00,NULL,NULL,0.00,40.00,1,NULL,1,'jELhktROnq3MU2qc1MtYYoJlil9Dz',34,'2021-11-28 20:49:08','2021-12-04 04:49:08',1),(35,7,'1','default','pending',1887.90,89.90,0.00,NULL,NULL,0.00,1798.00,1,NULL,1,'KYTLP4RsDXq1l1FVYKFDyjcTtzt0z',35,'2021-12-02 20:49:08','2021-12-04 04:49:08',3),(36,7,'1','default','completed',1079.40,51.40,0.00,NULL,NULL,0.00,1028.00,1,NULL,1,'xGdIUJ6lJYm6GlZhKtcKArxSaoylI',36,'2021-11-30 20:49:08','2021-12-04 04:49:11',2),(37,6,'1','default','completed',1188.60,56.60,0.00,NULL,NULL,0.00,1132.00,1,NULL,1,'1YSgHYMkRXKSTjgZNNkkNbnUGXSby',37,'2021-12-01 20:49:08','2021-12-04 04:49:11',2),(38,6,'1','default','pending',1284.80,116.80,0.00,NULL,NULL,0.00,1168.00,1,NULL,1,'AN7zCVu3STxz4CTGtK6VPVXZw9lGi',38,'2021-12-01 20:49:08','2021-12-04 04:49:08',3),(39,6,'1','default','pending',1159.40,105.40,0.00,NULL,NULL,0.00,1054.00,1,NULL,1,'8YNkNO26XRYD7CshJsjUe5oRu8is9',39,'2021-12-02 10:49:08','2021-12-04 04:49:08',6),(40,6,'1','default','pending',753.50,68.50,0.00,NULL,NULL,0.00,685.00,1,NULL,1,'fQaupnpk6IlauwMIc9CqRaa5l1n59',40,'2021-11-30 16:49:08','2021-12-04 04:49:08',5),(41,6,'1','default','completed',4537.50,218.50,0.00,NULL,NULL,0.00,4319.00,1,NULL,1,'97nE91ospBV3ZFWSssin6iIK1Kr6T',41,'2021-11-30 16:49:08','2021-12-04 04:49:11',6),(42,10,'1','default','completed',85.05,4.05,0.00,NULL,NULL,0.00,81.00,1,NULL,1,'TREtT0TwCvkDvc4nz9vbwyauuom9S',42,'2021-11-30 00:49:08','2021-12-04 04:49:11',3),(43,10,'1','default','completed',42.00,2.00,0.00,NULL,NULL,0.00,40.00,1,NULL,1,'X5IgHW6AZlFJNuxE6IezrlKYAXxPJ',43,'2021-11-30 10:49:08','2021-12-04 04:49:12',1),(44,10,'1','default','pending',1366.20,124.20,0.00,NULL,NULL,0.00,1242.00,1,NULL,1,'Go7mJ6pc3X6naGexSOeQMENFo65kU',44,'2021-12-02 12:49:08','2021-12-04 04:49:08',5),(45,10,'1','default','pending',1082.40,98.40,0.00,NULL,NULL,0.00,984.00,1,NULL,1,'JHD5NFnoCOYJu0YMrD5fUUe8ekkqI',45,'2021-11-30 00:49:08','2021-12-04 04:49:08',4),(46,10,'1','default','completed',1779.40,57.40,0.00,NULL,NULL,0.00,1722.00,1,NULL,1,'NrJzsNaOlHnYbgPUkn8FDRIrTmnWF',46,'2021-12-03 20:49:08','2021-12-04 04:49:12',2),(47,10,'1','default','pending',1779.40,57.40,0.00,NULL,NULL,0.00,1722.00,1,NULL,1,'1K5EY2tHRB8ozHAeTwLVG0pXdl79x',47,'2021-12-03 04:49:08','2021-12-04 04:49:08',4),(48,1,'1','default','pending',125.55,4.05,0.00,NULL,NULL,0.00,121.50,1,NULL,1,'dzUOpZ0wezzZcVawrEynwghTeJmxM',48,'2021-12-03 04:49:08','2021-12-04 04:49:08',3),(49,1,'1','default','completed',2123.50,68.50,0.00,NULL,NULL,0.00,2055.00,1,NULL,1,'quNXcerYVyPsSkDS23USzgB0hMXj1',49,'2021-12-02 10:49:08','2021-12-04 04:49:12',5),(50,7,'1','default','completed',1188.60,56.60,0.00,NULL,NULL,0.00,1132.00,1,NULL,1,'nntepr6iq6LaljcHCRICu4hnGL4zE',50,'2021-12-03 20:49:08','2021-12-04 04:49:12',2),(51,7,'1','default','completed',1066.80,50.80,0.00,NULL,NULL,0.00,1016.00,1,NULL,1,'1pk4sWDN45SqMZwYHSLx6nlfTDR2z',51,'2021-12-03 16:49:08','2021-12-04 04:49:12',5),(52,7,'1','default','pending',6073.60,233.60,0.00,NULL,NULL,0.00,5840.00,1,NULL,1,'8NghFraHUw1r8D0SVWQ4paMaBTpsP',52,'2021-12-03 12:49:08','2021-12-04 04:49:08',3),(53,7,'1','default','completed',1665.30,79.30,0.00,NULL,NULL,0.00,1586.00,1,NULL,1,'iD0CFIxLydXlsgwoHu09959ATtyWN',53,'2021-12-03 12:49:08','2021-12-04 04:49:12',1);
/*!40000 ALTER TABLE `ec_orders` ENABLE KEYS */;
UNLOCK TABLES;

--
-- Table structure for table `ec_product_attribute_sets`
--

DROP TABLE IF EXISTS `ec_product_attribute_sets`;
/*!40101 SET @saved_cs_client     = @@character_set_client */;
/*!40101 SET character_set_client = utf8 */;
CREATE TABLE `ec_product_attribute_sets` (
  `id` bigint(20) unsigned NOT NULL AUTO_INCREMENT,
  `title` varchar(120) COLLATE utf8mb4_unicode_ci NOT NULL,
  `slug` varchar(120) COLLATE utf8mb4_unicode_ci DEFAULT NULL,
  `display_layout` varchar(191) COLLATE utf8mb4_unicode_ci NOT NULL DEFAULT 'swatch_dropdown',
  `is_searchable` tinyint(3) unsigned NOT NULL DEFAULT 1,
  `is_comparable` tinyint(3) unsigned NOT NULL DEFAULT 1,
  `is_use_in_product_listing` tinyint(3) unsigned NOT NULL DEFAULT 0,
  `status` varchar(60) COLLATE utf8mb4_unicode_ci NOT NULL DEFAULT 'published',
  `order` tinyint(3) unsigned NOT NULL DEFAULT 0,
  `created_at` timestamp NULL DEFAULT NULL,
  `updated_at` timestamp NULL DEFAULT NULL,
  PRIMARY KEY (`id`)
) ENGINE=InnoDB AUTO_INCREMENT=3 DEFAULT CHARSET=utf8mb4 COLLATE=utf8mb4_unicode_ci;
/*!40101 SET character_set_client = @saved_cs_client */;

--
-- Dumping data for table `ec_product_attribute_sets`
--

LOCK TABLES `ec_product_attribute_sets` WRITE;
/*!40000 ALTER TABLE `ec_product_attribute_sets` DISABLE KEYS */;
INSERT INTO `ec_product_attribute_sets` VALUES (1,'Color','color','visual',1,1,1,'published',0,'2021-12-04 04:48:49','2021-12-04 04:48:49'),(2,'Size','size','text',1,1,1,'published',1,'2021-12-04 04:48:49','2021-12-04 04:48:49');
/*!40000 ALTER TABLE `ec_product_attribute_sets` ENABLE KEYS */;
UNLOCK TABLES;

--
-- Table structure for table `ec_product_attribute_sets_translations`
--

DROP TABLE IF EXISTS `ec_product_attribute_sets_translations`;
/*!40101 SET @saved_cs_client     = @@character_set_client */;
/*!40101 SET character_set_client = utf8 */;
CREATE TABLE `ec_product_attribute_sets_translations` (
  `lang_code` varchar(191) COLLATE utf8mb4_unicode_ci NOT NULL,
  `ec_product_attribute_sets_id` int(11) NOT NULL,
  `title` varchar(191) COLLATE utf8mb4_unicode_ci DEFAULT NULL,
  PRIMARY KEY (`lang_code`,`ec_product_attribute_sets_id`)
) ENGINE=InnoDB DEFAULT CHARSET=utf8mb4 COLLATE=utf8mb4_unicode_ci;
/*!40101 SET character_set_client = @saved_cs_client */;

--
-- Dumping data for table `ec_product_attribute_sets_translations`
--

LOCK TABLES `ec_product_attribute_sets_translations` WRITE;
/*!40000 ALTER TABLE `ec_product_attribute_sets_translations` DISABLE KEYS */;
INSERT INTO `ec_product_attribute_sets_translations` VALUES ('vi',1,'Màu sắc'),('vi',2,'Kích thước');
/*!40000 ALTER TABLE `ec_product_attribute_sets_translations` ENABLE KEYS */;
UNLOCK TABLES;

--
-- Table structure for table `ec_product_attributes`
--

DROP TABLE IF EXISTS `ec_product_attributes`;
/*!40101 SET @saved_cs_client     = @@character_set_client */;
/*!40101 SET character_set_client = utf8 */;
CREATE TABLE `ec_product_attributes` (
  `id` bigint(20) unsigned NOT NULL AUTO_INCREMENT,
  `attribute_set_id` int(10) unsigned NOT NULL,
  `title` varchar(120) COLLATE utf8mb4_unicode_ci NOT NULL,
  `slug` varchar(120) COLLATE utf8mb4_unicode_ci DEFAULT NULL,
  `color` varchar(50) COLLATE utf8mb4_unicode_ci DEFAULT NULL,
  `image` varchar(191) COLLATE utf8mb4_unicode_ci DEFAULT NULL,
  `is_default` tinyint(3) unsigned NOT NULL DEFAULT 0,
  `order` tinyint(3) unsigned NOT NULL DEFAULT 0,
  `status` varchar(60) COLLATE utf8mb4_unicode_ci NOT NULL DEFAULT 'published',
  `created_at` timestamp NULL DEFAULT NULL,
  `updated_at` timestamp NULL DEFAULT NULL,
  PRIMARY KEY (`id`)
) ENGINE=InnoDB AUTO_INCREMENT=11 DEFAULT CHARSET=utf8mb4 COLLATE=utf8mb4_unicode_ci;
/*!40101 SET character_set_client = @saved_cs_client */;

--
-- Dumping data for table `ec_product_attributes`
--

LOCK TABLES `ec_product_attributes` WRITE;
/*!40000 ALTER TABLE `ec_product_attributes` DISABLE KEYS */;
INSERT INTO `ec_product_attributes` VALUES (1,1,'Green','green','#5FB7D4',NULL,1,1,'published','2021-12-04 04:48:49','2021-12-04 04:48:49'),(2,1,'Blue','blue','#333333',NULL,0,2,'published','2021-12-04 04:48:49','2021-12-04 04:48:49'),(3,1,'Red','red','#DA323F',NULL,0,3,'published','2021-12-04 04:48:49','2021-12-04 04:48:49'),(4,1,'Black','back','#2F366C',NULL,0,4,'published','2021-12-04 04:48:49','2021-12-04 04:48:49'),(5,1,'Brown','brown','#87554B',NULL,0,5,'published','2021-12-04 04:48:49','2021-12-04 04:48:49'),(6,2,'S','s',NULL,NULL,1,1,'published','2021-12-04 04:48:49','2021-12-04 04:48:49'),(7,2,'M','m',NULL,NULL,0,2,'published','2021-12-04 04:48:49','2021-12-04 04:48:49'),(8,2,'L','l',NULL,NULL,0,3,'published','2021-12-04 04:48:49','2021-12-04 04:48:49'),(9,2,'XL','xl',NULL,NULL,0,4,'published','2021-12-04 04:48:49','2021-12-04 04:48:49'),(10,2,'XXL','xxl',NULL,NULL,0,5,'published','2021-12-04 04:48:49','2021-12-04 04:48:49');
/*!40000 ALTER TABLE `ec_product_attributes` ENABLE KEYS */;
UNLOCK TABLES;

--
-- Table structure for table `ec_product_attributes_translations`
--

DROP TABLE IF EXISTS `ec_product_attributes_translations`;
/*!40101 SET @saved_cs_client     = @@character_set_client */;
/*!40101 SET character_set_client = utf8 */;
CREATE TABLE `ec_product_attributes_translations` (
  `lang_code` varchar(191) COLLATE utf8mb4_unicode_ci NOT NULL,
  `ec_product_attributes_id` int(11) NOT NULL,
  `title` varchar(191) COLLATE utf8mb4_unicode_ci DEFAULT NULL,
  PRIMARY KEY (`lang_code`,`ec_product_attributes_id`)
) ENGINE=InnoDB DEFAULT CHARSET=utf8mb4 COLLATE=utf8mb4_unicode_ci;
/*!40101 SET character_set_client = @saved_cs_client */;

--
-- Dumping data for table `ec_product_attributes_translations`
--

LOCK TABLES `ec_product_attributes_translations` WRITE;
/*!40000 ALTER TABLE `ec_product_attributes_translations` DISABLE KEYS */;
INSERT INTO `ec_product_attributes_translations` VALUES ('vi',1,'Xanh lá cây'),('vi',2,'Xanh da trời'),('vi',3,'Đỏ'),('vi',4,'Đen'),('vi',5,'Nâu'),('vi',6,'S'),('vi',7,'M'),('vi',8,'L'),('vi',9,'XL'),('vi',10,'XXL');
/*!40000 ALTER TABLE `ec_product_attributes_translations` ENABLE KEYS */;
UNLOCK TABLES;

--
-- Table structure for table `ec_product_categories`
--

DROP TABLE IF EXISTS `ec_product_categories`;
/*!40101 SET @saved_cs_client     = @@character_set_client */;
/*!40101 SET character_set_client = utf8 */;
CREATE TABLE `ec_product_categories` (
  `id` bigint(20) unsigned NOT NULL AUTO_INCREMENT,
  `name` varchar(191) COLLATE utf8mb4_unicode_ci NOT NULL,
  `parent_id` int(10) unsigned DEFAULT 0,
  `description` mediumtext COLLATE utf8mb4_unicode_ci DEFAULT NULL,
  `status` varchar(60) COLLATE utf8mb4_unicode_ci NOT NULL DEFAULT 'published',
  `order` int(10) unsigned NOT NULL DEFAULT 0,
  `image` varchar(255) COLLATE utf8mb4_unicode_ci DEFAULT NULL,
  `is_featured` tinyint(3) unsigned NOT NULL DEFAULT 0,
  `created_at` timestamp NULL DEFAULT NULL,
  `updated_at` timestamp NULL DEFAULT NULL,
  PRIMARY KEY (`id`)
) ENGINE=InnoDB AUTO_INCREMENT=38 DEFAULT CHARSET=utf8mb4 COLLATE=utf8mb4_unicode_ci;
/*!40101 SET character_set_client = @saved_cs_client */;

--
-- Dumping data for table `ec_product_categories`
--

LOCK TABLES `ec_product_categories` WRITE;
/*!40000 ALTER TABLE `ec_product_categories` DISABLE KEYS */;
INSERT INTO `ec_product_categories` VALUES (1,'Hot Promotions',0,NULL,'published',0,NULL,0,'2021-12-04 04:48:35','2021-12-04 04:48:35'),(2,'Electronics',0,NULL,'published',1,'product-categories/1.jpg',1,'2021-12-04 04:48:35','2021-12-04 04:48:35'),(3,'Consumer Electronic',2,NULL,'published',0,NULL,0,'2021-12-04 04:48:35','2021-12-04 04:48:35'),(4,'Home Audio & Theaters',3,NULL,'published',0,NULL,0,'2021-12-04 04:48:35','2021-12-04 04:48:35'),(5,'TV & Videos',3,NULL,'published',1,NULL,0,'2021-12-04 04:48:35','2021-12-04 04:48:35'),(6,'Camera, Photos & Videos',3,NULL,'published',2,NULL,0,'2021-12-04 04:48:35','2021-12-04 04:48:35'),(7,'Cellphones & Accessories',3,NULL,'published',3,NULL,0,'2021-12-04 04:48:35','2021-12-04 04:48:35'),(8,'Headphones',3,NULL,'published',4,NULL,0,'2021-12-04 04:48:35','2021-12-04 04:48:35'),(9,'Videos games',3,NULL,'published',5,NULL,0,'2021-12-04 04:48:35','2021-12-04 04:48:35'),(10,'Wireless Speakers',3,NULL,'published',6,NULL,0,'2021-12-04 04:48:35','2021-12-04 04:48:35'),(11,'Office Electronic',3,NULL,'published',7,NULL,0,'2021-12-04 04:48:35','2021-12-04 04:48:35'),(12,'Accessories & Parts',2,NULL,'published',1,NULL,0,'2021-12-04 04:48:35','2021-12-04 04:48:35'),(13,'Digital Cables',12,NULL,'published',0,NULL,0,'2021-12-04 04:48:35','2021-12-04 04:48:35'),(14,'Audio & Video Cables',12,NULL,'published',1,NULL,0,'2021-12-04 04:48:35','2021-12-04 04:48:35'),(15,'Batteries',12,NULL,'published',2,NULL,0,'2021-12-04 04:48:35','2021-12-04 04:48:35'),(16,'Clothing',0,NULL,'published',2,'product-categories/2.jpg',1,'2021-12-04 04:48:35','2021-12-04 04:48:35'),(17,'Computers',0,NULL,'published',3,'product-categories/3.jpg',1,'2021-12-04 04:48:35','2021-12-04 04:48:35'),(18,'Computer & Technologies',17,NULL,'published',0,NULL,0,'2021-12-04 04:48:35','2021-12-04 04:48:35'),(19,'Computer & Tablets',18,NULL,'published',0,NULL,0,'2021-12-04 04:48:35','2021-12-04 04:48:35'),(20,'Laptop',18,NULL,'published',1,NULL,0,'2021-12-04 04:48:35','2021-12-04 04:48:35'),(21,'Monitors',18,NULL,'published',2,NULL,0,'2021-12-04 04:48:35','2021-12-04 04:48:35'),(22,'Computer Components',18,NULL,'published',3,NULL,0,'2021-12-04 04:48:35','2021-12-04 04:48:35'),(23,'Networking',17,NULL,'published',1,NULL,0,'2021-12-04 04:48:35','2021-12-04 04:48:35'),(24,'Drive & Storages',23,NULL,'published',0,NULL,0,'2021-12-04 04:48:35','2021-12-04 04:48:35'),(25,'Gaming Laptop',23,NULL,'published',1,NULL,0,'2021-12-04 04:48:35','2021-12-04 04:48:35'),(26,'Security & Protection',23,NULL,'published',2,NULL,0,'2021-12-04 04:48:35','2021-12-04 04:48:35'),(27,'Accessories',23,NULL,'published',3,NULL,0,'2021-12-04 04:48:35','2021-12-04 04:48:35'),(28,'Home & Kitchen',0,NULL,'published',4,'product-categories/4.jpg',1,'2021-12-04 04:48:35','2021-12-04 04:48:35'),(29,'Health & Beauty',0,NULL,'published',5,'product-categories/5.jpg',1,'2021-12-04 04:48:35','2021-12-04 04:48:35'),(30,'Jewelry & Watch',0,NULL,'published',6,'product-categories/6.jpg',1,'2021-12-04 04:48:35','2021-12-04 04:48:35'),(31,'Technology Toys',0,NULL,'published',7,'product-categories/7.jpg',1,'2021-12-04 04:48:35','2021-12-04 04:48:35'),(32,'Phones',0,NULL,'published',8,'product-categories/8.jpg',1,'2021-12-04 04:48:35','2021-12-04 04:48:35'),(33,'Babies & Moms',0,NULL,'published',9,NULL,0,'2021-12-04 04:48:35','2021-12-04 04:48:35'),(34,'Sport & Outdoor',0,NULL,'published',10,NULL,0,'2021-12-04 04:48:35','2021-12-04 04:48:35'),(35,'Books & Office',0,NULL,'published',11,NULL,0,'2021-12-04 04:48:35','2021-12-04 04:48:35'),(36,'Cars & Motorcycles',0,NULL,'published',12,NULL,0,'2021-12-04 04:48:35','2021-12-04 04:48:35'),(37,'Home Improvements',0,NULL,'published',13,NULL,0,'2021-12-04 04:48:35','2021-12-04 04:48:35');
/*!40000 ALTER TABLE `ec_product_categories` ENABLE KEYS */;
UNLOCK TABLES;

--
-- Table structure for table `ec_product_categories_translations`
--

DROP TABLE IF EXISTS `ec_product_categories_translations`;
/*!40101 SET @saved_cs_client     = @@character_set_client */;
/*!40101 SET character_set_client = utf8 */;
CREATE TABLE `ec_product_categories_translations` (
  `lang_code` varchar(191) COLLATE utf8mb4_unicode_ci NOT NULL,
  `ec_product_categories_id` int(11) NOT NULL,
  `name` varchar(191) COLLATE utf8mb4_unicode_ci DEFAULT NULL,
  `description` text COLLATE utf8mb4_unicode_ci DEFAULT NULL,
  PRIMARY KEY (`lang_code`,`ec_product_categories_id`)
) ENGINE=InnoDB DEFAULT CHARSET=utf8mb4 COLLATE=utf8mb4_unicode_ci;
/*!40101 SET character_set_client = @saved_cs_client */;

--
-- Dumping data for table `ec_product_categories_translations`
--

LOCK TABLES `ec_product_categories_translations` WRITE;
/*!40000 ALTER TABLE `ec_product_categories_translations` DISABLE KEYS */;
INSERT INTO `ec_product_categories_translations` VALUES ('vi',1,'Khuyến mãi hấp dẫn',NULL),('vi',2,'Điện tử',NULL),('vi',3,'Điện tử tiêu dùng',NULL),('vi',4,'Thiết bị nghe nhìn',NULL),('vi',5,'TV & Videos',NULL),('vi',6,'Camera, Photos & Videos',NULL),('vi',7,'Điện thoại di động & Phụ kiện',NULL),('vi',8,'Tai nghe',NULL),('vi',9,'Trò chơi video',NULL),('vi',10,'Loa không dây',NULL),('vi',11,'Điện tử văn phòng',NULL),('vi',12,'Phụ kiện & Phụ tùng',NULL),('vi',13,'Digital Cables',NULL),('vi',14,'Audio & Video Cables',NULL),('vi',15,'Pin',NULL),('vi',16,'Quần áo',NULL),('vi',17,'Máy tính',NULL),('vi',18,'Máy tính & Công nghệ',NULL),('vi',19,'Máy tính & Máy tính bảng',NULL),('vi',20,'Máy tính xách tay',NULL),('vi',21,'Màn hình',NULL),('vi',22,'Linh kiện Máy tính',NULL),('vi',23,'Mạng máy tính',NULL),('vi',24,'Thiết bị lưu trữ',NULL),('vi',25,'Máy tính xách tay chơi game',NULL),('vi',26,'Thiết bị bảo mật',NULL),('vi',27,'Phụ kiện',NULL),('vi',28,'Đồ dùng làm bếp',NULL),('vi',29,'Sức khỏe & làm đẹp',NULL),('vi',30,'Trang sức & Đồng hồ',NULL),('vi',31,'Đồ chơi công nghệ',NULL),('vi',32,'Điện thoại',NULL),('vi',33,'Mẹ và bé',NULL),('vi',34,'Thể thao & ngoài trời',NULL),('vi',35,'Sách & Văn phòng',NULL),('vi',36,'Ô tô & Xe máy',NULL),('vi',37,'Cải tiến nhà cửa',NULL);
/*!40000 ALTER TABLE `ec_product_categories_translations` ENABLE KEYS */;
UNLOCK TABLES;

--
-- Table structure for table `ec_product_category_product`
--

DROP TABLE IF EXISTS `ec_product_category_product`;
/*!40101 SET @saved_cs_client     = @@character_set_client */;
/*!40101 SET character_set_client = utf8 */;
CREATE TABLE `ec_product_category_product` (
  `id` bigint(20) unsigned NOT NULL AUTO_INCREMENT,
  `category_id` int(10) unsigned NOT NULL,
  `product_id` int(10) unsigned NOT NULL,
  PRIMARY KEY (`id`),
  KEY `ec_product_category_product_category_id_index` (`category_id`),
  KEY `ec_product_category_product_product_id_index` (`product_id`)
) ENGINE=InnoDB AUTO_INCREMENT=90 DEFAULT CHARSET=utf8mb4 COLLATE=utf8mb4_unicode_ci;
/*!40101 SET character_set_client = @saved_cs_client */;

--
-- Dumping data for table `ec_product_category_product`
--

LOCK TABLES `ec_product_category_product` WRITE;
/*!40000 ALTER TABLE `ec_product_category_product` DISABLE KEYS */;
INSERT INTO `ec_product_category_product` VALUES (1,17,1),(2,22,1),(3,24,1),(4,15,1),(5,29,2),(6,7,2),(7,8,2),(8,31,2),(9,1,3),(10,26,3),(11,32,3),(12,16,4),(13,24,4),(14,18,4),(15,22,4),(16,9,5),(17,5,5),(18,7,5),(19,30,5),(20,13,6),(21,1,6),(22,37,6),(23,23,6),(24,10,7),(25,22,7),(26,37,7),(27,20,7),(28,37,8),(29,30,8),(30,9,8),(31,34,8),(32,26,9),(33,11,9),(34,15,9),(35,36,9),(36,35,10),(37,32,10),(38,4,10),(39,31,10),(40,28,11),(41,7,11),(42,22,11),(43,25,11),(44,20,12),(45,21,12),(46,29,12),(47,23,12),(48,16,13),(49,3,13),(50,32,13),(51,19,14),(52,5,14),(53,26,14),(54,20,14),(55,37,15),(56,33,15),(57,30,15),(58,1,16),(59,22,16),(60,20,16),(61,19,16),(62,28,17),(63,16,17),(64,37,17),(65,31,17),(66,32,18),(67,12,18),(68,34,18),(69,26,18),(70,7,19),(71,18,19),(72,9,19),(73,26,19),(74,27,20),(75,22,20),(76,5,20),(77,23,20),(78,11,21),(79,36,21),(80,28,21),(81,17,21),(82,34,22),(83,13,22),(84,24,22),(85,28,22),(86,28,23),(87,24,23),(88,3,23),(89,32,23);
/*!40000 ALTER TABLE `ec_product_category_product` ENABLE KEYS */;
UNLOCK TABLES;

--
-- Table structure for table `ec_product_collection_products`
--

DROP TABLE IF EXISTS `ec_product_collection_products`;
/*!40101 SET @saved_cs_client     = @@character_set_client */;
/*!40101 SET character_set_client = utf8 */;
CREATE TABLE `ec_product_collection_products` (
  `id` bigint(20) unsigned NOT NULL AUTO_INCREMENT,
  `product_collection_id` int(10) unsigned NOT NULL,
  `product_id` int(10) unsigned NOT NULL,
  PRIMARY KEY (`id`),
  KEY `ec_product_collection_products_product_collection_id_index` (`product_collection_id`),
  KEY `ec_product_collection_products_product_id_index` (`product_id`)
) ENGINE=InnoDB AUTO_INCREMENT=24 DEFAULT CHARSET=utf8mb4 COLLATE=utf8mb4_unicode_ci;
/*!40101 SET character_set_client = @saved_cs_client */;

--
-- Dumping data for table `ec_product_collection_products`
--

LOCK TABLES `ec_product_collection_products` WRITE;
/*!40000 ALTER TABLE `ec_product_collection_products` DISABLE KEYS */;
INSERT INTO `ec_product_collection_products` VALUES (1,3,1),(2,1,2),(3,2,3),(4,3,4),(5,2,5),(6,1,6),(7,1,7),(8,2,8),(9,3,9),(10,1,10),(11,2,11),(12,3,12),(13,2,13),(14,2,14),(15,2,15),(16,1,16),(17,2,17),(18,3,18),(19,2,19),(20,3,20),(21,1,21),(22,2,22),(23,1,23);
/*!40000 ALTER TABLE `ec_product_collection_products` ENABLE KEYS */;
UNLOCK TABLES;

--
-- Table structure for table `ec_product_collections`
--

DROP TABLE IF EXISTS `ec_product_collections`;
/*!40101 SET @saved_cs_client     = @@character_set_client */;
/*!40101 SET character_set_client = utf8 */;
CREATE TABLE `ec_product_collections` (
  `id` bigint(20) unsigned NOT NULL AUTO_INCREMENT,
  `name` varchar(191) COLLATE utf8mb4_unicode_ci NOT NULL,
  `slug` varchar(191) COLLATE utf8mb4_unicode_ci NOT NULL,
  `description` varchar(400) COLLATE utf8mb4_unicode_ci DEFAULT NULL,
  `image` varchar(255) COLLATE utf8mb4_unicode_ci DEFAULT NULL,
  `status` varchar(60) COLLATE utf8mb4_unicode_ci NOT NULL DEFAULT 'published',
  `created_at` timestamp NULL DEFAULT NULL,
  `updated_at` timestamp NULL DEFAULT NULL,
  `is_featured` tinyint(3) unsigned NOT NULL DEFAULT 0,
  PRIMARY KEY (`id`)
) ENGINE=InnoDB AUTO_INCREMENT=4 DEFAULT CHARSET=utf8mb4 COLLATE=utf8mb4_unicode_ci;
/*!40101 SET character_set_client = @saved_cs_client */;

--
-- Dumping data for table `ec_product_collections`
--

LOCK TABLES `ec_product_collections` WRITE;
/*!40000 ALTER TABLE `ec_product_collections` DISABLE KEYS */;
INSERT INTO `ec_product_collections` VALUES (1,'New Arrival','new-arrival',NULL,NULL,'published','2021-12-04 04:48:35','2021-12-04 04:48:35',0),(2,'Best Sellers','best-sellers',NULL,NULL,'published','2021-12-04 04:48:35','2021-12-04 04:48:35',0),(3,'Special Offer','special-offer',NULL,NULL,'published','2021-12-04 04:48:35','2021-12-04 04:48:35',0);
/*!40000 ALTER TABLE `ec_product_collections` ENABLE KEYS */;
UNLOCK TABLES;

--
-- Table structure for table `ec_product_collections_translations`
--

DROP TABLE IF EXISTS `ec_product_collections_translations`;
/*!40101 SET @saved_cs_client     = @@character_set_client */;
/*!40101 SET character_set_client = utf8 */;
CREATE TABLE `ec_product_collections_translations` (
  `lang_code` varchar(191) COLLATE utf8mb4_unicode_ci NOT NULL,
  `ec_product_collections_id` int(11) NOT NULL,
  `name` varchar(191) COLLATE utf8mb4_unicode_ci DEFAULT NULL,
  `description` varchar(191) COLLATE utf8mb4_unicode_ci DEFAULT NULL,
  PRIMARY KEY (`lang_code`,`ec_product_collections_id`)
) ENGINE=InnoDB DEFAULT CHARSET=utf8mb4 COLLATE=utf8mb4_unicode_ci;
/*!40101 SET character_set_client = @saved_cs_client */;

--
-- Dumping data for table `ec_product_collections_translations`
--

LOCK TABLES `ec_product_collections_translations` WRITE;
/*!40000 ALTER TABLE `ec_product_collections_translations` DISABLE KEYS */;
INSERT INTO `ec_product_collections_translations` VALUES ('vi',1,'Hàng mới về',NULL),('vi',2,'Bán chạy nhất',NULL),('vi',3,'Khuyến mãi đặc biệt',NULL);
/*!40000 ALTER TABLE `ec_product_collections_translations` ENABLE KEYS */;
UNLOCK TABLES;

--
-- Table structure for table `ec_product_cross_sale_relations`
--

DROP TABLE IF EXISTS `ec_product_cross_sale_relations`;
/*!40101 SET @saved_cs_client     = @@character_set_client */;
/*!40101 SET character_set_client = utf8 */;
CREATE TABLE `ec_product_cross_sale_relations` (
  `id` bigint(20) unsigned NOT NULL AUTO_INCREMENT,
  `from_product_id` int(10) unsigned NOT NULL,
  `to_product_id` int(10) unsigned NOT NULL,
  PRIMARY KEY (`id`),
  KEY `ec_product_cross_sale_relations_from_product_id_index` (`from_product_id`),
  KEY `ec_product_cross_sale_relations_to_product_id_index` (`to_product_id`)
) ENGINE=InnoDB AUTO_INCREMENT=143 DEFAULT CHARSET=utf8mb4 COLLATE=utf8mb4_unicode_ci;
/*!40101 SET character_set_client = @saved_cs_client */;

--
-- Dumping data for table `ec_product_cross_sale_relations`
--

LOCK TABLES `ec_product_cross_sale_relations` WRITE;
/*!40000 ALTER TABLE `ec_product_cross_sale_relations` DISABLE KEYS */;
INSERT INTO `ec_product_cross_sale_relations` VALUES (1,1,9),(2,1,17),(3,1,16),(4,1,6),(5,1,10),(6,1,20),(7,2,20),(8,2,16),(9,2,19),(10,2,1),(11,2,4),(12,2,13),(13,3,16),(14,3,9),(15,3,6),(16,3,2),(17,3,19),(18,3,17),(19,3,13),(20,4,5),(21,4,17),(22,4,6),(23,4,16),(24,4,1),(25,4,19),(26,4,12),(27,5,13),(28,5,3),(29,5,8),(30,5,6),(31,5,11),(32,6,9),(33,6,19),(34,6,11),(35,6,18),(36,6,13),(37,6,10),(38,7,9),(39,7,18),(40,7,15),(41,7,4),(42,7,20),(43,8,2),(44,8,18),(45,8,6),(46,8,16),(47,8,19),(48,8,12),(49,9,12),(50,9,5),(51,9,4),(52,9,20),(53,9,16),(54,9,10),(55,10,4),(56,10,7),(57,10,6),(58,10,15),(59,10,20),(60,10,9),(61,10,16),(62,11,3),(63,11,13),(64,11,7),(65,11,16),(66,11,8),(67,11,17),(68,12,19),(69,12,5),(70,12,6),(71,12,3),(72,12,16),(73,12,1),(74,12,15),(75,13,18),(76,13,11),(77,13,10),(78,13,15),(79,13,4),(80,14,7),(81,14,8),(82,14,6),(83,14,12),(84,14,3),(85,14,16),(86,15,6),(87,15,7),(88,15,3),(89,15,9),(90,15,2),(91,15,14),(92,15,1),(93,16,20),(94,16,15),(95,16,6),(96,16,2),(97,16,9),(98,16,8),(99,17,19),(100,17,20),(101,17,1),(102,17,7),(103,17,12),(104,17,16),(105,18,6),(106,18,7),(107,18,2),(108,18,14),(109,18,5),(110,18,19),(111,19,14),(112,19,1),(113,19,10),(114,19,18),(115,19,20),(116,19,16),(117,19,2),(118,20,7),(119,20,19),(120,20,5),(121,20,2),(122,20,11),(123,20,16),(124,21,8),(125,21,12),(126,21,7),(127,21,4),(128,21,13),(129,21,15),(130,21,11),(131,22,11),(132,22,14),(133,22,18),(134,22,17),(135,22,7),(136,22,5),(137,23,15),(138,23,13),(139,23,1),(140,23,8),(141,23,7),(142,23,19);
/*!40000 ALTER TABLE `ec_product_cross_sale_relations` ENABLE KEYS */;
UNLOCK TABLES;

--
-- Table structure for table `ec_product_label_products`
--

DROP TABLE IF EXISTS `ec_product_label_products`;
/*!40101 SET @saved_cs_client     = @@character_set_client */;
/*!40101 SET character_set_client = utf8 */;
CREATE TABLE `ec_product_label_products` (
  `product_label_id` int(10) unsigned NOT NULL,
  `product_id` int(10) unsigned NOT NULL,
  PRIMARY KEY (`product_label_id`,`product_id`),
  KEY `ec_product_label_products_product_label_id_index` (`product_label_id`),
  KEY `ec_product_label_products_product_id_index` (`product_id`)
) ENGINE=InnoDB DEFAULT CHARSET=utf8mb4 COLLATE=utf8mb4_unicode_ci;
/*!40101 SET character_set_client = @saved_cs_client */;

--
-- Dumping data for table `ec_product_label_products`
--

LOCK TABLES `ec_product_label_products` WRITE;
/*!40000 ALTER TABLE `ec_product_label_products` DISABLE KEYS */;
INSERT INTO `ec_product_label_products` VALUES (1,3),(1,6),(1,12),(2,9),(2,18),(3,15),(3,21);
/*!40000 ALTER TABLE `ec_product_label_products` ENABLE KEYS */;
UNLOCK TABLES;

--
-- Table structure for table `ec_product_labels`
--

DROP TABLE IF EXISTS `ec_product_labels`;
/*!40101 SET @saved_cs_client     = @@character_set_client */;
/*!40101 SET character_set_client = utf8 */;
CREATE TABLE `ec_product_labels` (
  `id` bigint(20) unsigned NOT NULL AUTO_INCREMENT,
  `name` varchar(255) COLLATE utf8mb4_unicode_ci NOT NULL,
  `color` varchar(120) COLLATE utf8mb4_unicode_ci DEFAULT NULL,
  `status` varchar(60) COLLATE utf8mb4_unicode_ci NOT NULL DEFAULT 'published',
  `created_at` timestamp NULL DEFAULT NULL,
  `updated_at` timestamp NULL DEFAULT NULL,
  PRIMARY KEY (`id`)
) ENGINE=InnoDB AUTO_INCREMENT=4 DEFAULT CHARSET=utf8mb4 COLLATE=utf8mb4_unicode_ci;
/*!40101 SET character_set_client = @saved_cs_client */;

--
-- Dumping data for table `ec_product_labels`
--

LOCK TABLES `ec_product_labels` WRITE;
/*!40000 ALTER TABLE `ec_product_labels` DISABLE KEYS */;
INSERT INTO `ec_product_labels` VALUES (1,'Hot','#ec2434','published','2021-12-04 04:48:35','2021-12-04 04:48:35'),(2,'New','#00c9a7','published','2021-12-04 04:48:35','2021-12-04 04:48:35'),(3,'Sale','#fe9931','published','2021-12-04 04:48:35','2021-12-04 04:48:35');
/*!40000 ALTER TABLE `ec_product_labels` ENABLE KEYS */;
UNLOCK TABLES;

--
-- Table structure for table `ec_product_labels_translations`
--

DROP TABLE IF EXISTS `ec_product_labels_translations`;
/*!40101 SET @saved_cs_client     = @@character_set_client */;
/*!40101 SET character_set_client = utf8 */;
CREATE TABLE `ec_product_labels_translations` (
  `lang_code` varchar(191) COLLATE utf8mb4_unicode_ci NOT NULL,
  `ec_product_labels_id` int(11) NOT NULL,
  `name` varchar(191) COLLATE utf8mb4_unicode_ci DEFAULT NULL,
  `description` varchar(191) COLLATE utf8mb4_unicode_ci DEFAULT NULL,
  PRIMARY KEY (`lang_code`,`ec_product_labels_id`)
) ENGINE=InnoDB DEFAULT CHARSET=utf8mb4 COLLATE=utf8mb4_unicode_ci;
/*!40101 SET character_set_client = @saved_cs_client */;

--
-- Dumping data for table `ec_product_labels_translations`
--

LOCK TABLES `ec_product_labels_translations` WRITE;
/*!40000 ALTER TABLE `ec_product_labels_translations` DISABLE KEYS */;
INSERT INTO `ec_product_labels_translations` VALUES ('vi',1,'Nổi bật',NULL),('vi',2,'Mới',NULL),('vi',3,'Giảm giá',NULL);
/*!40000 ALTER TABLE `ec_product_labels_translations` ENABLE KEYS */;
UNLOCK TABLES;

--
-- Table structure for table `ec_product_related_relations`
--

DROP TABLE IF EXISTS `ec_product_related_relations`;
/*!40101 SET @saved_cs_client     = @@character_set_client */;
/*!40101 SET character_set_client = utf8 */;
CREATE TABLE `ec_product_related_relations` (
  `id` bigint(20) unsigned NOT NULL AUTO_INCREMENT,
  `from_product_id` int(10) unsigned NOT NULL,
  `to_product_id` int(10) unsigned NOT NULL,
  PRIMARY KEY (`id`),
  KEY `ec_product_related_relations_from_product_id_index` (`from_product_id`),
  KEY `ec_product_related_relations_to_product_id_index` (`to_product_id`)
) ENGINE=InnoDB DEFAULT CHARSET=utf8mb4 COLLATE=utf8mb4_unicode_ci;
/*!40101 SET character_set_client = @saved_cs_client */;

--
-- Dumping data for table `ec_product_related_relations`
--

LOCK TABLES `ec_product_related_relations` WRITE;
/*!40000 ALTER TABLE `ec_product_related_relations` DISABLE KEYS */;
/*!40000 ALTER TABLE `ec_product_related_relations` ENABLE KEYS */;
UNLOCK TABLES;

--
-- Table structure for table `ec_product_tag_product`
--

DROP TABLE IF EXISTS `ec_product_tag_product`;
/*!40101 SET @saved_cs_client     = @@character_set_client */;
/*!40101 SET character_set_client = utf8 */;
CREATE TABLE `ec_product_tag_product` (
  `product_id` int(10) unsigned NOT NULL,
  `tag_id` int(10) unsigned NOT NULL,
  PRIMARY KEY (`product_id`,`tag_id`),
  KEY `ec_product_tag_product_product_id_index` (`product_id`),
  KEY `ec_product_tag_product_tag_id_index` (`tag_id`)
) ENGINE=InnoDB DEFAULT CHARSET=utf8mb4 COLLATE=utf8mb4_unicode_ci;
/*!40101 SET character_set_client = @saved_cs_client */;

--
-- Dumping data for table `ec_product_tag_product`
--

LOCK TABLES `ec_product_tag_product` WRITE;
/*!40000 ALTER TABLE `ec_product_tag_product` DISABLE KEYS */;
INSERT INTO `ec_product_tag_product` VALUES (1,2),(1,5),(1,6),(2,1),(2,3),(2,5),(3,4),(3,6),(4,3),(4,4),(4,5),(5,1),(5,5),(6,2),(6,4),(6,6),(7,1),(7,3),(7,6),(8,1),(8,6),(9,1),(9,2),(9,6),(10,1),(10,3),(11,2),(11,4),(11,5),(12,2),(12,3),(12,6),(13,1),(13,2),(13,6),(14,3),(14,4),(15,2),(15,3),(15,5),(16,4),(16,6),(17,2),(17,5),(18,3),(18,4),(18,6),(19,3),(19,4),(19,6),(20,2),(20,4),(20,5),(21,2),(21,4),(21,5),(22,1),(22,2),(22,6),(23,1),(23,2),(23,3);
/*!40000 ALTER TABLE `ec_product_tag_product` ENABLE KEYS */;
UNLOCK TABLES;

--
-- Table structure for table `ec_product_tags`
--

DROP TABLE IF EXISTS `ec_product_tags`;
/*!40101 SET @saved_cs_client     = @@character_set_client */;
/*!40101 SET character_set_client = utf8 */;
CREATE TABLE `ec_product_tags` (
  `id` bigint(20) unsigned NOT NULL AUTO_INCREMENT,
  `name` varchar(120) COLLATE utf8mb4_unicode_ci NOT NULL,
  `description` varchar(400) COLLATE utf8mb4_unicode_ci DEFAULT NULL,
  `status` varchar(60) COLLATE utf8mb4_unicode_ci NOT NULL DEFAULT 'published',
  `created_at` timestamp NULL DEFAULT NULL,
  `updated_at` timestamp NULL DEFAULT NULL,
  PRIMARY KEY (`id`)
) ENGINE=InnoDB AUTO_INCREMENT=7 DEFAULT CHARSET=utf8mb4 COLLATE=utf8mb4_unicode_ci;
/*!40101 SET character_set_client = @saved_cs_client */;

--
-- Dumping data for table `ec_product_tags`
--

LOCK TABLES `ec_product_tags` WRITE;
/*!40000 ALTER TABLE `ec_product_tags` DISABLE KEYS */;
INSERT INTO `ec_product_tags` VALUES (1,'Electronic',NULL,'published','2021-12-04 04:48:53','2021-12-04 04:48:53'),(2,'Mobile',NULL,'published','2021-12-04 04:48:53','2021-12-04 04:48:53'),(3,'Iphone',NULL,'published','2021-12-04 04:48:53','2021-12-04 04:48:53'),(4,'Printer',NULL,'published','2021-12-04 04:48:53','2021-12-04 04:48:53'),(5,'Office',NULL,'published','2021-12-04 04:48:53','2021-12-04 04:48:53'),(6,'IT',NULL,'published','2021-12-04 04:48:53','2021-12-04 04:48:53');
/*!40000 ALTER TABLE `ec_product_tags` ENABLE KEYS */;
UNLOCK TABLES;

--
-- Table structure for table `ec_product_tags_translations`
--

DROP TABLE IF EXISTS `ec_product_tags_translations`;
/*!40101 SET @saved_cs_client     = @@character_set_client */;
/*!40101 SET character_set_client = utf8 */;
CREATE TABLE `ec_product_tags_translations` (
  `lang_code` varchar(191) COLLATE utf8mb4_unicode_ci NOT NULL,
  `ec_product_tags_id` int(11) NOT NULL,
  `name` varchar(191) COLLATE utf8mb4_unicode_ci DEFAULT NULL,
  PRIMARY KEY (`lang_code`,`ec_product_tags_id`)
) ENGINE=InnoDB DEFAULT CHARSET=utf8mb4 COLLATE=utf8mb4_unicode_ci;
/*!40101 SET character_set_client = @saved_cs_client */;

--
-- Dumping data for table `ec_product_tags_translations`
--

LOCK TABLES `ec_product_tags_translations` WRITE;
/*!40000 ALTER TABLE `ec_product_tags_translations` DISABLE KEYS */;
INSERT INTO `ec_product_tags_translations` VALUES ('vi',1,'Electronic'),('vi',2,'Mobile'),('vi',3,'Iphone'),('vi',4,'Printer'),('vi',5,'Office'),('vi',6,'IT');
/*!40000 ALTER TABLE `ec_product_tags_translations` ENABLE KEYS */;
UNLOCK TABLES;

--
-- Table structure for table `ec_product_up_sale_relations`
--

DROP TABLE IF EXISTS `ec_product_up_sale_relations`;
/*!40101 SET @saved_cs_client     = @@character_set_client */;
/*!40101 SET character_set_client = utf8 */;
CREATE TABLE `ec_product_up_sale_relations` (
  `id` bigint(20) unsigned NOT NULL AUTO_INCREMENT,
  `from_product_id` int(10) unsigned NOT NULL,
  `to_product_id` int(10) unsigned NOT NULL,
  PRIMARY KEY (`id`),
  KEY `ec_product_up_sale_relations_from_product_id_index` (`from_product_id`),
  KEY `ec_product_up_sale_relations_to_product_id_index` (`to_product_id`)
) ENGINE=InnoDB DEFAULT CHARSET=utf8mb4 COLLATE=utf8mb4_unicode_ci;
/*!40101 SET character_set_client = @saved_cs_client */;

--
-- Dumping data for table `ec_product_up_sale_relations`
--

LOCK TABLES `ec_product_up_sale_relations` WRITE;
/*!40000 ALTER TABLE `ec_product_up_sale_relations` DISABLE KEYS */;
/*!40000 ALTER TABLE `ec_product_up_sale_relations` ENABLE KEYS */;
UNLOCK TABLES;

--
-- Table structure for table `ec_product_variation_items`
--

DROP TABLE IF EXISTS `ec_product_variation_items`;
/*!40101 SET @saved_cs_client     = @@character_set_client */;
/*!40101 SET character_set_client = utf8 */;
CREATE TABLE `ec_product_variation_items` (
  `id` bigint(20) unsigned NOT NULL AUTO_INCREMENT,
  `attribute_id` int(10) unsigned NOT NULL,
  `variation_id` int(10) unsigned NOT NULL,
  PRIMARY KEY (`id`)
) ENGINE=InnoDB AUTO_INCREMENT=121 DEFAULT CHARSET=utf8mb4 COLLATE=utf8mb4_unicode_ci;
/*!40101 SET character_set_client = @saved_cs_client */;

--
-- Dumping data for table `ec_product_variation_items`
--

LOCK TABLES `ec_product_variation_items` WRITE;
/*!40000 ALTER TABLE `ec_product_variation_items` DISABLE KEYS */;
INSERT INTO `ec_product_variation_items` VALUES (1,5,1),(2,7,1),(3,2,2),(4,6,2),(5,4,3),(6,9,3),(7,4,4),(8,8,4),(9,5,5),(10,7,5),(11,5,6),(12,9,6),(13,5,7),(14,8,7),(15,4,8),(16,7,8),(17,1,9),(18,7,9),(19,2,10),(20,8,10),(21,5,11),(22,8,11),(23,4,12),(24,8,12),(25,1,13),(26,8,13),(27,2,14),(28,8,14),(29,2,15),(30,7,15),(31,3,16),(32,10,16),(33,5,17),(34,6,17),(35,2,18),(36,9,18),(37,1,19),(38,7,19),(39,4,20),(40,7,20),(41,3,21),(42,7,21),(43,3,22),(44,9,22),(45,3,23),(46,10,23),(47,5,24),(48,6,24),(49,4,25),(50,8,25),(51,2,26),(52,6,26),(53,3,27),(54,6,27),(55,5,28),(56,8,28),(57,3,29),(58,7,29),(59,3,30),(60,8,30),(61,1,31),(62,10,31),(63,5,32),(64,7,32),(65,1,33),(66,6,33),(67,4,34),(68,6,34),(69,5,35),(70,7,35),(71,1,36),(72,6,36),(73,4,37),(74,6,37),(75,1,38),(76,8,38),(77,3,39),(78,10,39),(79,3,40),(80,7,40),(81,4,41),(82,6,41),(83,5,42),(84,9,42),(85,3,43),(86,9,43),(87,5,44),(88,7,44),(89,5,45),(90,10,45),(91,2,46),(92,10,46),(93,1,47),(94,8,47),(95,2,48),(96,10,48),(97,1,49),(98,6,49),(99,5,50),(100,10,50),(101,1,51),(102,9,51),(103,2,52),(104,6,52),(105,4,53),(106,6,53),(107,1,54),(108,9,54),(109,2,55),(110,9,55),(111,3,56),(112,9,56),(113,1,57),(114,6,57),(115,2,58),(116,8,58),(117,2,59),(118,8,59),(119,4,60),(120,10,60);
/*!40000 ALTER TABLE `ec_product_variation_items` ENABLE KEYS */;
UNLOCK TABLES;

--
-- Table structure for table `ec_product_variations`
--

DROP TABLE IF EXISTS `ec_product_variations`;
/*!40101 SET @saved_cs_client     = @@character_set_client */;
/*!40101 SET character_set_client = utf8 */;
CREATE TABLE `ec_product_variations` (
  `id` bigint(20) unsigned NOT NULL AUTO_INCREMENT,
  `product_id` int(10) unsigned DEFAULT NULL,
  `configurable_product_id` int(10) unsigned NOT NULL,
  `is_default` tinyint(4) NOT NULL DEFAULT 0,
  PRIMARY KEY (`id`)
) ENGINE=InnoDB AUTO_INCREMENT=61 DEFAULT CHARSET=utf8mb4 COLLATE=utf8mb4_unicode_ci;
/*!40101 SET character_set_client = @saved_cs_client */;

--
-- Dumping data for table `ec_product_variations`
--

LOCK TABLES `ec_product_variations` WRITE;
/*!40000 ALTER TABLE `ec_product_variations` DISABLE KEYS */;
INSERT INTO `ec_product_variations` VALUES (1,24,1,1),(2,25,1,0),(3,26,2,1),(4,27,2,0),(5,28,2,0),(6,29,2,0),(7,30,3,1),(8,31,4,1),(9,32,4,0),(10,33,4,0),(11,34,4,0),(12,35,5,1),(13,36,5,0),(14,37,5,0),(15,38,6,1),(16,39,6,0),(17,40,6,0),(18,41,6,0),(19,42,7,1),(20,43,7,0),(21,44,7,0),(22,45,8,1),(23,46,8,0),(24,47,8,0),(25,48,9,1),(26,49,9,0),(27,50,10,1),(28,51,10,0),(29,52,11,1),(30,53,11,0),(31,54,11,0),(32,55,12,1),(33,56,12,0),(34,57,12,0),(35,58,12,0),(36,59,12,0),(37,60,13,1),(38,61,13,0),(39,62,13,0),(40,63,14,1),(41,64,14,0),(42,65,14,0),(43,66,15,1),(44,67,16,1),(45,68,16,0),(46,69,17,1),(47,70,17,0),(48,71,18,1),(49,72,18,0),(50,73,19,1),(51,74,19,0),(52,75,19,0),(53,76,20,1),(54,77,21,1),(55,78,22,1),(56,79,22,0),(57,80,22,0),(58,81,22,0),(59,82,23,1),(60,83,23,0);
/*!40000 ALTER TABLE `ec_product_variations` ENABLE KEYS */;
UNLOCK TABLES;

--
-- Table structure for table `ec_product_with_attribute`
--

DROP TABLE IF EXISTS `ec_product_with_attribute`;
/*!40101 SET @saved_cs_client     = @@character_set_client */;
/*!40101 SET character_set_client = utf8 */;
CREATE TABLE `ec_product_with_attribute` (
  `id` bigint(20) unsigned NOT NULL AUTO_INCREMENT,
  `attribute_id` int(10) unsigned NOT NULL,
  `product_id` int(10) unsigned NOT NULL,
  PRIMARY KEY (`id`)
) ENGINE=InnoDB AUTO_INCREMENT=47 DEFAULT CHARSET=utf8mb4 COLLATE=utf8mb4_unicode_ci;
/*!40101 SET character_set_client = @saved_cs_client */;

--
-- Dumping data for table `ec_product_with_attribute`
--

LOCK TABLES `ec_product_with_attribute` WRITE;
/*!40000 ALTER TABLE `ec_product_with_attribute` DISABLE KEYS */;
INSERT INTO `ec_product_with_attribute` VALUES (1,5,1),(2,6,1),(3,4,2),(4,7,2),(5,3,3),(6,6,3),(7,1,4),(8,10,4),(9,1,5),(10,7,5),(11,5,6),(12,9,6),(13,4,7),(14,8,7),(15,2,8),(16,7,8),(17,5,9),(18,8,9),(19,3,10),(20,10,10),(21,4,11),(22,6,11),(23,2,12),(24,9,12),(25,3,13),(26,9,13),(27,1,14),(28,8,14),(29,1,15),(30,8,15),(31,3,16),(32,10,16),(33,1,17),(34,7,17),(35,4,18),(36,6,18),(37,2,19),(38,10,19),(39,2,20),(40,8,20),(41,4,21),(42,10,21),(43,4,22),(44,10,22),(45,1,23),(46,7,23);
/*!40000 ALTER TABLE `ec_product_with_attribute` ENABLE KEYS */;
UNLOCK TABLES;

--
-- Table structure for table `ec_product_with_attribute_set`
--

DROP TABLE IF EXISTS `ec_product_with_attribute_set`;
/*!40101 SET @saved_cs_client     = @@character_set_client */;
/*!40101 SET character_set_client = utf8 */;
CREATE TABLE `ec_product_with_attribute_set` (
  `id` bigint(20) unsigned NOT NULL AUTO_INCREMENT,
  `attribute_set_id` int(10) unsigned NOT NULL,
  `product_id` int(10) unsigned NOT NULL,
  `order` tinyint(3) unsigned NOT NULL DEFAULT 0,
  PRIMARY KEY (`id`)
) ENGINE=InnoDB AUTO_INCREMENT=47 DEFAULT CHARSET=utf8mb4 COLLATE=utf8mb4_unicode_ci;
/*!40101 SET character_set_client = @saved_cs_client */;

--
-- Dumping data for table `ec_product_with_attribute_set`
--

LOCK TABLES `ec_product_with_attribute_set` WRITE;
/*!40000 ALTER TABLE `ec_product_with_attribute_set` DISABLE KEYS */;
INSERT INTO `ec_product_with_attribute_set` VALUES (1,1,1,0),(2,2,1,0),(3,1,2,0),(4,2,2,0),(5,1,3,0),(6,2,3,0),(7,1,4,0),(8,2,4,0),(9,1,5,0),(10,2,5,0),(11,1,6,0),(12,2,6,0),(13,1,7,0),(14,2,7,0),(15,1,8,0),(16,2,8,0),(17,1,9,0),(18,2,9,0),(19,1,10,0),(20,2,10,0),(21,1,11,0),(22,2,11,0),(23,1,12,0),(24,2,12,0),(25,1,13,0),(26,2,13,0),(27,1,14,0),(28,2,14,0),(29,1,15,0),(30,2,15,0),(31,1,16,0),(32,2,16,0),(33,1,17,0),(34,2,17,0),(35,1,18,0),(36,2,18,0),(37,1,19,0),(38,2,19,0),(39,1,20,0),(40,2,20,0),(41,1,21,0),(42,2,21,0),(43,1,22,0),(44,2,22,0),(45,1,23,0),(46,2,23,0);
/*!40000 ALTER TABLE `ec_product_with_attribute_set` ENABLE KEYS */;
UNLOCK TABLES;

--
-- Table structure for table `ec_products`
--

DROP TABLE IF EXISTS `ec_products`;
/*!40101 SET @saved_cs_client     = @@character_set_client */;
/*!40101 SET character_set_client = utf8 */;
CREATE TABLE `ec_products` (
  `id` bigint(20) unsigned NOT NULL AUTO_INCREMENT,
  `name` varchar(191) COLLATE utf8mb4_unicode_ci NOT NULL,
  `description` text COLLATE utf8mb4_unicode_ci DEFAULT NULL,
  `content` longtext COLLATE utf8mb4_unicode_ci DEFAULT NULL,
  `status` varchar(60) COLLATE utf8mb4_unicode_ci NOT NULL DEFAULT 'published',
  `images` text COLLATE utf8mb4_unicode_ci DEFAULT NULL,
  `sku` varchar(191) COLLATE utf8mb4_unicode_ci DEFAULT NULL,
  `order` int(10) unsigned NOT NULL DEFAULT 0,
  `quantity` int(10) unsigned DEFAULT NULL,
  `allow_checkout_when_out_of_stock` tinyint(3) unsigned NOT NULL DEFAULT 0,
  `with_storehouse_management` tinyint(3) unsigned NOT NULL DEFAULT 0,
  `is_featured` tinyint(3) unsigned NOT NULL DEFAULT 0,
  `brand_id` int(10) unsigned DEFAULT NULL,
  `is_variation` tinyint(4) NOT NULL DEFAULT 0,
  `sale_type` tinyint(4) NOT NULL DEFAULT 0,
  `price` double unsigned DEFAULT NULL,
  `sale_price` double unsigned DEFAULT NULL,
  `start_date` timestamp NULL DEFAULT NULL,
  `end_date` timestamp NULL DEFAULT NULL,
  `length` double(8,2) DEFAULT NULL,
  `wide` double(8,2) DEFAULT NULL,
  `height` double(8,2) DEFAULT NULL,
  `weight` double(8,2) DEFAULT NULL,
  `created_at` timestamp NULL DEFAULT NULL,
  `updated_at` timestamp NULL DEFAULT NULL,
  `tax_id` int(10) unsigned DEFAULT NULL,
  `views` bigint(20) NOT NULL DEFAULT 0,
  `stock_status` varchar(191) COLLATE utf8mb4_unicode_ci DEFAULT 'in_stock',
  `store_id` int(10) unsigned DEFAULT NULL,
  `created_by_id` int(11) DEFAULT 0,
  `created_by_type` varchar(255) COLLATE utf8mb4_unicode_ci NOT NULL DEFAULT 'Botble\\ACL\\Models\\User',
  `approved_by` int(11) DEFAULT 0,
  `image` varchar(255) COLLATE utf8mb4_unicode_ci DEFAULT NULL,
  PRIMARY KEY (`id`)
) ENGINE=InnoDB AUTO_INCREMENT=84 DEFAULT CHARSET=utf8mb4 COLLATE=utf8mb4_unicode_ci;
/*!40101 SET character_set_client = @saved_cs_client */;

--
-- Dumping data for table `ec_products`
--

LOCK TABLES `ec_products` WRITE;
/*!40000 ALTER TABLE `ec_products` DISABLE KEYS */;
INSERT INTO `ec_products` VALUES (1,'Dual Camera 20MP','<ul><li> Unrestrained and portable active stereo speaker</li>\n            <li> Free from the confines of wires and chords</li>\n            <li> 20 hours of portable capabilities</li>\n            <li> Double-ended Coil Cord with 3.5mm Stereo Plugs Included</li>\n            <li> 3/4″ Dome Tweeters: 2X and 4″ Woofer: 1X</li></ul>','<p>Short Hooded Coat features a straight body, large pockets with button flaps, ventilation air holes, and a string detail along the hemline. The style is completed with a drawstring hood, featuring Rains&rsquo; signature built-in cap. Made from waterproof, matte PU, this lightweight unisex rain jacket is an ode to nostalgia through its classic silhouette and utilitarian design details.</p>\n                                <p>- Casual unisex fit</p>\n\n                                <p>- 64% polyester, 36% polyurethane</p>\n\n                                <p>- Water column pressure: 4000 mm</p>\n\n                                <p>- Model is 187cm tall and wearing a size S / M</p>\n\n                                <p>- Unisex fit</p>\n\n                                <p>- Drawstring hood with built-in cap</p>\n\n                                <p>- Front placket with snap buttons</p>\n\n                                <p>- Ventilation under armpit</p>\n\n                                <p>- Adjustable cuffs</p>\n\n                                <p>- Double welted front pockets</p>\n\n                                <p>- Adjustable elastic string at hempen</p>\n\n                                <p>- Ultrasonically welded seams</p>\n\n                                <p>This is a unisex item, please check our clothing &amp; footwear sizing guide for specific Rains jacket sizing information. RAINS comes from the rainy nation of Denmark at the edge of the European continent, close to the ocean and with prevailing westerly winds; all factors that contribute to an average of 121 rain days each year. Arising from these rainy weather conditions comes the attitude that a quick rain shower may be beautiful, as well as moody- but first and foremost requires the right outfit. Rains focus on the whole experience of going outside on rainy days, issuing an invitation to explore even in the most mercurial weather.</p>','published','[\"products\\/1.jpg\"]','SW-187-A0',0,13,0,1,1,1,0,0,80.25,NULL,NULL,NULL,15.00,18.00,11.00,733.00,'2021-12-04 04:48:48','2021-12-04 04:49:07',1,32804,'in_stock',2,0,'Botble\\ACL\\Models\\User',0,NULL),(2,'Smart Watches','<ul><li> Unrestrained and portable active stereo speaker</li>\n            <li> Free from the confines of wires and chords</li>\n            <li> 20 hours of portable capabilities</li>\n            <li> Double-ended Coil Cord with 3.5mm Stereo Plugs Included</li>\n            <li> 3/4″ Dome Tweeters: 2X and 4″ Woofer: 1X</li></ul>','<p>Short Hooded Coat features a straight body, large pockets with button flaps, ventilation air holes, and a string detail along the hemline. The style is completed with a drawstring hood, featuring Rains&rsquo; signature built-in cap. Made from waterproof, matte PU, this lightweight unisex rain jacket is an ode to nostalgia through its classic silhouette and utilitarian design details.</p>\n                                <p>- Casual unisex fit</p>\n\n                                <p>- 64% polyester, 36% polyurethane</p>\n\n                                <p>- Water column pressure: 4000 mm</p>\n\n                                <p>- Model is 187cm tall and wearing a size S / M</p>\n\n                                <p>- Unisex fit</p>\n\n                                <p>- Drawstring hood with built-in cap</p>\n\n                                <p>- Front placket with snap buttons</p>\n\n                                <p>- Ventilation under armpit</p>\n\n                                <p>- Adjustable cuffs</p>\n\n                                <p>- Double welted front pockets</p>\n\n                                <p>- Adjustable elastic string at hempen</p>\n\n                                <p>- Ultrasonically welded seams</p>\n\n                                <p>This is a unisex item, please check our clothing &amp; footwear sizing guide for specific Rains jacket sizing information. RAINS comes from the rainy nation of Denmark at the edge of the European continent, close to the ocean and with prevailing westerly winds; all factors that contribute to an average of 121 rain days each year. Arising from these rainy weather conditions comes the attitude that a quick rain shower may be beautiful, as well as moody- but first and foremost requires the right outfit. Rains focus on the whole experience of going outside on rainy days, issuing an invitation to explore even in the most mercurial weather.</p>','published','[\"products\\/2.jpg\",\"products\\/2-1.jpg\",\"products\\/2-2.jpg\",\"products\\/2-3.jpg\"]','SW-130-A0',0,13,0,1,1,2,0,0,40.5,NULL,NULL,NULL,19.00,20.00,10.00,655.00,'2021-12-04 04:48:48','2021-12-04 04:49:07',1,49165,'in_stock',3,0,'Botble\\ACL\\Models\\User',0,NULL),(3,'Beat Headphone','<ul><li> Unrestrained and portable active stereo speaker</li>\n            <li> Free from the confines of wires and chords</li>\n            <li> 20 hours of portable capabilities</li>\n            <li> Double-ended Coil Cord with 3.5mm Stereo Plugs Included</li>\n            <li> 3/4″ Dome Tweeters: 2X and 4″ Woofer: 1X</li></ul>','<p>Short Hooded Coat features a straight body, large pockets with button flaps, ventilation air holes, and a string detail along the hemline. The style is completed with a drawstring hood, featuring Rains&rsquo; signature built-in cap. Made from waterproof, matte PU, this lightweight unisex rain jacket is an ode to nostalgia through its classic silhouette and utilitarian design details.</p>\n                                <p>- Casual unisex fit</p>\n\n                                <p>- 64% polyester, 36% polyurethane</p>\n\n                                <p>- Water column pressure: 4000 mm</p>\n\n                                <p>- Model is 187cm tall and wearing a size S / M</p>\n\n                                <p>- Unisex fit</p>\n\n                                <p>- Drawstring hood with built-in cap</p>\n\n                                <p>- Front placket with snap buttons</p>\n\n                                <p>- Ventilation under armpit</p>\n\n                                <p>- Adjustable cuffs</p>\n\n                                <p>- Double welted front pockets</p>\n\n                                <p>- Adjustable elastic string at hempen</p>\n\n                                <p>- Ultrasonically welded seams</p>\n\n                                <p>This is a unisex item, please check our clothing &amp; footwear sizing guide for specific Rains jacket sizing information. RAINS comes from the rainy nation of Denmark at the edge of the European continent, close to the ocean and with prevailing westerly winds; all factors that contribute to an average of 121 rain days each year. Arising from these rainy weather conditions comes the attitude that a quick rain shower may be beautiful, as well as moody- but first and foremost requires the right outfit. Rains focus on the whole experience of going outside on rainy days, issuing an invitation to explore even in the most mercurial weather.</p>','published','[\"products\\/3.jpg\"]','SW-144-A0',0,18,0,1,1,3,0,0,20,NULL,NULL,NULL,17.00,16.00,15.00,720.00,'2021-12-04 04:48:48','2021-12-04 04:49:07',1,136478,'in_stock',1,0,'Botble\\ACL\\Models\\User',0,NULL),(4,'Red & Black Headphone','<ul><li> Unrestrained and portable active stereo speaker</li>\n            <li> Free from the confines of wires and chords</li>\n            <li> 20 hours of portable capabilities</li>\n            <li> Double-ended Coil Cord with 3.5mm Stereo Plugs Included</li>\n            <li> 3/4″ Dome Tweeters: 2X and 4″ Woofer: 1X</li></ul>','<p>Short Hooded Coat features a straight body, large pockets with button flaps, ventilation air holes, and a string detail along the hemline. The style is completed with a drawstring hood, featuring Rains&rsquo; signature built-in cap. Made from waterproof, matte PU, this lightweight unisex rain jacket is an ode to nostalgia through its classic silhouette and utilitarian design details.</p>\n                                <p>- Casual unisex fit</p>\n\n                                <p>- 64% polyester, 36% polyurethane</p>\n\n                                <p>- Water column pressure: 4000 mm</p>\n\n                                <p>- Model is 187cm tall and wearing a size S / M</p>\n\n                                <p>- Unisex fit</p>\n\n                                <p>- Drawstring hood with built-in cap</p>\n\n                                <p>- Front placket with snap buttons</p>\n\n                                <p>- Ventilation under armpit</p>\n\n                                <p>- Adjustable cuffs</p>\n\n                                <p>- Double welted front pockets</p>\n\n                                <p>- Adjustable elastic string at hempen</p>\n\n                                <p>- Ultrasonically welded seams</p>\n\n                                <p>This is a unisex item, please check our clothing &amp; footwear sizing guide for specific Rains jacket sizing information. RAINS comes from the rainy nation of Denmark at the edge of the European continent, close to the ocean and with prevailing westerly winds; all factors that contribute to an average of 121 rain days each year. Arising from these rainy weather conditions comes the attitude that a quick rain shower may be beautiful, as well as moody- but first and foremost requires the right outfit. Rains focus on the whole experience of going outside on rainy days, issuing an invitation to explore even in the most mercurial weather.</p>','published','[\"products\\/4.jpg\",\"products\\/4-1.jpg\",\"products\\/4-2.jpg\",\"products\\/4-3.jpg\"]','SW-147-A0',0,14,0,1,1,5,0,0,574,487.9,NULL,NULL,19.00,12.00,14.00,550.00,'2021-12-04 04:48:48','2021-12-04 04:49:07',1,26264,'in_stock',2,0,'Botble\\ACL\\Models\\User',0,NULL),(5,'Smart Watch External','<ul><li> Unrestrained and portable active stereo speaker</li>\n            <li> Free from the confines of wires and chords</li>\n            <li> 20 hours of portable capabilities</li>\n            <li> Double-ended Coil Cord with 3.5mm Stereo Plugs Included</li>\n            <li> 3/4″ Dome Tweeters: 2X and 4″ Woofer: 1X</li></ul>','<p>Short Hooded Coat features a straight body, large pockets with button flaps, ventilation air holes, and a string detail along the hemline. The style is completed with a drawstring hood, featuring Rains&rsquo; signature built-in cap. Made from waterproof, matte PU, this lightweight unisex rain jacket is an ode to nostalgia through its classic silhouette and utilitarian design details.</p>\n                                <p>- Casual unisex fit</p>\n\n                                <p>- 64% polyester, 36% polyurethane</p>\n\n                                <p>- Water column pressure: 4000 mm</p>\n\n                                <p>- Model is 187cm tall and wearing a size S / M</p>\n\n                                <p>- Unisex fit</p>\n\n                                <p>- Drawstring hood with built-in cap</p>\n\n                                <p>- Front placket with snap buttons</p>\n\n                                <p>- Ventilation under armpit</p>\n\n                                <p>- Adjustable cuffs</p>\n\n                                <p>- Double welted front pockets</p>\n\n                                <p>- Adjustable elastic string at hempen</p>\n\n                                <p>- Ultrasonically welded seams</p>\n\n                                <p>This is a unisex item, please check our clothing &amp; footwear sizing guide for specific Rains jacket sizing information. RAINS comes from the rainy nation of Denmark at the edge of the European continent, close to the ocean and with prevailing westerly winds; all factors that contribute to an average of 121 rain days each year. Arising from these rainy weather conditions comes the attitude that a quick rain shower may be beautiful, as well as moody- but first and foremost requires the right outfit. Rains focus on the whole experience of going outside on rainy days, issuing an invitation to explore even in the most mercurial weather.</p>','published','[\"products\\/5.jpg\",\"products\\/5-1.jpg\",\"products\\/5-2.jpg\",\"products\\/5-3.jpg\"]','SW-184-A0',0,18,0,1,1,6,0,0,899,NULL,NULL,NULL,11.00,19.00,16.00,509.00,'2021-12-04 04:48:48','2021-12-04 04:49:07',1,77673,'in_stock',3,0,'Botble\\ACL\\Models\\User',0,NULL),(6,'Nikon HD camera','<ul><li> Unrestrained and portable active stereo speaker</li>\n            <li> Free from the confines of wires and chords</li>\n            <li> 20 hours of portable capabilities</li>\n            <li> Double-ended Coil Cord with 3.5mm Stereo Plugs Included</li>\n            <li> 3/4″ Dome Tweeters: 2X and 4″ Woofer: 1X</li></ul>','<p>Short Hooded Coat features a straight body, large pockets with button flaps, ventilation air holes, and a string detail along the hemline. The style is completed with a drawstring hood, featuring Rains&rsquo; signature built-in cap. Made from waterproof, matte PU, this lightweight unisex rain jacket is an ode to nostalgia through its classic silhouette and utilitarian design details.</p>\n                                <p>- Casual unisex fit</p>\n\n                                <p>- 64% polyester, 36% polyurethane</p>\n\n                                <p>- Water column pressure: 4000 mm</p>\n\n                                <p>- Model is 187cm tall and wearing a size S / M</p>\n\n                                <p>- Unisex fit</p>\n\n                                <p>- Drawstring hood with built-in cap</p>\n\n                                <p>- Front placket with snap buttons</p>\n\n                                <p>- Ventilation under armpit</p>\n\n                                <p>- Adjustable cuffs</p>\n\n                                <p>- Double welted front pockets</p>\n\n                                <p>- Adjustable elastic string at hempen</p>\n\n                                <p>- Ultrasonically welded seams</p>\n\n                                <p>This is a unisex item, please check our clothing &amp; footwear sizing guide for specific Rains jacket sizing information. RAINS comes from the rainy nation of Denmark at the edge of the European continent, close to the ocean and with prevailing westerly winds; all factors that contribute to an average of 121 rain days each year. Arising from these rainy weather conditions comes the attitude that a quick rain shower may be beautiful, as well as moody- but first and foremost requires the right outfit. Rains focus on the whole experience of going outside on rainy days, issuing an invitation to explore even in the most mercurial weather.</p>','published','[\"products\\/6.jpg\"]','SW-117-A0',0,20,0,1,1,5,0,0,402,NULL,NULL,NULL,10.00,18.00,18.00,845.00,'2021-12-04 04:48:48','2021-12-04 04:49:07',1,104565,'in_stock',1,0,'Botble\\ACL\\Models\\User',0,NULL),(7,'Audio Equipment','<ul><li> Unrestrained and portable active stereo speaker</li>\n            <li> Free from the confines of wires and chords</li>\n            <li> 20 hours of portable capabilities</li>\n            <li> Double-ended Coil Cord with 3.5mm Stereo Plugs Included</li>\n            <li> 3/4″ Dome Tweeters: 2X and 4″ Woofer: 1X</li></ul>','<p>Short Hooded Coat features a straight body, large pockets with button flaps, ventilation air holes, and a string detail along the hemline. The style is completed with a drawstring hood, featuring Rains&rsquo; signature built-in cap. Made from waterproof, matte PU, this lightweight unisex rain jacket is an ode to nostalgia through its classic silhouette and utilitarian design details.</p>\n                                <p>- Casual unisex fit</p>\n\n                                <p>- 64% polyester, 36% polyurethane</p>\n\n                                <p>- Water column pressure: 4000 mm</p>\n\n                                <p>- Model is 187cm tall and wearing a size S / M</p>\n\n                                <p>- Unisex fit</p>\n\n                                <p>- Drawstring hood with built-in cap</p>\n\n                                <p>- Front placket with snap buttons</p>\n\n                                <p>- Ventilation under armpit</p>\n\n                                <p>- Adjustable cuffs</p>\n\n                                <p>- Double welted front pockets</p>\n\n                                <p>- Adjustable elastic string at hempen</p>\n\n                                <p>- Ultrasonically welded seams</p>\n\n                                <p>This is a unisex item, please check our clothing &amp; footwear sizing guide for specific Rains jacket sizing information. RAINS comes from the rainy nation of Denmark at the edge of the European continent, close to the ocean and with prevailing westerly winds; all factors that contribute to an average of 121 rain days each year. Arising from these rainy weather conditions comes the attitude that a quick rain shower may be beautiful, as well as moody- but first and foremost requires the right outfit. Rains focus on the whole experience of going outside on rainy days, issuing an invitation to explore even in the most mercurial weather.</p>','published','[\"products\\/7.jpg\"]','SW-199-A0',0,16,0,1,1,7,0,0,566,NULL,NULL,NULL,12.00,18.00,13.00,670.00,'2021-12-04 04:48:48','2021-12-04 04:49:07',1,143928,'in_stock',2,0,'Botble\\ACL\\Models\\User',0,NULL),(8,'Smart Televisions','<ul><li> Unrestrained and portable active stereo speaker</li>\n            <li> Free from the confines of wires and chords</li>\n            <li> 20 hours of portable capabilities</li>\n            <li> Double-ended Coil Cord with 3.5mm Stereo Plugs Included</li>\n            <li> 3/4″ Dome Tweeters: 2X and 4″ Woofer: 1X</li></ul>','<p>Short Hooded Coat features a straight body, large pockets with button flaps, ventilation air holes, and a string detail along the hemline. The style is completed with a drawstring hood, featuring Rains&rsquo; signature built-in cap. Made from waterproof, matte PU, this lightweight unisex rain jacket is an ode to nostalgia through its classic silhouette and utilitarian design details.</p>\n                                <p>- Casual unisex fit</p>\n\n                                <p>- 64% polyester, 36% polyurethane</p>\n\n                                <p>- Water column pressure: 4000 mm</p>\n\n                                <p>- Model is 187cm tall and wearing a size S / M</p>\n\n                                <p>- Unisex fit</p>\n\n                                <p>- Drawstring hood with built-in cap</p>\n\n                                <p>- Front placket with snap buttons</p>\n\n                                <p>- Ventilation under armpit</p>\n\n                                <p>- Adjustable cuffs</p>\n\n                                <p>- Double welted front pockets</p>\n\n                                <p>- Adjustable elastic string at hempen</p>\n\n                                <p>- Ultrasonically welded seams</p>\n\n                                <p>This is a unisex item, please check our clothing &amp; footwear sizing guide for specific Rains jacket sizing information. RAINS comes from the rainy nation of Denmark at the edge of the European continent, close to the ocean and with prevailing westerly winds; all factors that contribute to an average of 121 rain days each year. Arising from these rainy weather conditions comes the attitude that a quick rain shower may be beautiful, as well as moody- but first and foremost requires the right outfit. Rains focus on the whole experience of going outside on rainy days, issuing an invitation to explore even in the most mercurial weather.</p>','published','[\"products\\/8.jpg\",\"products\\/8-1.jpg\",\"products\\/8-2.jpg\",\"products\\/8-3.jpg\"]','SW-126-A0',0,17,0,1,1,6,0,0,1252,901.44,NULL,NULL,19.00,20.00,17.00,889.00,'2021-12-04 04:48:48','2021-12-04 04:49:07',1,142343,'in_stock',1,0,'Botble\\ACL\\Models\\User',0,NULL),(9,'Samsung Smart Phone','<ul><li> Unrestrained and portable active stereo speaker</li>\n            <li> Free from the confines of wires and chords</li>\n            <li> 20 hours of portable capabilities</li>\n            <li> Double-ended Coil Cord with 3.5mm Stereo Plugs Included</li>\n            <li> 3/4″ Dome Tweeters: 2X and 4″ Woofer: 1X</li></ul>','<p>Short Hooded Coat features a straight body, large pockets with button flaps, ventilation air holes, and a string detail along the hemline. The style is completed with a drawstring hood, featuring Rains&rsquo; signature built-in cap. Made from waterproof, matte PU, this lightweight unisex rain jacket is an ode to nostalgia through its classic silhouette and utilitarian design details.</p>\n                                <p>- Casual unisex fit</p>\n\n                                <p>- 64% polyester, 36% polyurethane</p>\n\n                                <p>- Water column pressure: 4000 mm</p>\n\n                                <p>- Model is 187cm tall and wearing a size S / M</p>\n\n                                <p>- Unisex fit</p>\n\n                                <p>- Drawstring hood with built-in cap</p>\n\n                                <p>- Front placket with snap buttons</p>\n\n                                <p>- Ventilation under armpit</p>\n\n                                <p>- Adjustable cuffs</p>\n\n                                <p>- Double welted front pockets</p>\n\n                                <p>- Adjustable elastic string at hempen</p>\n\n                                <p>- Ultrasonically welded seams</p>\n\n                                <p>This is a unisex item, please check our clothing &amp; footwear sizing guide for specific Rains jacket sizing information. RAINS comes from the rainy nation of Denmark at the edge of the European continent, close to the ocean and with prevailing westerly winds; all factors that contribute to an average of 121 rain days each year. Arising from these rainy weather conditions comes the attitude that a quick rain shower may be beautiful, as well as moody- but first and foremost requires the right outfit. Rains focus on the whole experience of going outside on rainy days, issuing an invitation to explore even in the most mercurial weather.</p>','published','[\"products\\/9.jpg\",\"products\\/9-1.jpg\",\"products\\/9-2.jpg\"]','SW-153-A0',0,11,0,1,1,5,0,0,574,NULL,NULL,NULL,11.00,20.00,17.00,552.00,'2021-12-04 04:48:48','2021-12-04 04:49:07',1,60409,'in_stock',4,0,'Botble\\ACL\\Models\\User',0,NULL),(10,'Herschel Leather Duffle Bag In Brown Color','<ul><li> Unrestrained and portable active stereo speaker</li>\n            <li> Free from the confines of wires and chords</li>\n            <li> 20 hours of portable capabilities</li>\n            <li> Double-ended Coil Cord with 3.5mm Stereo Plugs Included</li>\n            <li> 3/4″ Dome Tweeters: 2X and 4″ Woofer: 1X</li></ul>','<p>Short Hooded Coat features a straight body, large pockets with button flaps, ventilation air holes, and a string detail along the hemline. The style is completed with a drawstring hood, featuring Rains&rsquo; signature built-in cap. Made from waterproof, matte PU, this lightweight unisex rain jacket is an ode to nostalgia through its classic silhouette and utilitarian design details.</p>\n                                <p>- Casual unisex fit</p>\n\n                                <p>- 64% polyester, 36% polyurethane</p>\n\n                                <p>- Water column pressure: 4000 mm</p>\n\n                                <p>- Model is 187cm tall and wearing a size S / M</p>\n\n                                <p>- Unisex fit</p>\n\n                                <p>- Drawstring hood with built-in cap</p>\n\n                                <p>- Front placket with snap buttons</p>\n\n                                <p>- Ventilation under armpit</p>\n\n                                <p>- Adjustable cuffs</p>\n\n                                <p>- Double welted front pockets</p>\n\n                                <p>- Adjustable elastic string at hempen</p>\n\n                                <p>- Ultrasonically welded seams</p>\n\n                                <p>This is a unisex item, please check our clothing &amp; footwear sizing guide for specific Rains jacket sizing information. RAINS comes from the rainy nation of Denmark at the edge of the European continent, close to the ocean and with prevailing westerly winds; all factors that contribute to an average of 121 rain days each year. Arising from these rainy weather conditions comes the attitude that a quick rain shower may be beautiful, as well as moody- but first and foremost requires the right outfit. Rains focus on the whole experience of going outside on rainy days, issuing an invitation to explore even in the most mercurial weather.</p>','published','[\"products\\/10.jpg\",\"products\\/10-1.jpg\",\"products\\/10-2.jpg\"]','SW-196-A0',0,19,0,1,0,4,0,0,1242,NULL,NULL,NULL,10.00,13.00,13.00,561.00,'2021-12-04 04:48:48','2021-12-04 04:49:07',1,82332,'in_stock',5,0,'Botble\\ACL\\Models\\User',0,NULL),(11,'Xbox One Wireless Controller Black Color','<ul><li> Unrestrained and portable active stereo speaker</li>\n            <li> Free from the confines of wires and chords</li>\n            <li> 20 hours of portable capabilities</li>\n            <li> Double-ended Coil Cord with 3.5mm Stereo Plugs Included</li>\n            <li> 3/4″ Dome Tweeters: 2X and 4″ Woofer: 1X</li></ul>','<p>Short Hooded Coat features a straight body, large pockets with button flaps, ventilation air holes, and a string detail along the hemline. The style is completed with a drawstring hood, featuring Rains&rsquo; signature built-in cap. Made from waterproof, matte PU, this lightweight unisex rain jacket is an ode to nostalgia through its classic silhouette and utilitarian design details.</p>\n                                <p>- Casual unisex fit</p>\n\n                                <p>- 64% polyester, 36% polyurethane</p>\n\n                                <p>- Water column pressure: 4000 mm</p>\n\n                                <p>- Model is 187cm tall and wearing a size S / M</p>\n\n                                <p>- Unisex fit</p>\n\n                                <p>- Drawstring hood with built-in cap</p>\n\n                                <p>- Front placket with snap buttons</p>\n\n                                <p>- Ventilation under armpit</p>\n\n                                <p>- Adjustable cuffs</p>\n\n                                <p>- Double welted front pockets</p>\n\n                                <p>- Adjustable elastic string at hempen</p>\n\n                                <p>- Ultrasonically welded seams</p>\n\n                                <p>This is a unisex item, please check our clothing &amp; footwear sizing guide for specific Rains jacket sizing information. RAINS comes from the rainy nation of Denmark at the edge of the European continent, close to the ocean and with prevailing westerly winds; all factors that contribute to an average of 121 rain days each year. Arising from these rainy weather conditions comes the attitude that a quick rain shower may be beautiful, as well as moody- but first and foremost requires the right outfit. Rains focus on the whole experience of going outside on rainy days, issuing an invitation to explore even in the most mercurial weather.</p>','published','[\"products\\/11.jpg\",\"products\\/11-1.jpg\",\"products\\/11-2.jpg\",\"products\\/11-3.jpg\"]','SW-169-A0',0,16,0,1,0,5,0,0,1168,NULL,NULL,NULL,18.00,11.00,11.00,723.00,'2021-12-04 04:48:48','2021-12-04 04:49:07',1,42472,'in_stock',3,0,'Botble\\ACL\\Models\\User',0,NULL),(12,'EPSION Plaster Printer','<ul><li> Unrestrained and portable active stereo speaker</li>\n            <li> Free from the confines of wires and chords</li>\n            <li> 20 hours of portable capabilities</li>\n            <li> Double-ended Coil Cord with 3.5mm Stereo Plugs Included</li>\n            <li> 3/4″ Dome Tweeters: 2X and 4″ Woofer: 1X</li></ul>','<p>Short Hooded Coat features a straight body, large pockets with button flaps, ventilation air holes, and a string detail along the hemline. The style is completed with a drawstring hood, featuring Rains&rsquo; signature built-in cap. Made from waterproof, matte PU, this lightweight unisex rain jacket is an ode to nostalgia through its classic silhouette and utilitarian design details.</p>\n                                <p>- Casual unisex fit</p>\n\n                                <p>- 64% polyester, 36% polyurethane</p>\n\n                                <p>- Water column pressure: 4000 mm</p>\n\n                                <p>- Model is 187cm tall and wearing a size S / M</p>\n\n                                <p>- Unisex fit</p>\n\n                                <p>- Drawstring hood with built-in cap</p>\n\n                                <p>- Front placket with snap buttons</p>\n\n                                <p>- Ventilation under armpit</p>\n\n                                <p>- Adjustable cuffs</p>\n\n                                <p>- Double welted front pockets</p>\n\n                                <p>- Adjustable elastic string at hempen</p>\n\n                                <p>- Ultrasonically welded seams</p>\n\n                                <p>This is a unisex item, please check our clothing &amp; footwear sizing guide for specific Rains jacket sizing information. RAINS comes from the rainy nation of Denmark at the edge of the European continent, close to the ocean and with prevailing westerly winds; all factors that contribute to an average of 121 rain days each year. Arising from these rainy weather conditions comes the attitude that a quick rain shower may be beautiful, as well as moody- but first and foremost requires the right outfit. Rains focus on the whole experience of going outside on rainy days, issuing an invitation to explore even in the most mercurial weather.</p>','published','[\"products\\/12.jpg\",\"products\\/12-1.jpg\",\"products\\/12-2.jpg\",\"products\\/12-3.jpg\"]','SW-100-A0',0,12,0,1,0,2,0,0,514,431.76,NULL,NULL,13.00,13.00,20.00,725.00,'2021-12-04 04:48:49','2021-12-04 04:49:07',1,191516,'in_stock',2,0,'Botble\\ACL\\Models\\User',0,NULL),(13,'Sound Intone I65 Earphone White Version','<ul><li> Unrestrained and portable active stereo speaker</li>\n            <li> Free from the confines of wires and chords</li>\n            <li> 20 hours of portable capabilities</li>\n            <li> Double-ended Coil Cord with 3.5mm Stereo Plugs Included</li>\n            <li> 3/4″ Dome Tweeters: 2X and 4″ Woofer: 1X</li></ul>','<p>Short Hooded Coat features a straight body, large pockets with button flaps, ventilation air holes, and a string detail along the hemline. The style is completed with a drawstring hood, featuring Rains&rsquo; signature built-in cap. Made from waterproof, matte PU, this lightweight unisex rain jacket is an ode to nostalgia through its classic silhouette and utilitarian design details.</p>\n                                <p>- Casual unisex fit</p>\n\n                                <p>- 64% polyester, 36% polyurethane</p>\n\n                                <p>- Water column pressure: 4000 mm</p>\n\n                                <p>- Model is 187cm tall and wearing a size S / M</p>\n\n                                <p>- Unisex fit</p>\n\n                                <p>- Drawstring hood with built-in cap</p>\n\n                                <p>- Front placket with snap buttons</p>\n\n                                <p>- Ventilation under armpit</p>\n\n                                <p>- Adjustable cuffs</p>\n\n                                <p>- Double welted front pockets</p>\n\n                                <p>- Adjustable elastic string at hempen</p>\n\n                                <p>- Ultrasonically welded seams</p>\n\n                                <p>This is a unisex item, please check our clothing &amp; footwear sizing guide for specific Rains jacket sizing information. RAINS comes from the rainy nation of Denmark at the edge of the European continent, close to the ocean and with prevailing westerly winds; all factors that contribute to an average of 121 rain days each year. Arising from these rainy weather conditions comes the attitude that a quick rain shower may be beautiful, as well as moody- but first and foremost requires the right outfit. Rains focus on the whole experience of going outside on rainy days, issuing an invitation to explore even in the most mercurial weather.</p>','published','[\"products\\/13.jpg\",\"products\\/13-1.jpg\"]','SW-166-A0',0,12,0,1,0,4,0,0,540,NULL,NULL,NULL,12.00,19.00,15.00,650.00,'2021-12-04 04:48:49','2021-12-04 04:49:07',1,190393,'in_stock',6,0,'Botble\\ACL\\Models\\User',0,NULL),(14,'B&O Play Mini Bluetooth Speaker','<ul><li> Unrestrained and portable active stereo speaker</li>\n            <li> Free from the confines of wires and chords</li>\n            <li> 20 hours of portable capabilities</li>\n            <li> Double-ended Coil Cord with 3.5mm Stereo Plugs Included</li>\n            <li> 3/4″ Dome Tweeters: 2X and 4″ Woofer: 1X</li></ul>','<p>Short Hooded Coat features a straight body, large pockets with button flaps, ventilation air holes, and a string detail along the hemline. The style is completed with a drawstring hood, featuring Rains&rsquo; signature built-in cap. Made from waterproof, matte PU, this lightweight unisex rain jacket is an ode to nostalgia through its classic silhouette and utilitarian design details.</p>\n                                <p>- Casual unisex fit</p>\n\n                                <p>- 64% polyester, 36% polyurethane</p>\n\n                                <p>- Water column pressure: 4000 mm</p>\n\n                                <p>- Model is 187cm tall and wearing a size S / M</p>\n\n                                <p>- Unisex fit</p>\n\n                                <p>- Drawstring hood with built-in cap</p>\n\n                                <p>- Front placket with snap buttons</p>\n\n                                <p>- Ventilation under armpit</p>\n\n                                <p>- Adjustable cuffs</p>\n\n                                <p>- Double welted front pockets</p>\n\n                                <p>- Adjustable elastic string at hempen</p>\n\n                                <p>- Ultrasonically welded seams</p>\n\n                                <p>This is a unisex item, please check our clothing &amp; footwear sizing guide for specific Rains jacket sizing information. RAINS comes from the rainy nation of Denmark at the edge of the European continent, close to the ocean and with prevailing westerly winds; all factors that contribute to an average of 121 rain days each year. Arising from these rainy weather conditions comes the attitude that a quick rain shower may be beautiful, as well as moody- but first and foremost requires the right outfit. Rains focus on the whole experience of going outside on rainy days, issuing an invitation to explore even in the most mercurial weather.</p>','published','[\"products\\/14.jpg\"]','SW-123-A0',0,10,0,1,0,2,0,0,591,NULL,NULL,NULL,12.00,14.00,18.00,676.00,'2021-12-04 04:48:49','2021-12-04 04:49:07',1,3418,'in_stock',6,0,'Botble\\ACL\\Models\\User',0,NULL),(15,'Apple MacBook Air Retina 13.3-Inch Laptop','<ul><li> Unrestrained and portable active stereo speaker</li>\n            <li> Free from the confines of wires and chords</li>\n            <li> 20 hours of portable capabilities</li>\n            <li> Double-ended Coil Cord with 3.5mm Stereo Plugs Included</li>\n            <li> 3/4″ Dome Tweeters: 2X and 4″ Woofer: 1X</li></ul>','<p>Short Hooded Coat features a straight body, large pockets with button flaps, ventilation air holes, and a string detail along the hemline. The style is completed with a drawstring hood, featuring Rains&rsquo; signature built-in cap. Made from waterproof, matte PU, this lightweight unisex rain jacket is an ode to nostalgia through its classic silhouette and utilitarian design details.</p>\n                                <p>- Casual unisex fit</p>\n\n                                <p>- 64% polyester, 36% polyurethane</p>\n\n                                <p>- Water column pressure: 4000 mm</p>\n\n                                <p>- Model is 187cm tall and wearing a size S / M</p>\n\n                                <p>- Unisex fit</p>\n\n                                <p>- Drawstring hood with built-in cap</p>\n\n                                <p>- Front placket with snap buttons</p>\n\n                                <p>- Ventilation under armpit</p>\n\n                                <p>- Adjustable cuffs</p>\n\n                                <p>- Double welted front pockets</p>\n\n                                <p>- Adjustable elastic string at hempen</p>\n\n                                <p>- Ultrasonically welded seams</p>\n\n                                <p>This is a unisex item, please check our clothing &amp; footwear sizing guide for specific Rains jacket sizing information. RAINS comes from the rainy nation of Denmark at the edge of the European continent, close to the ocean and with prevailing westerly winds; all factors that contribute to an average of 121 rain days each year. Arising from these rainy weather conditions comes the attitude that a quick rain shower may be beautiful, as well as moody- but first and foremost requires the right outfit. Rains focus on the whole experience of going outside on rainy days, issuing an invitation to explore even in the most mercurial weather.</p>','published','[\"products\\/15.jpg\",\"products\\/15-1.jpg\"]','SW-130-A0',0,11,0,1,0,3,0,0,519,NULL,NULL,NULL,19.00,15.00,18.00,803.00,'2021-12-04 04:48:49','2021-12-04 04:49:07',1,91990,'in_stock',1,0,'Botble\\ACL\\Models\\User',0,NULL),(16,'Apple MacBook Air Retina 12-Inch Laptop','<ul><li> Unrestrained and portable active stereo speaker</li>\n            <li> Free from the confines of wires and chords</li>\n            <li> 20 hours of portable capabilities</li>\n            <li> Double-ended Coil Cord with 3.5mm Stereo Plugs Included</li>\n            <li> 3/4″ Dome Tweeters: 2X and 4″ Woofer: 1X</li></ul>','<p>Short Hooded Coat features a straight body, large pockets with button flaps, ventilation air holes, and a string detail along the hemline. The style is completed with a drawstring hood, featuring Rains&rsquo; signature built-in cap. Made from waterproof, matte PU, this lightweight unisex rain jacket is an ode to nostalgia through its classic silhouette and utilitarian design details.</p>\n                                <p>- Casual unisex fit</p>\n\n                                <p>- 64% polyester, 36% polyurethane</p>\n\n                                <p>- Water column pressure: 4000 mm</p>\n\n                                <p>- Model is 187cm tall and wearing a size S / M</p>\n\n                                <p>- Unisex fit</p>\n\n                                <p>- Drawstring hood with built-in cap</p>\n\n                                <p>- Front placket with snap buttons</p>\n\n                                <p>- Ventilation under armpit</p>\n\n                                <p>- Adjustable cuffs</p>\n\n                                <p>- Double welted front pockets</p>\n\n                                <p>- Adjustable elastic string at hempen</p>\n\n                                <p>- Ultrasonically welded seams</p>\n\n                                <p>This is a unisex item, please check our clothing &amp; footwear sizing guide for specific Rains jacket sizing information. RAINS comes from the rainy nation of Denmark at the edge of the European continent, close to the ocean and with prevailing westerly winds; all factors that contribute to an average of 121 rain days each year. Arising from these rainy weather conditions comes the attitude that a quick rain shower may be beautiful, as well as moody- but first and foremost requires the right outfit. Rains focus on the whole experience of going outside on rainy days, issuing an invitation to explore even in the most mercurial weather.</p>','published','[\"products\\/16.jpg\"]','SW-200-A0',0,11,0,1,0,3,0,0,511,413.91,NULL,NULL,14.00,14.00,14.00,764.00,'2021-12-04 04:48:49','2021-12-04 04:49:07',1,172072,'in_stock',5,0,'Botble\\ACL\\Models\\User',0,NULL),(17,'Samsung Gear VR Virtual Reality Headset','<ul><li> Unrestrained and portable active stereo speaker</li>\n            <li> Free from the confines of wires and chords</li>\n            <li> 20 hours of portable capabilities</li>\n            <li> Double-ended Coil Cord with 3.5mm Stereo Plugs Included</li>\n            <li> 3/4″ Dome Tweeters: 2X and 4″ Woofer: 1X</li></ul>','<p>Short Hooded Coat features a straight body, large pockets with button flaps, ventilation air holes, and a string detail along the hemline. The style is completed with a drawstring hood, featuring Rains&rsquo; signature built-in cap. Made from waterproof, matte PU, this lightweight unisex rain jacket is an ode to nostalgia through its classic silhouette and utilitarian design details.</p>\n                                <p>- Casual unisex fit</p>\n\n                                <p>- 64% polyester, 36% polyurethane</p>\n\n                                <p>- Water column pressure: 4000 mm</p>\n\n                                <p>- Model is 187cm tall and wearing a size S / M</p>\n\n                                <p>- Unisex fit</p>\n\n                                <p>- Drawstring hood with built-in cap</p>\n\n                                <p>- Front placket with snap buttons</p>\n\n                                <p>- Ventilation under armpit</p>\n\n                                <p>- Adjustable cuffs</p>\n\n                                <p>- Double welted front pockets</p>\n\n                                <p>- Adjustable elastic string at hempen</p>\n\n                                <p>- Ultrasonically welded seams</p>\n\n                                <p>This is a unisex item, please check our clothing &amp; footwear sizing guide for specific Rains jacket sizing information. RAINS comes from the rainy nation of Denmark at the edge of the European continent, close to the ocean and with prevailing westerly winds; all factors that contribute to an average of 121 rain days each year. Arising from these rainy weather conditions comes the attitude that a quick rain shower may be beautiful, as well as moody- but first and foremost requires the right outfit. Rains focus on the whole experience of going outside on rainy days, issuing an invitation to explore even in the most mercurial weather.</p>','published','[\"products\\/17.jpg\",\"products\\/17-1.jpg\",\"products\\/17-2.jpg\",\"products\\/17-3.jpg\"]','SW-182-A0',0,19,0,1,0,7,0,0,508,NULL,NULL,NULL,12.00,17.00,14.00,522.00,'2021-12-04 04:48:49','2021-12-04 04:49:07',1,186390,'in_stock',5,0,'Botble\\ACL\\Models\\User',0,NULL),(18,'Aveeno Moisturizing Body Shower 450ml','<ul><li> Unrestrained and portable active stereo speaker</li>\n            <li> Free from the confines of wires and chords</li>\n            <li> 20 hours of portable capabilities</li>\n            <li> Double-ended Coil Cord with 3.5mm Stereo Plugs Included</li>\n            <li> 3/4″ Dome Tweeters: 2X and 4″ Woofer: 1X</li></ul>','<p>Short Hooded Coat features a straight body, large pockets with button flaps, ventilation air holes, and a string detail along the hemline. The style is completed with a drawstring hood, featuring Rains&rsquo; signature built-in cap. Made from waterproof, matte PU, this lightweight unisex rain jacket is an ode to nostalgia through its classic silhouette and utilitarian design details.</p>\n                                <p>- Casual unisex fit</p>\n\n                                <p>- 64% polyester, 36% polyurethane</p>\n\n                                <p>- Water column pressure: 4000 mm</p>\n\n                                <p>- Model is 187cm tall and wearing a size S / M</p>\n\n                                <p>- Unisex fit</p>\n\n                                <p>- Drawstring hood with built-in cap</p>\n\n                                <p>- Front placket with snap buttons</p>\n\n                                <p>- Ventilation under armpit</p>\n\n                                <p>- Adjustable cuffs</p>\n\n                                <p>- Double welted front pockets</p>\n\n                                <p>- Adjustable elastic string at hempen</p>\n\n                                <p>- Ultrasonically welded seams</p>\n\n                                <p>This is a unisex item, please check our clothing &amp; footwear sizing guide for specific Rains jacket sizing information. RAINS comes from the rainy nation of Denmark at the edge of the European continent, close to the ocean and with prevailing westerly winds; all factors that contribute to an average of 121 rain days each year. Arising from these rainy weather conditions comes the attitude that a quick rain shower may be beautiful, as well as moody- but first and foremost requires the right outfit. Rains focus on the whole experience of going outside on rainy days, issuing an invitation to explore even in the most mercurial weather.</p>','published','[\"products\\/18.jpg\",\"products\\/18-1.jpg\",\"products\\/18-2.jpg\",\"products\\/18-3.jpg\"]','SW-116-A0',0,11,0,1,0,6,0,0,1054,NULL,NULL,NULL,16.00,10.00,15.00,609.00,'2021-12-04 04:48:49','2021-12-04 04:49:07',1,80994,'in_stock',6,0,'Botble\\ACL\\Models\\User',0,NULL),(19,'NYX Beauty Couton Pallete Makeup 12','<ul><li> Unrestrained and portable active stereo speaker</li>\n            <li> Free from the confines of wires and chords</li>\n            <li> 20 hours of portable capabilities</li>\n            <li> Double-ended Coil Cord with 3.5mm Stereo Plugs Included</li>\n            <li> 3/4″ Dome Tweeters: 2X and 4″ Woofer: 1X</li></ul>','<p>Short Hooded Coat features a straight body, large pockets with button flaps, ventilation air holes, and a string detail along the hemline. The style is completed with a drawstring hood, featuring Rains&rsquo; signature built-in cap. Made from waterproof, matte PU, this lightweight unisex rain jacket is an ode to nostalgia through its classic silhouette and utilitarian design details.</p>\n                                <p>- Casual unisex fit</p>\n\n                                <p>- 64% polyester, 36% polyurethane</p>\n\n                                <p>- Water column pressure: 4000 mm</p>\n\n                                <p>- Model is 187cm tall and wearing a size S / M</p>\n\n                                <p>- Unisex fit</p>\n\n                                <p>- Drawstring hood with built-in cap</p>\n\n                                <p>- Front placket with snap buttons</p>\n\n                                <p>- Ventilation under armpit</p>\n\n                                <p>- Adjustable cuffs</p>\n\n                                <p>- Double welted front pockets</p>\n\n                                <p>- Adjustable elastic string at hempen</p>\n\n                                <p>- Ultrasonically welded seams</p>\n\n                                <p>This is a unisex item, please check our clothing &amp; footwear sizing guide for specific Rains jacket sizing information. RAINS comes from the rainy nation of Denmark at the edge of the European continent, close to the ocean and with prevailing westerly winds; all factors that contribute to an average of 121 rain days each year. Arising from these rainy weather conditions comes the attitude that a quick rain shower may be beautiful, as well as moody- but first and foremost requires the right outfit. Rains focus on the whole experience of going outside on rainy days, issuing an invitation to explore even in the most mercurial weather.</p>','published','[\"products\\/19.jpg\",\"products\\/19-1.jpg\",\"products\\/19-2.jpg\",\"products\\/19-3.jpg\"]','SW-146-A0',0,10,0,1,0,6,0,0,984,NULL,NULL,NULL,18.00,15.00,11.00,613.00,'2021-12-04 04:48:49','2021-12-04 04:49:07',1,85130,'in_stock',4,0,'Botble\\ACL\\Models\\User',0,NULL),(20,'NYX Beauty Couton Pallete Makeup 12','<ul><li> Unrestrained and portable active stereo speaker</li>\n            <li> Free from the confines of wires and chords</li>\n            <li> 20 hours of portable capabilities</li>\n            <li> Double-ended Coil Cord with 3.5mm Stereo Plugs Included</li>\n            <li> 3/4″ Dome Tweeters: 2X and 4″ Woofer: 1X</li></ul>','<p>Short Hooded Coat features a straight body, large pockets with button flaps, ventilation air holes, and a string detail along the hemline. The style is completed with a drawstring hood, featuring Rains&rsquo; signature built-in cap. Made from waterproof, matte PU, this lightweight unisex rain jacket is an ode to nostalgia through its classic silhouette and utilitarian design details.</p>\n                                <p>- Casual unisex fit</p>\n\n                                <p>- 64% polyester, 36% polyurethane</p>\n\n                                <p>- Water column pressure: 4000 mm</p>\n\n                                <p>- Model is 187cm tall and wearing a size S / M</p>\n\n                                <p>- Unisex fit</p>\n\n                                <p>- Drawstring hood with built-in cap</p>\n\n                                <p>- Front placket with snap buttons</p>\n\n                                <p>- Ventilation under armpit</p>\n\n                                <p>- Adjustable cuffs</p>\n\n                                <p>- Double welted front pockets</p>\n\n                                <p>- Adjustable elastic string at hempen</p>\n\n                                <p>- Ultrasonically welded seams</p>\n\n                                <p>This is a unisex item, please check our clothing &amp; footwear sizing guide for specific Rains jacket sizing information. RAINS comes from the rainy nation of Denmark at the edge of the European continent, close to the ocean and with prevailing westerly winds; all factors that contribute to an average of 121 rain days each year. Arising from these rainy weather conditions comes the attitude that a quick rain shower may be beautiful, as well as moody- but first and foremost requires the right outfit. Rains focus on the whole experience of going outside on rainy days, issuing an invitation to explore even in the most mercurial weather.</p>','published','[\"products\\/20.jpg\",\"products\\/20-1.jpg\",\"products\\/20-2.jpg\",\"products\\/20-3.jpg\"]','SW-170-A0',0,11,0,1,0,6,0,0,799,583.27,NULL,NULL,19.00,20.00,12.00,845.00,'2021-12-04 04:48:49','2021-12-04 04:49:07',1,57789,'in_stock',1,0,'Botble\\ACL\\Models\\User',0,NULL),(21,'MVMTH Classical Leather Watch In Black','<ul><li> Unrestrained and portable active stereo speaker</li>\n            <li> Free from the confines of wires and chords</li>\n            <li> 20 hours of portable capabilities</li>\n            <li> Double-ended Coil Cord with 3.5mm Stereo Plugs Included</li>\n            <li> 3/4″ Dome Tweeters: 2X and 4″ Woofer: 1X</li></ul>','<p>Short Hooded Coat features a straight body, large pockets with button flaps, ventilation air holes, and a string detail along the hemline. The style is completed with a drawstring hood, featuring Rains&rsquo; signature built-in cap. Made from waterproof, matte PU, this lightweight unisex rain jacket is an ode to nostalgia through its classic silhouette and utilitarian design details.</p>\n                                <p>- Casual unisex fit</p>\n\n                                <p>- 64% polyester, 36% polyurethane</p>\n\n                                <p>- Water column pressure: 4000 mm</p>\n\n                                <p>- Model is 187cm tall and wearing a size S / M</p>\n\n                                <p>- Unisex fit</p>\n\n                                <p>- Drawstring hood with built-in cap</p>\n\n                                <p>- Front placket with snap buttons</p>\n\n                                <p>- Ventilation under armpit</p>\n\n                                <p>- Adjustable cuffs</p>\n\n                                <p>- Double welted front pockets</p>\n\n                                <p>- Adjustable elastic string at hempen</p>\n\n                                <p>- Ultrasonically welded seams</p>\n\n                                <p>This is a unisex item, please check our clothing &amp; footwear sizing guide for specific Rains jacket sizing information. RAINS comes from the rainy nation of Denmark at the edge of the European continent, close to the ocean and with prevailing westerly winds; all factors that contribute to an average of 121 rain days each year. Arising from these rainy weather conditions comes the attitude that a quick rain shower may be beautiful, as well as moody- but first and foremost requires the right outfit. Rains focus on the whole experience of going outside on rainy days, issuing an invitation to explore even in the most mercurial weather.</p>','published','[\"products\\/21.jpg\",\"products\\/21-1.jpg\",\"products\\/21-2.jpg\"]','SW-118-A0',0,19,0,1,0,1,0,0,801,NULL,NULL,NULL,13.00,15.00,14.00,749.00,'2021-12-04 04:48:49','2021-12-04 04:49:07',1,180654,'in_stock',5,0,'Botble\\ACL\\Models\\User',0,NULL),(22,'Baxter Care Hair Kit For Bearded Mens','<ul><li> Unrestrained and portable active stereo speaker</li>\n            <li> Free from the confines of wires and chords</li>\n            <li> 20 hours of portable capabilities</li>\n            <li> Double-ended Coil Cord with 3.5mm Stereo Plugs Included</li>\n            <li> 3/4″ Dome Tweeters: 2X and 4″ Woofer: 1X</li></ul>','<p>Short Hooded Coat features a straight body, large pockets with button flaps, ventilation air holes, and a string detail along the hemline. The style is completed with a drawstring hood, featuring Rains&rsquo; signature built-in cap. Made from waterproof, matte PU, this lightweight unisex rain jacket is an ode to nostalgia through its classic silhouette and utilitarian design details.</p>\n                                <p>- Casual unisex fit</p>\n\n                                <p>- 64% polyester, 36% polyurethane</p>\n\n                                <p>- Water column pressure: 4000 mm</p>\n\n                                <p>- Model is 187cm tall and wearing a size S / M</p>\n\n                                <p>- Unisex fit</p>\n\n                                <p>- Drawstring hood with built-in cap</p>\n\n                                <p>- Front placket with snap buttons</p>\n\n                                <p>- Ventilation under armpit</p>\n\n                                <p>- Adjustable cuffs</p>\n\n                                <p>- Double welted front pockets</p>\n\n                                <p>- Adjustable elastic string at hempen</p>\n\n                                <p>- Ultrasonically welded seams</p>\n\n                                <p>This is a unisex item, please check our clothing &amp; footwear sizing guide for specific Rains jacket sizing information. RAINS comes from the rainy nation of Denmark at the edge of the European continent, close to the ocean and with prevailing westerly winds; all factors that contribute to an average of 121 rain days each year. Arising from these rainy weather conditions comes the attitude that a quick rain shower may be beautiful, as well as moody- but first and foremost requires the right outfit. Rains focus on the whole experience of going outside on rainy days, issuing an invitation to explore even in the most mercurial weather.</p>','published','[\"products\\/22.jpg\",\"products\\/22-1.jpg\",\"products\\/22-2.jpg\",\"products\\/22-3.jpg\"]','SW-159-A0',0,19,0,1,0,6,0,0,685,NULL,NULL,NULL,13.00,17.00,16.00,659.00,'2021-12-04 04:48:49','2021-12-04 04:49:07',1,106154,'in_stock',5,0,'Botble\\ACL\\Models\\User',0,NULL),(23,'Ciate Palemore Lipstick Bold Red Color','<ul><li> Unrestrained and portable active stereo speaker</li>\n            <li> Free from the confines of wires and chords</li>\n            <li> 20 hours of portable capabilities</li>\n            <li> Double-ended Coil Cord with 3.5mm Stereo Plugs Included</li>\n            <li> 3/4″ Dome Tweeters: 2X and 4″ Woofer: 1X</li></ul>','<p>Short Hooded Coat features a straight body, large pockets with button flaps, ventilation air holes, and a string detail along the hemline. The style is completed with a drawstring hood, featuring Rains&rsquo; signature built-in cap. Made from waterproof, matte PU, this lightweight unisex rain jacket is an ode to nostalgia through its classic silhouette and utilitarian design details.</p>\n                                <p>- Casual unisex fit</p>\n\n                                <p>- 64% polyester, 36% polyurethane</p>\n\n                                <p>- Water column pressure: 4000 mm</p>\n\n                                <p>- Model is 187cm tall and wearing a size S / M</p>\n\n                                <p>- Unisex fit</p>\n\n                                <p>- Drawstring hood with built-in cap</p>\n\n                                <p>- Front placket with snap buttons</p>\n\n                                <p>- Ventilation under armpit</p>\n\n                                <p>- Adjustable cuffs</p>\n\n                                <p>- Double welted front pockets</p>\n\n                                <p>- Adjustable elastic string at hempen</p>\n\n                                <p>- Ultrasonically welded seams</p>\n\n                                <p>This is a unisex item, please check our clothing &amp; footwear sizing guide for specific Rains jacket sizing information. RAINS comes from the rainy nation of Denmark at the edge of the European continent, close to the ocean and with prevailing westerly winds; all factors that contribute to an average of 121 rain days each year. Arising from these rainy weather conditions comes the attitude that a quick rain shower may be beautiful, as well as moody- but first and foremost requires the right outfit. Rains focus on the whole experience of going outside on rainy days, issuing an invitation to explore even in the most mercurial weather.</p>','published','[\"products\\/23.jpg\",\"products\\/23-1.jpg\",\"products\\/23-2.jpg\",\"products\\/23-3.jpg\"]','SW-111-A0',0,16,0,1,0,6,0,0,793,NULL,NULL,NULL,18.00,13.00,12.00,807.00,'2021-12-04 04:48:49','2021-12-04 04:49:07',1,174170,'in_stock',1,0,'Botble\\ACL\\Models\\User',0,NULL),(24,'Dual Camera 20MP',NULL,NULL,'published','[\"products\\/1.jpg\"]','SW-187-A0',0,13,0,1,0,1,1,0,80.25,NULL,NULL,NULL,15.00,18.00,11.00,733.00,'2021-12-04 04:48:49','2021-12-04 04:48:49',NULL,0,'in_stock',NULL,0,'Botble\\ACL\\Models\\User',0,NULL),(25,'Dual Camera 20MP',NULL,NULL,'published','[\"products\\/1.jpg\"]','SW-187-A0-A1',0,13,0,1,0,1,1,0,80.25,NULL,NULL,NULL,15.00,18.00,11.00,733.00,'2021-12-04 04:48:49','2021-12-04 04:48:49',NULL,0,'in_stock',NULL,0,'Botble\\ACL\\Models\\User',0,NULL),(26,'Smart Watches',NULL,NULL,'published','[\"products\\/2.jpg\"]','SW-130-A0',0,13,0,1,0,2,1,0,40.5,NULL,NULL,NULL,19.00,20.00,10.00,655.00,'2021-12-04 04:48:49','2021-12-04 04:48:49',NULL,0,'in_stock',NULL,0,'Botble\\ACL\\Models\\User',0,NULL),(27,'Smart Watches',NULL,NULL,'published','[\"products\\/2-1.jpg\"]','SW-130-A0-A1',0,13,0,1,0,2,1,0,40.5,NULL,NULL,NULL,19.00,20.00,10.00,655.00,'2021-12-04 04:48:49','2021-12-04 04:48:49',NULL,0,'in_stock',NULL,0,'Botble\\ACL\\Models\\User',0,NULL),(28,'Smart Watches',NULL,NULL,'published','[\"products\\/2-2.jpg\"]','SW-130-A0-A2',0,13,0,1,0,2,1,0,40.5,NULL,NULL,NULL,19.00,20.00,10.00,655.00,'2021-12-04 04:48:49','2021-12-04 04:48:49',NULL,0,'in_stock',NULL,0,'Botble\\ACL\\Models\\User',0,NULL),(29,'Smart Watches',NULL,NULL,'published','[\"products\\/2-3.jpg\"]','SW-130-A0-A3',0,13,0,1,0,2,1,0,40.5,NULL,NULL,NULL,19.00,20.00,10.00,655.00,'2021-12-04 04:48:49','2021-12-04 04:48:49',NULL,0,'in_stock',NULL,0,'Botble\\ACL\\Models\\User',0,NULL),(30,'Beat Headphone',NULL,NULL,'published','[\"products\\/3.jpg\"]','SW-144-A0',0,18,0,1,0,3,1,0,20,NULL,NULL,NULL,17.00,16.00,15.00,720.00,'2021-12-04 04:48:49','2021-12-04 04:48:49',NULL,0,'in_stock',NULL,0,'Botble\\ACL\\Models\\User',0,NULL),(31,'Red & Black Headphone',NULL,NULL,'published','[\"products\\/4.jpg\"]','SW-147-A0',0,14,0,1,0,5,1,0,574,487.9,NULL,NULL,19.00,12.00,14.00,550.00,'2021-12-04 04:48:49','2021-12-04 04:48:49',NULL,0,'in_stock',NULL,0,'Botble\\ACL\\Models\\User',0,NULL),(32,'Red & Black Headphone',NULL,NULL,'published','[\"products\\/4-1.jpg\"]','SW-147-A0-A1',0,14,0,1,0,5,1,0,574,487.9,NULL,NULL,19.00,12.00,14.00,550.00,'2021-12-04 04:48:49','2021-12-04 04:48:49',NULL,0,'in_stock',NULL,0,'Botble\\ACL\\Models\\User',0,NULL),(33,'Red & Black Headphone',NULL,NULL,'published','[\"products\\/4-2.jpg\"]','SW-147-A0-A2',0,14,0,1,0,5,1,0,574,487.9,NULL,NULL,19.00,12.00,14.00,550.00,'2021-12-04 04:48:49','2021-12-04 04:48:49',NULL,0,'in_stock',NULL,0,'Botble\\ACL\\Models\\User',0,NULL),(34,'Red & Black Headphone',NULL,NULL,'published','[\"products\\/4-3.jpg\"]','SW-147-A0-A3',0,14,0,1,0,5,1,0,574,413.28,NULL,NULL,19.00,12.00,14.00,550.00,'2021-12-04 04:48:49','2021-12-04 04:48:49',NULL,0,'in_stock',NULL,0,'Botble\\ACL\\Models\\User',0,NULL),(35,'Smart Watch External',NULL,NULL,'published','[\"products\\/5.jpg\"]','SW-184-A0',0,18,0,1,0,6,1,0,899,NULL,NULL,NULL,11.00,19.00,16.00,509.00,'2021-12-04 04:48:49','2021-12-04 04:48:49',NULL,0,'in_stock',NULL,0,'Botble\\ACL\\Models\\User',0,NULL),(36,'Smart Watch External',NULL,NULL,'published','[\"products\\/5-1.jpg\"]','SW-184-A0-A1',0,18,0,1,0,6,1,0,899,NULL,NULL,NULL,11.00,19.00,16.00,509.00,'2021-12-04 04:48:49','2021-12-04 04:48:49',NULL,0,'in_stock',NULL,0,'Botble\\ACL\\Models\\User',0,NULL),(37,'Smart Watch External',NULL,NULL,'published','[\"products\\/5-2.jpg\"]','SW-184-A0-A2',0,18,0,1,0,6,1,0,899,NULL,NULL,NULL,11.00,19.00,16.00,509.00,'2021-12-04 04:48:49','2021-12-04 04:48:49',NULL,0,'in_stock',NULL,0,'Botble\\ACL\\Models\\User',0,NULL),(38,'Nikon HD camera',NULL,NULL,'published','[\"products\\/6.jpg\"]','SW-117-A0',0,20,0,1,0,5,1,0,402,NULL,NULL,NULL,10.00,18.00,18.00,845.00,'2021-12-04 04:48:49','2021-12-04 04:48:49',NULL,0,'in_stock',NULL,0,'Botble\\ACL\\Models\\User',0,NULL),(39,'Nikon HD camera',NULL,NULL,'published','[\"products\\/6.jpg\"]','SW-117-A0-A1',0,20,0,1,0,5,1,0,402,NULL,NULL,NULL,10.00,18.00,18.00,845.00,'2021-12-04 04:48:49','2021-12-04 04:48:49',NULL,0,'in_stock',NULL,0,'Botble\\ACL\\Models\\User',0,NULL),(40,'Nikon HD camera',NULL,NULL,'published','[\"products\\/6.jpg\"]','SW-117-A0-A2',0,20,0,1,0,5,1,0,402,NULL,NULL,NULL,10.00,18.00,18.00,845.00,'2021-12-04 04:48:49','2021-12-04 04:48:49',NULL,0,'in_stock',NULL,0,'Botble\\ACL\\Models\\User',0,NULL),(41,'Nikon HD camera',NULL,NULL,'published','[\"products\\/6.jpg\"]','SW-117-A0-A3',0,20,0,1,0,5,1,0,402,NULL,NULL,NULL,10.00,18.00,18.00,845.00,'2021-12-04 04:48:49','2021-12-04 04:48:49',NULL,0,'in_stock',NULL,0,'Botble\\ACL\\Models\\User',0,NULL),(42,'Audio Equipment',NULL,NULL,'published','[\"products\\/7.jpg\"]','SW-199-A0',0,16,0,1,0,7,1,0,566,NULL,NULL,NULL,12.00,18.00,13.00,670.00,'2021-12-04 04:48:49','2021-12-04 04:48:49',NULL,0,'in_stock',NULL,0,'Botble\\ACL\\Models\\User',0,NULL),(43,'Audio Equipment',NULL,NULL,'published','[\"products\\/7.jpg\"]','SW-199-A0-A1',0,16,0,1,0,7,1,0,566,NULL,NULL,NULL,12.00,18.00,13.00,670.00,'2021-12-04 04:48:49','2021-12-04 04:48:49',NULL,0,'in_stock',NULL,0,'Botble\\ACL\\Models\\User',0,NULL),(44,'Audio Equipment',NULL,NULL,'published','[\"products\\/7.jpg\"]','SW-199-A0-A2',0,16,0,1,0,7,1,0,566,NULL,NULL,NULL,12.00,18.00,13.00,670.00,'2021-12-04 04:48:49','2021-12-04 04:48:49',NULL,0,'in_stock',NULL,0,'Botble\\ACL\\Models\\User',0,NULL),(45,'Smart Televisions',NULL,NULL,'published','[\"products\\/8.jpg\"]','SW-126-A0',0,17,0,1,0,6,1,0,1252,901.44,NULL,NULL,19.00,20.00,17.00,889.00,'2021-12-04 04:48:49','2021-12-04 04:48:49',NULL,0,'in_stock',NULL,0,'Botble\\ACL\\Models\\User',0,NULL),(46,'Smart Televisions',NULL,NULL,'published','[\"products\\/8-1.jpg\"]','SW-126-A0-A1',0,17,0,1,0,6,1,0,1252,964.04,NULL,NULL,19.00,20.00,17.00,889.00,'2021-12-04 04:48:49','2021-12-04 04:48:49',NULL,0,'in_stock',NULL,0,'Botble\\ACL\\Models\\User',0,NULL),(47,'Smart Televisions',NULL,NULL,'published','[\"products\\/8-2.jpg\"]','SW-126-A0-A2',0,17,0,1,0,6,1,0,1252,939,NULL,NULL,19.00,20.00,17.00,889.00,'2021-12-04 04:48:49','2021-12-04 04:48:49',NULL,0,'in_stock',NULL,0,'Botble\\ACL\\Models\\User',0,NULL),(48,'Samsung Smart Phone',NULL,NULL,'published','[\"products\\/9.jpg\"]','SW-153-A0',0,11,0,1,0,5,1,0,574,NULL,NULL,NULL,11.00,20.00,17.00,552.00,'2021-12-04 04:48:49','2021-12-04 04:48:49',NULL,0,'in_stock',NULL,0,'Botble\\ACL\\Models\\User',0,NULL),(49,'Samsung Smart Phone',NULL,NULL,'published','[\"products\\/9-1.jpg\"]','SW-153-A0-A1',0,11,0,1,0,5,1,0,574,NULL,NULL,NULL,11.00,20.00,17.00,552.00,'2021-12-04 04:48:49','2021-12-04 04:48:49',NULL,0,'in_stock',NULL,0,'Botble\\ACL\\Models\\User',0,NULL),(50,'Herschel Leather Duffle Bag In Brown Color',NULL,NULL,'published','[\"products\\/10.jpg\"]','SW-196-A0',0,19,0,1,0,4,1,0,1242,NULL,NULL,NULL,10.00,13.00,13.00,561.00,'2021-12-04 04:48:49','2021-12-04 04:48:49',NULL,0,'in_stock',NULL,0,'Botble\\ACL\\Models\\User',0,NULL),(51,'Herschel Leather Duffle Bag In Brown Color',NULL,NULL,'published','[\"products\\/10-1.jpg\"]','SW-196-A0-A1',0,19,0,1,0,4,1,0,1242,NULL,NULL,NULL,10.00,13.00,13.00,561.00,'2021-12-04 04:48:49','2021-12-04 04:48:49',NULL,0,'in_stock',NULL,0,'Botble\\ACL\\Models\\User',0,NULL),(52,'Xbox One Wireless Controller Black Color',NULL,NULL,'published','[\"products\\/11.jpg\"]','SW-169-A0',0,16,0,1,0,5,1,0,1168,NULL,NULL,NULL,18.00,11.00,11.00,723.00,'2021-12-04 04:48:49','2021-12-04 04:48:49',NULL,0,'in_stock',NULL,0,'Botble\\ACL\\Models\\User',0,NULL),(53,'Xbox One Wireless Controller Black Color',NULL,NULL,'published','[\"products\\/11-1.jpg\"]','SW-169-A0-A1',0,16,0,1,0,5,1,0,1168,NULL,NULL,NULL,18.00,11.00,11.00,723.00,'2021-12-04 04:48:49','2021-12-04 04:48:49',NULL,0,'in_stock',NULL,0,'Botble\\ACL\\Models\\User',0,NULL),(54,'Xbox One Wireless Controller Black Color',NULL,NULL,'published','[\"products\\/11-2.jpg\"]','SW-169-A0-A2',0,16,0,1,0,5,1,0,1168,NULL,NULL,NULL,18.00,11.00,11.00,723.00,'2021-12-04 04:48:49','2021-12-04 04:48:49',NULL,0,'in_stock',NULL,0,'Botble\\ACL\\Models\\User',0,NULL),(55,'EPSION Plaster Printer',NULL,NULL,'published','[\"products\\/12.jpg\"]','SW-100-A0',0,12,0,1,0,2,1,0,514,431.76,NULL,NULL,13.00,13.00,20.00,725.00,'2021-12-04 04:48:49','2021-12-04 04:48:49',NULL,0,'in_stock',NULL,0,'Botble\\ACL\\Models\\User',0,NULL),(56,'EPSION Plaster Printer',NULL,NULL,'published','[\"products\\/12-1.jpg\"]','SW-100-A0-A1',0,12,0,1,0,2,1,0,514,411.2,NULL,NULL,13.00,13.00,20.00,725.00,'2021-12-04 04:48:49','2021-12-04 04:48:49',NULL,0,'in_stock',NULL,0,'Botble\\ACL\\Models\\User',0,NULL),(57,'EPSION Plaster Printer',NULL,NULL,'published','[\"products\\/12-2.jpg\"]','SW-100-A0-A2',0,12,0,1,0,2,1,0,514,395.78,NULL,NULL,13.00,13.00,20.00,725.00,'2021-12-04 04:48:49','2021-12-04 04:48:49',NULL,0,'in_stock',NULL,0,'Botble\\ACL\\Models\\User',0,NULL),(58,'EPSION Plaster Printer',NULL,NULL,'published','[\"products\\/12-3.jpg\"]','SW-100-A0-A3',0,12,0,1,0,2,1,0,514,364.94,NULL,NULL,13.00,13.00,20.00,725.00,'2021-12-04 04:48:49','2021-12-04 04:48:49',NULL,0,'in_stock',NULL,0,'Botble\\ACL\\Models\\User',0,NULL),(59,'EPSION Plaster Printer',NULL,NULL,'published','[\"products\\/12.jpg\"]','SW-100-A0-A4',0,12,0,1,0,2,1,0,514,385.5,NULL,NULL,13.00,13.00,20.00,725.00,'2021-12-04 04:48:49','2021-12-04 04:48:49',NULL,0,'in_stock',NULL,0,'Botble\\ACL\\Models\\User',0,NULL),(60,'Sound Intone I65 Earphone White Version',NULL,NULL,'published','[\"products\\/13.jpg\"]','SW-166-A0',0,12,0,1,0,4,1,0,540,NULL,NULL,NULL,12.00,19.00,15.00,650.00,'2021-12-04 04:48:49','2021-12-04 04:48:49',NULL,0,'in_stock',NULL,0,'Botble\\ACL\\Models\\User',0,NULL),(61,'Sound Intone I65 Earphone White Version',NULL,NULL,'published','[\"products\\/13-1.jpg\"]','SW-166-A0-A1',0,12,0,1,0,4,1,0,540,NULL,NULL,NULL,12.00,19.00,15.00,650.00,'2021-12-04 04:48:49','2021-12-04 04:48:49',NULL,0,'in_stock',NULL,0,'Botble\\ACL\\Models\\User',0,NULL),(62,'Sound Intone I65 Earphone White Version',NULL,NULL,'published','[\"products\\/13.jpg\"]','SW-166-A0-A2',0,12,0,1,0,4,1,0,540,NULL,NULL,NULL,12.00,19.00,15.00,650.00,'2021-12-04 04:48:49','2021-12-04 04:48:49',NULL,0,'in_stock',NULL,0,'Botble\\ACL\\Models\\User',0,NULL),(63,'B&O Play Mini Bluetooth Speaker',NULL,NULL,'published','[\"products\\/14.jpg\"]','SW-123-A0',0,10,0,1,0,2,1,0,591,NULL,NULL,NULL,12.00,14.00,18.00,676.00,'2021-12-04 04:48:49','2021-12-04 04:48:49',NULL,0,'in_stock',NULL,0,'Botble\\ACL\\Models\\User',0,NULL),(64,'B&O Play Mini Bluetooth Speaker',NULL,NULL,'published','[\"products\\/14.jpg\"]','SW-123-A0-A1',0,10,0,1,0,2,1,0,591,NULL,NULL,NULL,12.00,14.00,18.00,676.00,'2021-12-04 04:48:49','2021-12-04 04:48:49',NULL,0,'in_stock',NULL,0,'Botble\\ACL\\Models\\User',0,NULL),(65,'B&O Play Mini Bluetooth Speaker',NULL,NULL,'published','[\"products\\/14.jpg\"]','SW-123-A0-A2',0,10,0,1,0,2,1,0,591,NULL,NULL,NULL,12.00,14.00,18.00,676.00,'2021-12-04 04:48:49','2021-12-04 04:48:49',NULL,0,'in_stock',NULL,0,'Botble\\ACL\\Models\\User',0,NULL),(66,'Apple MacBook Air Retina 13.3-Inch Laptop',NULL,NULL,'published','[\"products\\/15.jpg\"]','SW-130-A0',0,11,0,1,0,3,1,0,519,NULL,NULL,NULL,19.00,15.00,18.00,803.00,'2021-12-04 04:48:49','2021-12-04 04:48:49',NULL,0,'in_stock',NULL,0,'Botble\\ACL\\Models\\User',0,NULL),(67,'Apple MacBook Air Retina 12-Inch Laptop',NULL,NULL,'published','[\"products\\/16.jpg\"]','SW-200-A0',0,11,0,1,0,3,1,0,511,413.91,NULL,NULL,14.00,14.00,14.00,764.00,'2021-12-04 04:48:49','2021-12-04 04:48:49',NULL,0,'in_stock',NULL,0,'Botble\\ACL\\Models\\User',0,NULL),(68,'Apple MacBook Air Retina 12-Inch Laptop',NULL,NULL,'published','[\"products\\/16.jpg\"]','SW-200-A0-A1',0,11,0,1,0,3,1,0,511,459.9,NULL,NULL,14.00,14.00,14.00,764.00,'2021-12-04 04:48:49','2021-12-04 04:48:49',NULL,0,'in_stock',NULL,0,'Botble\\ACL\\Models\\User',0,NULL),(69,'Samsung Gear VR Virtual Reality Headset',NULL,NULL,'published','[\"products\\/17.jpg\"]','SW-182-A0',0,19,0,1,0,7,1,0,508,NULL,NULL,NULL,12.00,17.00,14.00,522.00,'2021-12-04 04:48:49','2021-12-04 04:48:49',NULL,0,'in_stock',NULL,0,'Botble\\ACL\\Models\\User',0,NULL),(70,'Samsung Gear VR Virtual Reality Headset',NULL,NULL,'published','[\"products\\/17-1.jpg\"]','SW-182-A0-A1',0,19,0,1,0,7,1,0,508,NULL,NULL,NULL,12.00,17.00,14.00,522.00,'2021-12-04 04:48:49','2021-12-04 04:48:49',NULL,0,'in_stock',NULL,0,'Botble\\ACL\\Models\\User',0,NULL),(71,'Aveeno Moisturizing Body Shower 450ml',NULL,NULL,'published','[\"products\\/18.jpg\"]','SW-116-A0',0,11,0,1,0,6,1,0,1054,NULL,NULL,NULL,16.00,10.00,15.00,609.00,'2021-12-04 04:48:49','2021-12-04 04:48:49',NULL,0,'in_stock',NULL,0,'Botble\\ACL\\Models\\User',0,NULL),(72,'Aveeno Moisturizing Body Shower 450ml',NULL,NULL,'published','[\"products\\/18-1.jpg\"]','SW-116-A0-A1',0,11,0,1,0,6,1,0,1054,NULL,NULL,NULL,16.00,10.00,15.00,609.00,'2021-12-04 04:48:49','2021-12-04 04:48:49',NULL,0,'in_stock',NULL,0,'Botble\\ACL\\Models\\User',0,NULL),(73,'NYX Beauty Couton Pallete Makeup 12',NULL,NULL,'published','[\"products\\/19.jpg\"]','SW-146-A0',0,10,0,1,0,6,1,0,984,NULL,NULL,NULL,18.00,15.00,11.00,613.00,'2021-12-04 04:48:49','2021-12-04 04:48:49',NULL,0,'in_stock',NULL,0,'Botble\\ACL\\Models\\User',0,NULL),(74,'NYX Beauty Couton Pallete Makeup 12',NULL,NULL,'published','[\"products\\/19-1.jpg\"]','SW-146-A0-A1',0,10,0,1,0,6,1,0,984,NULL,NULL,NULL,18.00,15.00,11.00,613.00,'2021-12-04 04:48:49','2021-12-04 04:48:49',NULL,0,'in_stock',NULL,0,'Botble\\ACL\\Models\\User',0,NULL),(75,'NYX Beauty Couton Pallete Makeup 12',NULL,NULL,'published','[\"products\\/19-2.jpg\"]','SW-146-A0-A2',0,10,0,1,0,6,1,0,984,NULL,NULL,NULL,18.00,15.00,11.00,613.00,'2021-12-04 04:48:49','2021-12-04 04:48:49',NULL,0,'in_stock',NULL,0,'Botble\\ACL\\Models\\User',0,NULL),(76,'NYX Beauty Couton Pallete Makeup 12',NULL,NULL,'published','[\"products\\/20.jpg\"]','SW-170-A0',0,11,0,1,0,6,1,0,799,583.27,NULL,NULL,19.00,20.00,12.00,845.00,'2021-12-04 04:48:49','2021-12-04 04:48:49',NULL,0,'in_stock',NULL,0,'Botble\\ACL\\Models\\User',0,NULL),(77,'MVMTH Classical Leather Watch In Black',NULL,NULL,'published','[\"products\\/21.jpg\"]','SW-118-A0',0,19,0,1,0,1,1,0,801,NULL,NULL,NULL,13.00,15.00,14.00,749.00,'2021-12-04 04:48:49','2021-12-04 04:48:49',NULL,0,'in_stock',NULL,0,'Botble\\ACL\\Models\\User',0,NULL),(78,'Baxter Care Hair Kit For Bearded Mens',NULL,NULL,'published','[\"products\\/22.jpg\"]','SW-159-A0',0,19,0,1,0,6,1,0,685,NULL,NULL,NULL,13.00,17.00,16.00,659.00,'2021-12-04 04:48:49','2021-12-04 04:48:49',NULL,0,'in_stock',NULL,0,'Botble\\ACL\\Models\\User',0,NULL),(79,'Baxter Care Hair Kit For Bearded Mens',NULL,NULL,'published','[\"products\\/22-1.jpg\"]','SW-159-A0-A1',0,19,0,1,0,6,1,0,685,NULL,NULL,NULL,13.00,17.00,16.00,659.00,'2021-12-04 04:48:49','2021-12-04 04:48:49',NULL,0,'in_stock',NULL,0,'Botble\\ACL\\Models\\User',0,NULL),(80,'Baxter Care Hair Kit For Bearded Mens',NULL,NULL,'published','[\"products\\/22-2.jpg\"]','SW-159-A0-A2',0,19,0,1,0,6,1,0,685,NULL,NULL,NULL,13.00,17.00,16.00,659.00,'2021-12-04 04:48:49','2021-12-04 04:48:49',NULL,0,'in_stock',NULL,0,'Botble\\ACL\\Models\\User',0,NULL),(81,'Baxter Care Hair Kit For Bearded Mens',NULL,NULL,'published','[\"products\\/22-3.jpg\"]','SW-159-A0-A3',0,19,0,1,0,6,1,0,685,NULL,NULL,NULL,13.00,17.00,16.00,659.00,'2021-12-04 04:48:49','2021-12-04 04:48:49',NULL,0,'in_stock',NULL,0,'Botble\\ACL\\Models\\User',0,NULL),(82,'Ciate Palemore Lipstick Bold Red Color',NULL,NULL,'published','[\"products\\/23.jpg\"]','SW-111-A0',0,16,0,1,0,6,1,0,793,NULL,NULL,NULL,18.00,13.00,12.00,807.00,'2021-12-04 04:48:49','2021-12-04 04:48:49',NULL,0,'in_stock',NULL,0,'Botble\\ACL\\Models\\User',0,NULL),(83,'Ciate Palemore Lipstick Bold Red Color',NULL,NULL,'published','[\"products\\/23-1.jpg\"]','SW-111-A0-A1',0,16,0,1,0,6,1,0,793,NULL,NULL,NULL,18.00,13.00,12.00,807.00,'2021-12-04 04:48:49','2021-12-04 04:48:49',NULL,0,'in_stock',NULL,0,'Botble\\ACL\\Models\\User',0,NULL);
/*!40000 ALTER TABLE `ec_products` ENABLE KEYS */;
UNLOCK TABLES;

--
-- Table structure for table `ec_products_translations`
--

DROP TABLE IF EXISTS `ec_products_translations`;
/*!40101 SET @saved_cs_client     = @@character_set_client */;
/*!40101 SET character_set_client = utf8 */;
CREATE TABLE `ec_products_translations` (
  `lang_code` varchar(191) COLLATE utf8mb4_unicode_ci NOT NULL,
  `ec_products_id` int(11) NOT NULL,
  `name` varchar(191) COLLATE utf8mb4_unicode_ci DEFAULT NULL,
  `description` text COLLATE utf8mb4_unicode_ci DEFAULT NULL,
  `content` text COLLATE utf8mb4_unicode_ci DEFAULT NULL,
  PRIMARY KEY (`lang_code`,`ec_products_id`)
) ENGINE=InnoDB DEFAULT CHARSET=utf8mb4 COLLATE=utf8mb4_unicode_ci;
/*!40101 SET character_set_client = @saved_cs_client */;

--
-- Dumping data for table `ec_products_translations`
--

LOCK TABLES `ec_products_translations` WRITE;
/*!40000 ALTER TABLE `ec_products_translations` DISABLE KEYS */;
INSERT INTO `ec_products_translations` VALUES ('vi',1,'Dual Camera 20MP',NULL,NULL),('vi',2,'Smart Watches',NULL,NULL),('vi',3,'Beat Headphone',NULL,NULL),('vi',4,'Red & Black Headphone',NULL,NULL),('vi',5,'Smart Watch External',NULL,NULL),('vi',6,'Nikon HD camera',NULL,NULL),('vi',7,'Audio Equipment',NULL,NULL),('vi',8,'Smart Televisions',NULL,NULL),('vi',9,'Samsung Smart Phone',NULL,NULL),('vi',10,'Herschel Leather Duffle Bag In Brown Color',NULL,NULL),('vi',11,'Xbox One Wireless Controller Black Color',NULL,NULL),('vi',12,'EPSION Plaster Printer',NULL,NULL),('vi',13,'Sound Intone I65 Earphone White Version',NULL,NULL),('vi',14,'B&O Play Mini Bluetooth Speaker',NULL,NULL),('vi',15,'Apple MacBook Air Retina 13.3-Inch Laptop',NULL,NULL),('vi',16,'Apple MacBook Air Retina 12-Inch Laptop',NULL,NULL),('vi',17,'Samsung Gear VR Virtual Reality Headset',NULL,NULL),('vi',18,'Aveeno Moisturizing Body Shower 450ml',NULL,NULL),('vi',19,'NYX Beauty Couton Pallete Makeup 12',NULL,NULL),('vi',20,'NYX Beauty Couton Pallete Makeup 12',NULL,NULL),('vi',21,'MVMTH Classical Leather Watch In Black',NULL,NULL),('vi',22,'Baxter Care Hair Kit For Bearded Mens',NULL,NULL),('vi',23,'Ciate Palemore Lipstick Bold Red Color',NULL,NULL),('vi',24,'Dual Camera 20MP',NULL,NULL),('vi',25,'Dual Camera 20MP',NULL,NULL),('vi',26,'Smart Watches',NULL,NULL),('vi',27,'Smart Watches',NULL,NULL),('vi',28,'Smart Watches',NULL,NULL),('vi',29,'Smart Watches',NULL,NULL),('vi',30,'Beat Headphone',NULL,NULL),('vi',31,'Red & Black Headphone',NULL,NULL),('vi',32,'Red & Black Headphone',NULL,NULL),('vi',33,'Red & Black Headphone',NULL,NULL),('vi',34,'Red & Black Headphone',NULL,NULL),('vi',35,'Smart Watch External',NULL,NULL),('vi',36,'Smart Watch External',NULL,NULL),('vi',37,'Smart Watch External',NULL,NULL),('vi',38,'Nikon HD camera',NULL,NULL),('vi',39,'Nikon HD camera',NULL,NULL),('vi',40,'Nikon HD camera',NULL,NULL),('vi',41,'Nikon HD camera',NULL,NULL),('vi',42,'Audio Equipment',NULL,NULL),('vi',43,'Audio Equipment',NULL,NULL),('vi',44,'Audio Equipment',NULL,NULL),('vi',45,'Smart Televisions',NULL,NULL),('vi',46,'Smart Televisions',NULL,NULL),('vi',47,'Smart Televisions',NULL,NULL),('vi',48,'Samsung Smart Phone',NULL,NULL),('vi',49,'Samsung Smart Phone',NULL,NULL),('vi',50,'Herschel Leather Duffle Bag In Brown Color',NULL,NULL),('vi',51,'Herschel Leather Duffle Bag In Brown Color',NULL,NULL),('vi',52,'Xbox One Wireless Controller Black Color',NULL,NULL),('vi',53,'Xbox One Wireless Controller Black Color',NULL,NULL),('vi',54,'Xbox One Wireless Controller Black Color',NULL,NULL),('vi',55,'EPSION Plaster Printer',NULL,NULL),('vi',56,'EPSION Plaster Printer',NULL,NULL),('vi',57,'EPSION Plaster Printer',NULL,NULL),('vi',58,'EPSION Plaster Printer',NULL,NULL),('vi',59,'EPSION Plaster Printer',NULL,NULL),('vi',60,'Sound Intone I65 Earphone White Version',NULL,NULL),('vi',61,'Sound Intone I65 Earphone White Version',NULL,NULL),('vi',62,'Sound Intone I65 Earphone White Version',NULL,NULL),('vi',63,'B&O Play Mini Bluetooth Speaker',NULL,NULL),('vi',64,'B&O Play Mini Bluetooth Speaker',NULL,NULL),('vi',65,'B&O Play Mini Bluetooth Speaker',NULL,NULL),('vi',66,'Apple MacBook Air Retina 13.3-Inch Laptop',NULL,NULL),('vi',67,'Apple MacBook Air Retina 12-Inch Laptop',NULL,NULL),('vi',68,'Apple MacBook Air Retina 12-Inch Laptop',NULL,NULL),('vi',69,'Samsung Gear VR Virtual Reality Headset',NULL,NULL),('vi',70,'Samsung Gear VR Virtual Reality Headset',NULL,NULL),('vi',71,'Aveeno Moisturizing Body Shower 450ml',NULL,NULL),('vi',72,'Aveeno Moisturizing Body Shower 450ml',NULL,NULL),('vi',73,'NYX Beauty Couton Pallete Makeup 12',NULL,NULL),('vi',74,'NYX Beauty Couton Pallete Makeup 12',NULL,NULL),('vi',75,'NYX Beauty Couton Pallete Makeup 12',NULL,NULL),('vi',76,'NYX Beauty Couton Pallete Makeup 12',NULL,NULL),('vi',77,'MVMTH Classical Leather Watch In Black',NULL,NULL),('vi',78,'Baxter Care Hair Kit For Bearded Mens',NULL,NULL),('vi',79,'Baxter Care Hair Kit For Bearded Mens',NULL,NULL),('vi',80,'Baxter Care Hair Kit For Bearded Mens',NULL,NULL),('vi',81,'Baxter Care Hair Kit For Bearded Mens',NULL,NULL),('vi',82,'Ciate Palemore Lipstick Bold Red Color',NULL,NULL),('vi',83,'Ciate Palemore Lipstick Bold Red Color',NULL,NULL);
/*!40000 ALTER TABLE `ec_products_translations` ENABLE KEYS */;
UNLOCK TABLES;

--
-- Table structure for table `ec_reviews`
--

DROP TABLE IF EXISTS `ec_reviews`;
/*!40101 SET @saved_cs_client     = @@character_set_client */;
/*!40101 SET character_set_client = utf8 */;
CREATE TABLE `ec_reviews` (
  `id` bigint(20) unsigned NOT NULL AUTO_INCREMENT,
  `customer_id` int(10) unsigned NOT NULL,
  `product_id` int(10) unsigned NOT NULL,
  `star` double(8,2) NOT NULL,
  `comment` text COLLATE utf8mb4_unicode_ci NOT NULL,
  `status` varchar(60) COLLATE utf8mb4_unicode_ci NOT NULL DEFAULT 'published',
  `created_at` timestamp NULL DEFAULT NULL,
  `updated_at` timestamp NULL DEFAULT NULL,
  `images` text COLLATE utf8mb4_unicode_ci DEFAULT NULL,
  PRIMARY KEY (`id`)
) ENGINE=InnoDB AUTO_INCREMENT=101 DEFAULT CHARSET=utf8mb4 COLLATE=utf8mb4_unicode_ci;
/*!40101 SET character_set_client = @saved_cs_client */;

--
-- Dumping data for table `ec_reviews`
--

LOCK TABLES `ec_reviews` WRITE;
/*!40000 ALTER TABLE `ec_reviews` DISABLE KEYS */;
INSERT INTO `ec_reviews` VALUES (1,8,16,1.00,'For me the best eCommerce script on Envato at this moment: modern, clean code, a lot of great features. The customer support is great too: I always get an answer within hours!','published','2021-12-04 04:48:53','2021-12-04 04:48:53','[\"products\\/4.jpg\",\"products\\/6.jpg\"]'),(2,3,17,2.00,'Great system, great support, good job Botble. I\'m looking forward to more great functional plugins.','published','2021-12-04 04:48:53','2021-12-04 04:48:53','[\"products\\/1.jpg\",\"products\\/5.jpg\"]'),(3,7,4,3.00,'As a developer I reviewed this script. This is really awesome ecommerce script. I have convinced when I noticed that it\'s built on fully WordPress concept.','published','2021-12-04 04:48:53','2021-12-04 04:48:53','[\"products\\/1.jpg\",\"products\\/7.jpg\"]'),(4,10,4,3.00,'These guys are amazing! Responses immediately, amazing support and help... I immediately feel at ease after Purchasing..','published','2021-12-04 04:48:53','2021-12-04 04:48:53','[\"products\\/4.jpg\"]'),(5,8,19,1.00,'Best ecommerce CMS online store!','published','2021-12-04 04:48:53','2021-12-04 04:48:53','{\"0\":\"products\\/4.jpg\",\"2\":\"products\\/13.jpg\"}'),(6,4,17,3.00,'Those guys now what they are doing, the release such a good product that it\'s a pleasure to work with ! Even when I was stuck on the project, I created a ticket and the next day it was replied by the team. GOOD JOB guys. I love working with them :)','published','2021-12-04 04:48:53','2021-12-04 04:48:53','[\"products\\/4.jpg\",\"products\\/5.jpg\"]'),(7,3,21,2.00,'I Love this Script. I also found how to add other fees. Now I just wait the BIG update for the Marketplace with the Bulk Import. Just do not forget to make it to be Multi-language for us the Botble Fans.','published','2021-12-04 04:48:53','2021-12-04 04:48:53','{\"0\":\"products\\/2.jpg\",\"2\":\"products\\/9.jpg\"}'),(8,3,21,5.00,'Those guys now what they are doing, the release such a good product that it\'s a pleasure to work with ! Even when I was stuck on the project, I created a ticket and the next day it was replied by the team. GOOD JOB guys. I love working with them :)','published','2021-12-04 04:48:53','2021-12-04 04:48:53','[\"products\\/4.jpg\",\"products\\/7.jpg\",\"products\\/11.jpg\"]'),(9,4,21,4.00,'I Love this Script. I also found how to add other fees. Now I just wait the BIG update for the Marketplace with the Bulk Import. Just do not forget to make it to be Multi-language for us the Botble Fans.','published','2021-12-04 04:48:53','2021-12-04 04:48:53','[\"products\\/3.jpg\"]'),(10,1,23,2.00,'The best ecommerce CMS! Excellent coding! best support service! Thank you so much..... I really like your hard work.','published','2021-12-04 04:48:53','2021-12-04 04:48:53','[\"products\\/4.jpg\",\"products\\/7.jpg\",\"products\\/22.jpg\"]'),(11,5,4,5.00,'Amazing code, amazing support. Overall, im really confident in Botble and im happy I made the right choice! Thank you so much guys for coding this masterpiece','published','2021-12-04 04:48:53','2021-12-04 04:48:53','{\"0\":\"products\\/2.jpg\",\"2\":\"products\\/15.jpg\"}'),(12,6,13,2.00,'The best ecommerce CMS! Excellent coding! best support service! Thank you so much..... I really like your hard work.','published','2021-12-04 04:48:53','2021-12-04 04:48:53','[\"products\\/4.jpg\",\"products\\/5.jpg\",\"products\\/19.jpg\"]'),(13,1,12,4.00,'Second or third time that I buy a Botble product, happy with the products and support. You guys do a good job :)','published','2021-12-04 04:48:53','2021-12-04 04:48:53','[\"products\\/1.jpg\",\"products\\/7.jpg\"]'),(14,1,5,3.00,'Best ecommerce CMS online store!','published','2021-12-04 04:48:53','2021-12-04 04:48:53','[\"products\\/4.jpg\",\"products\\/5.jpg\"]'),(15,8,11,5.00,'It\'s not my first experience here on Codecanyon and I can honestly tell you all that Botble puts a LOT of effort into the support. They answer so fast, they helped me tons of times. REALLY by far THE BEST EXPERIENCE on Codecanyon. Those guys at Botble are so good that they deserve 5 stars. I recommend them, I trust them and I can\'t wait to see what they will sell in a near future. Thank you Botble :)','published','2021-12-04 04:48:53','2021-12-04 04:48:53','[\"products\\/4.jpg\",\"products\\/7.jpg\",\"products\\/19.jpg\"]'),(16,5,23,4.00,'It\'s not my first experience here on Codecanyon and I can honestly tell you all that Botble puts a LOT of effort into the support. They answer so fast, they helped me tons of times. REALLY by far THE BEST EXPERIENCE on Codecanyon. Those guys at Botble are so good that they deserve 5 stars. I recommend them, I trust them and I can\'t wait to see what they will sell in a near future. Thank you Botble :)','published','2021-12-04 04:48:53','2021-12-04 04:48:53','{\"0\":\"products\\/1.jpg\",\"2\":\"products\\/12.jpg\"}'),(17,1,14,3.00,'Great system, great support, good job Botble. I\'m looking forward to more great functional plugins.','published','2021-12-04 04:48:53','2021-12-04 04:48:53','[\"products\\/1.jpg\",\"products\\/6.jpg\"]'),(18,3,5,3.00,'Ok good product. I have some issues in customizations. But its not correct to blame the developer. The product is good. Good luck for your business.','published','2021-12-04 04:48:53','2021-12-04 04:48:53','[\"products\\/4.jpg\"]'),(19,7,6,1.00,'Second or third time that I buy a Botble product, happy with the products and support. You guys do a good job :)','published','2021-12-04 04:48:53','2021-12-04 04:48:53','[\"products\\/3.jpg\",\"products\\/5.jpg\"]'),(20,3,8,1.00,'This script is well coded and is super fast. The support is pretty quick. Very patient and helpful team. I strongly recommend it and they deserve more than 5 stars.','published','2021-12-04 04:48:53','2021-12-04 04:48:53','[\"products\\/2.jpg\",\"products\\/7.jpg\"]'),(21,5,4,1.00,'It\'s not my first experience here on Codecanyon and I can honestly tell you all that Botble puts a LOT of effort into the support. They answer so fast, they helped me tons of times. REALLY by far THE BEST EXPERIENCE on Codecanyon. Those guys at Botble are so good that they deserve 5 stars. I recommend them, I trust them and I can\'t wait to see what they will sell in a near future. Thank you Botble :)','published','2021-12-04 04:48:53','2021-12-04 04:48:53','[\"products\\/2.jpg\"]'),(22,2,10,4.00,'These guys are amazing! Responses immediately, amazing support and help... I immediately feel at ease after Purchasing..','published','2021-12-04 04:48:53','2021-12-04 04:48:53','[\"products\\/3.jpg\"]'),(23,7,11,3.00,'It\'s not my first experience here on Codecanyon and I can honestly tell you all that Botble puts a LOT of effort into the support. They answer so fast, they helped me tons of times. REALLY by far THE BEST EXPERIENCE on Codecanyon. Those guys at Botble are so good that they deserve 5 stars. I recommend them, I trust them and I can\'t wait to see what they will sell in a near future. Thank you Botble :)','published','2021-12-04 04:48:53','2021-12-04 04:48:53','{\"0\":\"products\\/4.jpg\",\"2\":\"products\\/21.jpg\"}'),(24,4,10,3.00,'This web app is really good in design, code quality & features. Besides, the customer support provided by the Botble team was really fast & helpful. You guys are awesome!','published','2021-12-04 04:48:53','2021-12-04 04:48:53','[\"products\\/2.jpg\"]'),(25,4,4,2.00,'Amazing code, amazing support. Overall, im really confident in Botble and im happy I made the right choice! Thank you so much guys for coding this masterpiece','published','2021-12-04 04:48:53','2021-12-04 04:48:53','[\"products\\/1.jpg\",\"products\\/5.jpg\",\"products\\/14.jpg\"]'),(26,1,14,2.00,'Clean & perfect source code','published','2021-12-04 04:48:53','2021-12-04 04:48:53','[\"products\\/4.jpg\"]'),(27,7,6,3.00,'Very enthusiastic support! Excellent code is written. It\'s a true pleasure working with.','published','2021-12-04 04:48:53','2021-12-04 04:48:53','[\"products\\/3.jpg\",\"products\\/5.jpg\",\"products\\/13.jpg\"]'),(28,1,3,1.00,'This web app is really good in design, code quality & features. Besides, the customer support provided by the Botble team was really fast & helpful. You guys are awesome!','published','2021-12-04 04:48:53','2021-12-04 04:48:53','{\"0\":\"products\\/1.jpg\",\"2\":\"products\\/20.jpg\"}'),(29,1,4,3.00,'Best ecommerce CMS online store!','published','2021-12-04 04:48:53','2021-12-04 04:48:53','[\"products\\/3.jpg\"]'),(30,4,11,5.00,'For me the best eCommerce script on Envato at this moment: modern, clean code, a lot of great features. The customer support is great too: I always get an answer within hours!','published','2021-12-04 04:48:53','2021-12-04 04:48:53','[\"products\\/3.jpg\"]'),(31,10,12,3.00,'Amazing code, amazing support. Overall, im really confident in Botble and im happy I made the right choice! Thank you so much guys for coding this masterpiece','published','2021-12-04 04:48:53','2021-12-04 04:48:53','[\"products\\/1.jpg\"]'),(32,10,19,2.00,'For me the best eCommerce script on Envato at this moment: modern, clean code, a lot of great features. The customer support is great too: I always get an answer within hours!','published','2021-12-04 04:48:53','2021-12-04 04:48:53','[\"products\\/4.jpg\"]'),(33,4,3,3.00,'Clean & perfect source code','published','2021-12-04 04:48:53','2021-12-04 04:48:53','[\"products\\/2.jpg\",\"products\\/5.jpg\"]'),(34,8,19,5.00,'Customer Support are grade (A*), however the code is a way too over engineered for it\'s purpose.','published','2021-12-04 04:48:53','2021-12-04 04:48:53','[\"products\\/4.jpg\"]'),(35,10,2,5.00,'Perfect +++++++++ i love it really also i get to fast ticket answers... Thanks Lot BOTBLE Teams','published','2021-12-04 04:48:53','2021-12-04 04:48:53','{\"0\":\"products\\/4.jpg\",\"2\":\"products\\/14.jpg\"}'),(36,9,1,4.00,'Cool template. Excellent code quality. The support responds very quickly, which is very rare on themeforest and codecanyon.net, I buy a lot of templates, and everyone will have a response from technical support for two or three days. Thanks to tech support. I recommend to buy.','published','2021-12-04 04:48:53','2021-12-04 04:48:53','[\"products\\/3.jpg\",\"products\\/7.jpg\",\"products\\/15.jpg\"]'),(37,10,2,4.00,'As a developer I reviewed this script. This is really awesome ecommerce script. I have convinced when I noticed that it\'s built on fully WordPress concept.','published','2021-12-04 04:48:53','2021-12-04 04:48:53','{\"0\":\"products\\/4.jpg\",\"2\":\"products\\/9.jpg\"}'),(38,10,22,4.00,'For me the best eCommerce script on Envato at this moment: modern, clean code, a lot of great features. The customer support is great too: I always get an answer within hours!','published','2021-12-04 04:48:53','2021-12-04 04:48:53','[\"products\\/1.jpg\",\"products\\/7.jpg\",\"products\\/16.jpg\"]'),(39,3,20,2.00,'Second or third time that I buy a Botble product, happy with the products and support. You guys do a good job :)','published','2021-12-04 04:48:53','2021-12-04 04:48:53','[\"products\\/3.jpg\"]'),(40,3,18,3.00,'Amazing code, amazing support. Overall, im really confident in Botble and im happy I made the right choice! Thank you so much guys for coding this masterpiece','published','2021-12-04 04:48:53','2021-12-04 04:48:53','[\"products\\/4.jpg\",\"products\\/6.jpg\"]'),(41,9,15,1.00,'Good app, good backup service and support. Good documentation.','published','2021-12-04 04:48:53','2021-12-04 04:48:53','[\"products\\/3.jpg\"]'),(42,10,17,4.00,'Very enthusiastic support! Excellent code is written. It\'s a true pleasure working with.','published','2021-12-04 04:48:53','2021-12-04 04:48:53','[\"products\\/1.jpg\",\"products\\/6.jpg\"]'),(43,1,19,3.00,'Very enthusiastic support! Excellent code is written. It\'s a true pleasure working with.','published','2021-12-04 04:48:53','2021-12-04 04:48:53','[\"products\\/2.jpg\",\"products\\/6.jpg\"]'),(44,4,15,3.00,'We have received brilliant service support and will be expanding the features with the developer. Nice product!','published','2021-12-04 04:48:53','2021-12-04 04:48:53','[\"products\\/1.jpg\",\"products\\/6.jpg\"]'),(45,3,17,4.00,'For me the best eCommerce script on Envato at this moment: modern, clean code, a lot of great features. The customer support is great too: I always get an answer within hours!','published','2021-12-04 04:48:53','2021-12-04 04:48:53','[\"products\\/3.jpg\"]'),(46,3,15,4.00,'The script is the best of its class, fast, easy to implement and work with , and the most important thing is the great support team , Recommend with no doubt.','published','2021-12-04 04:48:53','2021-12-04 04:48:53','[\"products\\/4.jpg\",\"products\\/6.jpg\"]'),(47,9,2,3.00,'Good app, good backup service and support. Good documentation.','published','2021-12-04 04:48:53','2021-12-04 04:48:53','[\"products\\/1.jpg\"]'),(48,10,4,5.00,'Clean & perfect source code','published','2021-12-04 04:48:53','2021-12-04 04:48:53','[\"products\\/2.jpg\"]'),(49,2,6,4.00,'The script is the best of its class, fast, easy to implement and work with , and the most important thing is the great support team , Recommend with no doubt.','published','2021-12-04 04:48:53','2021-12-04 04:48:53','[\"products\\/3.jpg\",\"products\\/5.jpg\"]'),(50,4,16,5.00,'The code is good, in general, if you like it, can you give it 5 stars?','published','2021-12-04 04:48:53','2021-12-04 04:48:53','[\"products\\/1.jpg\",\"products\\/5.jpg\",\"products\\/8.jpg\"]'),(51,3,23,2.00,'We have received brilliant service support and will be expanding the features with the developer. Nice product!','published','2021-12-04 04:48:53','2021-12-04 04:48:53','[\"products\\/1.jpg\",\"products\\/5.jpg\"]'),(52,4,3,5.00,'Good app, good backup service and support. Good documentation.','published','2021-12-04 04:48:53','2021-12-04 04:48:53','[\"products\\/2.jpg\",\"products\\/6.jpg\"]'),(53,6,20,1.00,'It\'s not my first experience here on Codecanyon and I can honestly tell you all that Botble puts a LOT of effort into the support. They answer so fast, they helped me tons of times. REALLY by far THE BEST EXPERIENCE on Codecanyon. Those guys at Botble are so good that they deserve 5 stars. I recommend them, I trust them and I can\'t wait to see what they will sell in a near future. Thank you Botble :)','published','2021-12-04 04:48:53','2021-12-04 04:48:53','[\"products\\/2.jpg\",\"products\\/5.jpg\",\"products\\/18.jpg\"]'),(54,10,1,1.00,'Cool template. Excellent code quality. The support responds very quickly, which is very rare on themeforest and codecanyon.net, I buy a lot of templates, and everyone will have a response from technical support for two or three days. Thanks to tech support. I recommend to buy.','published','2021-12-04 04:48:53','2021-12-04 04:48:53','{\"0\":\"products\\/4.jpg\",\"2\":\"products\\/12.jpg\"}'),(55,4,14,3.00,'Solution is too robust for our purpose so we didn\'t use it at the end. But I appreciate customer support during initial configuration.','published','2021-12-04 04:48:53','2021-12-04 04:48:53','[\"products\\/2.jpg\",\"products\\/7.jpg\",\"products\\/17.jpg\"]'),(56,10,4,2.00,'Perfect +++++++++ i love it really also i get to fast ticket answers... Thanks Lot BOTBLE Teams','published','2021-12-04 04:48:53','2021-12-04 04:48:53','[\"products\\/4.jpg\",\"products\\/6.jpg\",\"products\\/16.jpg\"]'),(57,8,21,3.00,'Ok good product. I have some issues in customizations. But its not correct to blame the developer. The product is good. Good luck for your business.','published','2021-12-04 04:48:53','2021-12-04 04:48:53','[\"products\\/1.jpg\"]'),(58,9,8,5.00,'We have received brilliant service support and will be expanding the features with the developer. Nice product!','published','2021-12-04 04:48:53','2021-12-04 04:48:53','{\"0\":\"products\\/4.jpg\",\"2\":\"products\\/16.jpg\"}'),(59,8,22,3.00,'Customer Support are grade (A*), however the code is a way too over engineered for it\'s purpose.','published','2021-12-04 04:48:53','2021-12-04 04:48:53','[\"products\\/3.jpg\",\"products\\/7.jpg\"]'),(60,1,10,3.00,'This web app is really good in design, code quality & features. Besides, the customer support provided by the Botble team was really fast & helpful. You guys are awesome!','published','2021-12-04 04:48:53','2021-12-04 04:48:53','[\"products\\/2.jpg\",\"products\\/6.jpg\"]'),(61,5,16,5.00,'We have received brilliant service support and will be expanding the features with the developer. Nice product!','published','2021-12-04 04:48:53','2021-12-04 04:48:53','[\"products\\/2.jpg\",\"products\\/7.jpg\"]'),(62,3,8,5.00,'Very enthusiastic support! Excellent code is written. It\'s a true pleasure working with.','published','2021-12-04 04:48:53','2021-12-04 04:48:53','[\"products\\/2.jpg\",\"products\\/5.jpg\"]'),(63,2,9,4.00,'Solution is too robust for our purpose so we didn\'t use it at the end. But I appreciate customer support during initial configuration.','published','2021-12-04 04:48:53','2021-12-04 04:48:53','[\"products\\/4.jpg\",\"products\\/7.jpg\"]'),(64,6,23,1.00,'The code is good, in general, if you like it, can you give it 5 stars?','published','2021-12-04 04:48:53','2021-12-04 04:48:53','[\"products\\/1.jpg\"]'),(65,7,4,3.00,'Cool template. Excellent code quality. The support responds very quickly, which is very rare on themeforest and codecanyon.net, I buy a lot of templates, and everyone will have a response from technical support for two or three days. Thanks to tech support. I recommend to buy.','published','2021-12-04 04:48:53','2021-12-04 04:48:53','{\"0\":\"products\\/2.jpg\",\"2\":\"products\\/17.jpg\"}'),(66,9,14,1.00,'Amazing code, amazing support. Overall, im really confident in Botble and im happy I made the right choice! Thank you so much guys for coding this masterpiece','published','2021-12-04 04:48:53','2021-12-04 04:48:53','[\"products\\/2.jpg\",\"products\\/6.jpg\"]'),(67,7,23,3.00,'Cool template. Excellent code quality. The support responds very quickly, which is very rare on themeforest and codecanyon.net, I buy a lot of templates, and everyone will have a response from technical support for two or three days. Thanks to tech support. I recommend to buy.','published','2021-12-04 04:48:53','2021-12-04 04:48:53','[\"products\\/2.jpg\",\"products\\/5.jpg\"]'),(68,8,20,3.00,'Solution is too robust for our purpose so we didn\'t use it at the end. But I appreciate customer support during initial configuration.','published','2021-12-04 04:48:53','2021-12-04 04:48:53','[\"products\\/3.jpg\"]'),(69,5,20,2.00,'Very enthusiastic support! Excellent code is written. It\'s a true pleasure working with.','published','2021-12-04 04:48:53','2021-12-04 04:48:53','[\"products\\/1.jpg\",\"products\\/6.jpg\"]'),(70,2,17,1.00,'Great E-commerce system. And much more : Wonderful Customer Support.','published','2021-12-04 04:48:53','2021-12-04 04:48:53','[\"products\\/4.jpg\",\"products\\/5.jpg\",\"products\\/9.jpg\"]'),(71,9,2,3.00,'Perfect +++++++++ i love it really also i get to fast ticket answers... Thanks Lot BOTBLE Teams','published','2021-12-04 04:48:53','2021-12-04 04:48:53','[\"products\\/1.jpg\"]'),(72,7,1,1.00,'The best ecommerce CMS! Excellent coding! best support service! Thank you so much..... I really like your hard work.','published','2021-12-04 04:48:53','2021-12-04 04:48:53','{\"0\":\"products\\/4.jpg\",\"2\":\"products\\/20.jpg\"}'),(73,3,7,3.00,'The best store template! Excellent coding! Very good support! Thank you so much for all the help, I really appreciated.','published','2021-12-04 04:48:53','2021-12-04 04:48:53','[\"products\\/4.jpg\",\"products\\/5.jpg\"]'),(74,2,3,5.00,'Ok good product. I have some issues in customizations. But its not correct to blame the developer. The product is good. Good luck for your business.','published','2021-12-04 04:48:53','2021-12-04 04:48:53','{\"0\":\"products\\/1.jpg\",\"2\":\"products\\/11.jpg\"}'),(75,1,22,2.00,'For me the best eCommerce script on Envato at this moment: modern, clean code, a lot of great features. The customer support is great too: I always get an answer within hours!','published','2021-12-04 04:48:53','2021-12-04 04:48:53','[\"products\\/2.jpg\",\"products\\/6.jpg\"]'),(76,9,23,1.00,'Second or third time that I buy a Botble product, happy with the products and support. You guys do a good job :)','published','2021-12-04 04:48:53','2021-12-04 04:48:53','[\"products\\/4.jpg\"]'),(77,5,17,3.00,'Customer Support are grade (A*), however the code is a way too over engineered for it\'s purpose.','published','2021-12-04 04:48:53','2021-12-04 04:48:53','[\"products\\/3.jpg\",\"products\\/6.jpg\",\"products\\/9.jpg\"]'),(78,1,17,5.00,'Clean & perfect source code','published','2021-12-04 04:48:53','2021-12-04 04:48:53','[\"products\\/1.jpg\",\"products\\/5.jpg\"]'),(79,9,18,1.00,'This web app is really good in design, code quality & features. Besides, the customer support provided by the Botble team was really fast & helpful. You guys are awesome!','published','2021-12-04 04:48:53','2021-12-04 04:48:53','[\"products\\/4.jpg\"]'),(80,7,7,2.00,'These guys are amazing! Responses immediately, amazing support and help... I immediately feel at ease after Purchasing..','published','2021-12-04 04:48:53','2021-12-04 04:48:53','[\"products\\/4.jpg\",\"products\\/6.jpg\"]'),(81,10,3,1.00,'It\'s not my first experience here on Codecanyon and I can honestly tell you all that Botble puts a LOT of effort into the support. They answer so fast, they helped me tons of times. REALLY by far THE BEST EXPERIENCE on Codecanyon. Those guys at Botble are so good that they deserve 5 stars. I recommend them, I trust them and I can\'t wait to see what they will sell in a near future. Thank you Botble :)','published','2021-12-04 04:48:53','2021-12-04 04:48:53','[\"products\\/2.jpg\",\"products\\/6.jpg\"]'),(82,10,3,5.00,'Those guys now what they are doing, the release such a good product that it\'s a pleasure to work with ! Even when I was stuck on the project, I created a ticket and the next day it was replied by the team. GOOD JOB guys. I love working with them :)','published','2021-12-04 04:48:53','2021-12-04 04:48:53','[\"products\\/1.jpg\",\"products\\/5.jpg\"]'),(83,2,3,5.00,'The code is good, in general, if you like it, can you give it 5 stars?','published','2021-12-04 04:48:53','2021-12-04 04:48:53','[\"products\\/1.jpg\",\"products\\/5.jpg\"]'),(84,1,20,3.00,'Very enthusiastic support! Excellent code is written. It\'s a true pleasure working with.','published','2021-12-04 04:48:53','2021-12-04 04:48:53','[\"products\\/4.jpg\",\"products\\/5.jpg\"]'),(85,7,7,3.00,'It\'s not my first experience here on Codecanyon and I can honestly tell you all that Botble puts a LOT of effort into the support. They answer so fast, they helped me tons of times. REALLY by far THE BEST EXPERIENCE on Codecanyon. Those guys at Botble are so good that they deserve 5 stars. I recommend them, I trust them and I can\'t wait to see what they will sell in a near future. Thank you Botble :)','published','2021-12-04 04:48:53','2021-12-04 04:48:53','[\"products\\/2.jpg\"]'),(86,1,7,2.00,'The best store template! Excellent coding! Very good support! Thank you so much for all the help, I really appreciated.','published','2021-12-04 04:48:53','2021-12-04 04:48:53','[\"products\\/4.jpg\",\"products\\/5.jpg\"]'),(87,8,11,3.00,'Very enthusiastic support! Excellent code is written. It\'s a true pleasure working with.','published','2021-12-04 04:48:53','2021-12-04 04:48:53','[\"products\\/1.jpg\",\"products\\/5.jpg\"]'),(88,10,23,5.00,'Customer Support are grade (A*), however the code is a way too over engineered for it\'s purpose.','published','2021-12-04 04:48:53','2021-12-04 04:48:53','[\"products\\/3.jpg\",\"products\\/5.jpg\"]'),(89,9,17,2.00,'Cool template. Excellent code quality. The support responds very quickly, which is very rare on themeforest and codecanyon.net, I buy a lot of templates, and everyone will have a response from technical support for two or three days. Thanks to tech support. I recommend to buy.','published','2021-12-04 04:48:53','2021-12-04 04:48:53','{\"0\":\"products\\/3.jpg\",\"2\":\"products\\/14.jpg\"}'),(90,7,9,5.00,'This script is well coded and is super fast. The support is pretty quick. Very patient and helpful team. I strongly recommend it and they deserve more than 5 stars.','published','2021-12-04 04:48:53','2021-12-04 04:48:53','[\"products\\/3.jpg\",\"products\\/7.jpg\"]'),(91,2,16,4.00,'The best store template! Excellent coding! Very good support! Thank you so much for all the help, I really appreciated.','published','2021-12-04 04:48:53','2021-12-04 04:48:53','[\"products\\/2.jpg\",\"products\\/6.jpg\"]'),(92,9,2,3.00,'The best store template! Excellent coding! Very good support! Thank you so much for all the help, I really appreciated.','published','2021-12-04 04:48:53','2021-12-04 04:48:53','[\"products\\/4.jpg\",\"products\\/7.jpg\"]'),(93,2,19,2.00,'Perfect +++++++++ i love it really also i get to fast ticket answers... Thanks Lot BOTBLE Teams','published','2021-12-04 04:48:53','2021-12-04 04:48:53','{\"0\":\"products\\/4.jpg\",\"2\":\"products\\/8.jpg\"}'),(94,9,10,2.00,'It\'s not my first experience here on Codecanyon and I can honestly tell you all that Botble puts a LOT of effort into the support. They answer so fast, they helped me tons of times. REALLY by far THE BEST EXPERIENCE on Codecanyon. Those guys at Botble are so good that they deserve 5 stars. I recommend them, I trust them and I can\'t wait to see what they will sell in a near future. Thank you Botble :)','published','2021-12-04 04:48:53','2021-12-04 04:48:53','[\"products\\/2.jpg\",\"products\\/5.jpg\"]'),(95,10,13,4.00,'This script is well coded and is super fast. The support is pretty quick. Very patient and helpful team. I strongly recommend it and they deserve more than 5 stars.','published','2021-12-04 04:48:53','2021-12-04 04:48:53','[\"products\\/4.jpg\",\"products\\/7.jpg\"]'),(96,2,20,3.00,'Amazing code, amazing support. Overall, im really confident in Botble and im happy I made the right choice! Thank you so much guys for coding this masterpiece','published','2021-12-04 04:48:53','2021-12-04 04:48:53','[\"products\\/1.jpg\",\"products\\/6.jpg\"]'),(97,9,15,1.00,'We have received brilliant service support and will be expanding the features with the developer. Nice product!','published','2021-12-04 04:48:53','2021-12-04 04:48:53','[\"products\\/2.jpg\",\"products\\/5.jpg\",\"products\\/18.jpg\"]'),(98,4,19,1.00,'As a developer I reviewed this script. This is really awesome ecommerce script. I have convinced when I noticed that it\'s built on fully WordPress concept.','published','2021-12-04 04:48:53','2021-12-04 04:48:53','[\"products\\/2.jpg\"]'),(99,1,6,4.00,'Amazing code, amazing support. Overall, im really confident in Botble and im happy I made the right choice! Thank you so much guys for coding this masterpiece','published','2021-12-04 04:48:53','2021-12-04 04:48:53','[\"products\\/1.jpg\",\"products\\/5.jpg\"]'),(100,9,6,2.00,'Perfect +++++++++ i love it really also i get to fast ticket answers... Thanks Lot BOTBLE Teams','published','2021-12-04 04:48:53','2021-12-04 04:48:53','[\"products\\/3.jpg\"]');
/*!40000 ALTER TABLE `ec_reviews` ENABLE KEYS */;
UNLOCK TABLES;

--
-- Table structure for table `ec_shipment_histories`
--

DROP TABLE IF EXISTS `ec_shipment_histories`;
/*!40101 SET @saved_cs_client     = @@character_set_client */;
/*!40101 SET character_set_client = utf8 */;
CREATE TABLE `ec_shipment_histories` (
  `id` bigint(20) unsigned NOT NULL AUTO_INCREMENT,
  `action` varchar(120) COLLATE utf8mb4_unicode_ci NOT NULL,
  `description` varchar(255) COLLATE utf8mb4_unicode_ci NOT NULL,
  `user_id` int(10) unsigned DEFAULT NULL,
  `shipment_id` int(10) unsigned NOT NULL,
  `order_id` int(10) unsigned NOT NULL,
  `created_at` timestamp NULL DEFAULT NULL,
  `updated_at` timestamp NULL DEFAULT NULL,
  PRIMARY KEY (`id`)
) ENGINE=InnoDB AUTO_INCREMENT=141 DEFAULT CHARSET=utf8mb4 COLLATE=utf8mb4_unicode_ci;
/*!40101 SET character_set_client = @saved_cs_client */;

--
-- Dumping data for table `ec_shipment_histories`
--

LOCK TABLES `ec_shipment_histories` WRITE;
/*!40000 ALTER TABLE `ec_shipment_histories` DISABLE KEYS */;
INSERT INTO `ec_shipment_histories` VALUES (1,'create_from_order','Shipping was created from order %order_id%',0,1,1,'2021-11-17 12:49:07','2021-11-17 12:49:07'),(2,'update_status','Changed status of shipping to : Approved . Updated by: %user_name%',0,1,1,'2021-12-02 12:49:07','2021-12-04 04:49:07'),(3,'update_status','Changed status of shipping to : Delivered . Updated by: %user_name%',0,1,1,'2021-12-04 04:49:07','2021-12-04 04:49:07'),(4,'create_from_order','Shipping was created from order %order_id%',0,2,2,'2021-11-17 12:49:07','2021-11-17 12:49:07'),(5,'update_status','Changed status of shipping to : Approved . Updated by: %user_name%',0,2,2,'2021-12-02 12:49:08','2021-12-04 04:49:08'),(6,'update_status','Changed status of shipping to : Delivered . Updated by: %user_name%',0,2,2,'2021-12-04 04:49:08','2021-12-04 04:49:08'),(7,'create_from_order','Shipping was created from order %order_id%',0,3,3,'2021-11-19 22:49:08','2021-11-19 22:49:08'),(8,'update_status','Changed status of shipping to : Approved . Updated by: %user_name%',0,3,3,'2021-12-02 14:49:08','2021-12-04 04:49:08'),(9,'create_from_order','Shipping was created from order %order_id%',0,4,4,'2021-11-24 16:49:08','2021-11-24 16:49:08'),(10,'update_status','Changed status of shipping to : Approved . Updated by: %user_name%',0,4,4,'2021-12-02 14:49:08','2021-12-04 04:49:08'),(11,'update_status','Changed status of shipping to : Delivered . Updated by: %user_name%',0,4,4,'2021-12-04 04:49:08','2021-12-04 04:49:08'),(12,'create_from_order','Shipping was created from order %order_id%',0,5,5,'2021-12-01 00:49:08','2021-12-01 00:49:08'),(13,'update_status','Changed status of shipping to : Approved . Updated by: %user_name%',0,5,5,'2021-12-02 14:49:08','2021-12-04 04:49:08'),(14,'create_from_order','Shipping was created from order %order_id%',0,6,6,'2021-11-29 16:49:08','2021-11-29 16:49:08'),(15,'update_status','Changed status of shipping to : Approved . Updated by: %user_name%',0,6,6,'2021-12-02 16:49:08','2021-12-04 04:49:08'),(16,'create_from_order','Shipping was created from order %order_id%',0,7,7,'2021-11-22 04:49:08','2021-11-22 04:49:08'),(17,'update_status','Changed status of shipping to : Approved . Updated by: %user_name%',0,7,7,'2021-12-02 16:49:08','2021-12-04 04:49:08'),(18,'update_status','Changed status of shipping to : Delivered . Updated by: %user_name%',0,7,7,'2021-12-04 04:49:08','2021-12-04 04:49:08'),(19,'create_from_order','Shipping was created from order %order_id%',0,8,8,'2021-11-25 04:49:08','2021-11-25 04:49:08'),(20,'update_status','Changed status of shipping to : Approved . Updated by: %user_name%',0,8,8,'2021-12-02 16:49:08','2021-12-04 04:49:08'),(21,'create_from_order','Shipping was created from order %order_id%',0,9,9,'2021-12-01 08:49:08','2021-12-01 08:49:08'),(22,'update_status','Changed status of shipping to : Approved . Updated by: %user_name%',0,9,9,'2021-12-02 18:49:08','2021-12-04 04:49:08'),(23,'update_status','Changed status of shipping to : Delivered . Updated by: %user_name%',0,9,9,'2021-12-04 04:49:08','2021-12-04 04:49:08'),(24,'create_from_order','Shipping was created from order %order_id%',0,10,10,'2021-11-29 22:49:08','2021-11-29 22:49:08'),(25,'update_status','Changed status of shipping to : Approved . Updated by: %user_name%',0,10,10,'2021-12-02 18:49:08','2021-12-04 04:49:08'),(26,'update_status','Changed status of shipping to : Delivered . Updated by: %user_name%',0,10,10,'2021-12-04 04:49:08','2021-12-04 04:49:08'),(27,'create_from_order','Shipping was created from order %order_id%',0,11,11,'2021-11-23 12:49:08','2021-11-23 12:49:08'),(28,'update_status','Changed status of shipping to : Approved . Updated by: %user_name%',0,11,11,'2021-12-02 20:49:08','2021-12-04 04:49:08'),(29,'update_status','Changed status of shipping to : Delivered . Updated by: %user_name%',0,11,11,'2021-12-04 04:49:08','2021-12-04 04:49:08'),(30,'create_from_order','Shipping was created from order %order_id%',0,12,12,'2021-11-22 04:49:08','2021-11-22 04:49:08'),(31,'update_status','Changed status of shipping to : Approved . Updated by: %user_name%',0,12,12,'2021-12-02 20:49:08','2021-12-04 04:49:08'),(32,'update_status','Changed status of shipping to : Delivered . Updated by: %user_name%',0,12,12,'2021-12-04 04:49:08','2021-12-04 04:49:08'),(33,'create_from_order','Shipping was created from order %order_id%',0,13,13,'2021-11-26 04:49:08','2021-11-26 04:49:08'),(34,'update_status','Changed status of shipping to : Approved . Updated by: %user_name%',0,13,13,'2021-12-02 20:49:08','2021-12-04 04:49:08'),(35,'update_status','Changed status of shipping to : Delivered . Updated by: %user_name%',0,13,13,'2021-12-04 04:49:08','2021-12-04 04:49:08'),(36,'create_from_order','Shipping was created from order %order_id%',0,14,14,'2021-11-26 16:49:08','2021-11-26 16:49:08'),(37,'update_status','Changed status of shipping to : Approved . Updated by: %user_name%',0,14,14,'2021-12-02 22:49:08','2021-12-04 04:49:08'),(38,'create_from_order','Shipping was created from order %order_id%',0,15,15,'2021-11-21 16:49:08','2021-11-21 16:49:08'),(39,'update_status','Changed status of shipping to : Approved . Updated by: %user_name%',0,15,15,'2021-12-02 22:49:08','2021-12-04 04:49:08'),(40,'update_status','Changed status of shipping to : Delivered . Updated by: %user_name%',0,15,15,'2021-12-04 04:49:08','2021-12-04 04:49:08'),(41,'create_from_order','Shipping was created from order %order_id%',0,16,16,'2021-12-03 00:49:08','2021-12-03 00:49:08'),(42,'update_status','Changed status of shipping to : Approved . Updated by: %user_name%',0,16,16,'2021-12-03 00:49:08','2021-12-04 04:49:08'),(43,'update_status','Changed status of shipping to : Delivered . Updated by: %user_name%',0,16,16,'2021-12-04 04:49:08','2021-12-04 04:49:08'),(44,'create_from_order','Shipping was created from order %order_id%',0,17,17,'2021-11-27 04:49:08','2021-11-27 04:49:08'),(45,'update_status','Changed status of shipping to : Approved . Updated by: %user_name%',0,17,17,'2021-12-03 00:49:08','2021-12-04 04:49:08'),(46,'update_status','Changed status of shipping to : Delivered . Updated by: %user_name%',0,17,17,'2021-12-04 04:49:08','2021-12-04 04:49:08'),(47,'create_from_order','Shipping was created from order %order_id%',0,18,18,'2021-11-30 16:49:08','2021-11-30 16:49:08'),(48,'update_status','Changed status of shipping to : Approved . Updated by: %user_name%',0,18,18,'2021-12-03 00:49:08','2021-12-04 04:49:08'),(49,'update_status','Changed status of shipping to : Delivered . Updated by: %user_name%',0,18,18,'2021-12-04 04:49:08','2021-12-04 04:49:08'),(50,'create_from_order','Shipping was created from order %order_id%',0,19,19,'2021-11-24 10:49:08','2021-11-24 10:49:08'),(51,'update_status','Changed status of shipping to : Approved . Updated by: %user_name%',0,19,19,'2021-12-03 02:49:08','2021-12-04 04:49:08'),(52,'create_from_order','Shipping was created from order %order_id%',0,20,20,'2021-11-24 10:49:08','2021-11-24 10:49:08'),(53,'update_status','Changed status of shipping to : Approved . Updated by: %user_name%',0,20,20,'2021-12-03 02:49:08','2021-12-04 04:49:08'),(54,'create_from_order','Shipping was created from order %order_id%',0,21,21,'2021-11-23 08:49:08','2021-11-23 08:49:08'),(55,'update_status','Changed status of shipping to : Approved . Updated by: %user_name%',0,21,21,'2021-12-03 02:49:08','2021-12-04 04:49:08'),(56,'update_status','Changed status of shipping to : Delivered . Updated by: %user_name%',0,21,21,'2021-12-04 04:49:08','2021-12-04 04:49:08'),(57,'create_from_order','Shipping was created from order %order_id%',0,22,22,'2021-12-03 04:49:08','2021-12-03 04:49:08'),(58,'update_status','Changed status of shipping to : Approved . Updated by: %user_name%',0,22,22,'2021-12-03 04:49:08','2021-12-04 04:49:08'),(59,'create_from_order','Shipping was created from order %order_id%',0,23,23,'2021-11-28 04:49:08','2021-11-28 04:49:08'),(60,'update_status','Changed status of shipping to : Approved . Updated by: %user_name%',0,23,23,'2021-12-03 04:49:08','2021-12-04 04:49:08'),(61,'create_from_order','Shipping was created from order %order_id%',0,24,24,'2021-11-29 04:49:08','2021-11-29 04:49:08'),(62,'update_status','Changed status of shipping to : Approved . Updated by: %user_name%',0,24,24,'2021-12-03 04:49:08','2021-12-04 04:49:08'),(63,'update_status','Changed status of shipping to : Delivered . Updated by: %user_name%',0,24,24,'2021-12-04 04:49:08','2021-12-04 04:49:08'),(64,'create_from_order','Shipping was created from order %order_id%',0,25,25,'2021-12-01 10:49:08','2021-12-01 10:49:08'),(65,'update_status','Changed status of shipping to : Approved . Updated by: %user_name%',0,25,25,'2021-12-03 06:49:08','2021-12-04 04:49:08'),(66,'update_status','Changed status of shipping to : Delivered . Updated by: %user_name%',0,25,25,'2021-12-04 04:49:08','2021-12-04 04:49:08'),(67,'create_from_order','Shipping was created from order %order_id%',0,26,26,'2021-11-30 12:49:08','2021-11-30 12:49:08'),(68,'update_status','Changed status of shipping to : Approved . Updated by: %user_name%',0,26,26,'2021-12-03 06:49:08','2021-12-04 04:49:08'),(69,'update_status','Changed status of shipping to : Delivered . Updated by: %user_name%',0,26,26,'2021-12-04 04:49:08','2021-12-04 04:49:08'),(70,'create_from_order','Shipping was created from order %order_id%',0,27,27,'2021-11-25 22:49:08','2021-11-25 22:49:08'),(71,'update_status','Changed status of shipping to : Approved . Updated by: %user_name%',0,27,27,'2021-12-03 06:49:08','2021-12-04 04:49:08'),(72,'update_status','Changed status of shipping to : Delivered . Updated by: %user_name%',0,27,27,'2021-12-04 04:49:08','2021-12-04 04:49:08'),(73,'create_from_order','Shipping was created from order %order_id%',0,28,28,'2021-12-02 08:49:08','2021-12-02 08:49:08'),(74,'update_status','Changed status of shipping to : Approved . Updated by: %user_name%',0,28,28,'2021-12-03 06:49:08','2021-12-04 04:49:08'),(75,'create_from_order','Shipping was created from order %order_id%',0,29,29,'2021-11-28 08:49:08','2021-11-28 08:49:08'),(76,'update_status','Changed status of shipping to : Approved . Updated by: %user_name%',0,29,29,'2021-12-03 08:49:08','2021-12-04 04:49:08'),(77,'update_status','Changed status of shipping to : Delivered . Updated by: %user_name%',0,29,29,'2021-12-04 04:49:08','2021-12-04 04:49:08'),(78,'create_from_order','Shipping was created from order %order_id%',0,30,30,'2021-11-29 04:49:08','2021-11-29 04:49:08'),(79,'update_status','Changed status of shipping to : Approved . Updated by: %user_name%',0,30,30,'2021-12-03 08:49:08','2021-12-04 04:49:08'),(80,'create_from_order','Shipping was created from order %order_id%',0,31,31,'2021-11-25 20:49:08','2021-11-25 20:49:08'),(81,'update_status','Changed status of shipping to : Approved . Updated by: %user_name%',0,31,31,'2021-12-03 08:49:08','2021-12-04 04:49:08'),(82,'create_from_order','Shipping was created from order %order_id%',0,32,32,'2021-11-26 16:49:08','2021-11-26 16:49:08'),(83,'update_status','Changed status of shipping to : Approved . Updated by: %user_name%',0,32,32,'2021-12-03 10:49:08','2021-12-04 04:49:08'),(84,'update_cod_status','Updated COD status to Completed . Updated by: %user_name%',0,32,32,'2021-12-04 04:49:08','2021-12-04 04:49:08'),(85,'update_status','Changed status of shipping to : Delivered . Updated by: %user_name%',0,32,32,'2021-12-04 04:49:08','2021-12-04 04:49:08'),(86,'create_from_order','Shipping was created from order %order_id%',0,33,33,'2021-11-30 10:49:08','2021-11-30 10:49:08'),(87,'update_status','Changed status of shipping to : Approved . Updated by: %user_name%',0,33,33,'2021-12-03 10:49:08','2021-12-04 04:49:08'),(88,'update_status','Changed status of shipping to : Delivered . Updated by: %user_name%',0,33,33,'2021-12-04 04:49:08','2021-12-04 04:49:08'),(89,'create_from_order','Shipping was created from order %order_id%',0,34,34,'2021-11-28 20:49:08','2021-11-28 20:49:08'),(90,'update_status','Changed status of shipping to : Approved . Updated by: %user_name%',0,34,34,'2021-12-03 12:49:08','2021-12-04 04:49:08'),(91,'create_from_order','Shipping was created from order %order_id%',0,35,35,'2021-12-02 20:49:08','2021-12-02 20:49:08'),(92,'update_status','Changed status of shipping to : Approved . Updated by: %user_name%',0,35,35,'2021-12-03 12:49:08','2021-12-04 04:49:08'),(93,'create_from_order','Shipping was created from order %order_id%',0,36,36,'2021-11-30 20:49:08','2021-11-30 20:49:08'),(94,'update_status','Changed status of shipping to : Approved . Updated by: %user_name%',0,36,36,'2021-12-03 12:49:08','2021-12-04 04:49:08'),(95,'update_status','Changed status of shipping to : Delivered . Updated by: %user_name%',0,36,36,'2021-12-04 04:49:08','2021-12-04 04:49:08'),(96,'create_from_order','Shipping was created from order %order_id%',0,37,37,'2021-12-01 20:49:08','2021-12-01 20:49:08'),(97,'update_status','Changed status of shipping to : Approved . Updated by: %user_name%',0,37,37,'2021-12-03 14:49:08','2021-12-04 04:49:08'),(98,'update_status','Changed status of shipping to : Delivered . Updated by: %user_name%',0,37,37,'2021-12-04 04:49:08','2021-12-04 04:49:08'),(99,'create_from_order','Shipping was created from order %order_id%',0,38,38,'2021-12-01 20:49:08','2021-12-01 20:49:08'),(100,'update_status','Changed status of shipping to : Approved . Updated by: %user_name%',0,38,38,'2021-12-03 14:49:08','2021-12-04 04:49:08'),(101,'create_from_order','Shipping was created from order %order_id%',0,39,39,'2021-12-02 10:49:08','2021-12-02 10:49:08'),(102,'update_status','Changed status of shipping to : Approved . Updated by: %user_name%',0,39,39,'2021-12-03 14:49:08','2021-12-04 04:49:08'),(103,'update_status','Changed status of shipping to : Delivered . Updated by: %user_name%',0,39,39,'2021-12-04 04:49:08','2021-12-04 04:49:08'),(104,'create_from_order','Shipping was created from order %order_id%',0,40,40,'2021-11-30 16:49:08','2021-11-30 16:49:08'),(105,'update_status','Changed status of shipping to : Approved . Updated by: %user_name%',0,40,40,'2021-12-03 14:49:08','2021-12-04 04:49:08'),(106,'create_from_order','Shipping was created from order %order_id%',0,41,41,'2021-11-30 16:49:08','2021-11-30 16:49:08'),(107,'update_status','Changed status of shipping to : Approved . Updated by: %user_name%',0,41,41,'2021-12-03 16:49:08','2021-12-04 04:49:08'),(108,'update_status','Changed status of shipping to : Delivered . Updated by: %user_name%',0,41,41,'2021-12-04 04:49:08','2021-12-04 04:49:08'),(109,'create_from_order','Shipping was created from order %order_id%',0,42,42,'2021-11-30 00:49:08','2021-11-30 00:49:08'),(110,'update_status','Changed status of shipping to : Approved . Updated by: %user_name%',0,42,42,'2021-12-03 18:49:08','2021-12-04 04:49:08'),(111,'update_status','Changed status of shipping to : Delivered . Updated by: %user_name%',0,42,42,'2021-12-04 04:49:08','2021-12-04 04:49:08'),(112,'create_from_order','Shipping was created from order %order_id%',0,43,43,'2021-11-30 10:49:08','2021-11-30 10:49:08'),(113,'update_status','Changed status of shipping to : Approved . Updated by: %user_name%',0,43,43,'2021-12-03 18:49:08','2021-12-04 04:49:08'),(114,'update_status','Changed status of shipping to : Delivered . Updated by: %user_name%',0,43,43,'2021-12-04 04:49:08','2021-12-04 04:49:08'),(115,'create_from_order','Shipping was created from order %order_id%',0,44,44,'2021-12-02 12:49:08','2021-12-02 12:49:08'),(116,'update_status','Changed status of shipping to : Approved . Updated by: %user_name%',0,44,44,'2021-12-03 18:49:08','2021-12-04 04:49:08'),(117,'create_from_order','Shipping was created from order %order_id%',0,45,45,'2021-11-30 00:49:08','2021-11-30 00:49:08'),(118,'update_status','Changed status of shipping to : Approved . Updated by: %user_name%',0,45,45,'2021-12-03 18:49:08','2021-12-04 04:49:08'),(119,'update_status','Changed status of shipping to : Delivered . Updated by: %user_name%',0,45,45,'2021-12-04 04:49:08','2021-12-04 04:49:08'),(120,'create_from_order','Shipping was created from order %order_id%',0,46,46,'2021-12-03 20:49:08','2021-12-03 20:49:08'),(121,'update_status','Changed status of shipping to : Approved . Updated by: %user_name%',0,46,46,'2021-12-03 20:49:08','2021-12-04 04:49:08'),(122,'update_status','Changed status of shipping to : Delivered . Updated by: %user_name%',0,46,46,'2021-12-04 04:49:08','2021-12-04 04:49:08'),(123,'create_from_order','Shipping was created from order %order_id%',0,47,47,'2021-12-03 04:49:08','2021-12-03 04:49:08'),(124,'update_status','Changed status of shipping to : Approved . Updated by: %user_name%',0,47,47,'2021-12-03 20:49:08','2021-12-04 04:49:08'),(125,'create_from_order','Shipping was created from order %order_id%',0,48,48,'2021-12-03 04:49:08','2021-12-03 04:49:08'),(126,'update_status','Changed status of shipping to : Approved . Updated by: %user_name%',0,48,48,'2021-12-03 22:49:08','2021-12-04 04:49:08'),(127,'create_from_order','Shipping was created from order %order_id%',0,49,49,'2021-12-02 10:49:08','2021-12-02 10:49:08'),(128,'update_status','Changed status of shipping to : Approved . Updated by: %user_name%',0,49,49,'2021-12-03 22:49:08','2021-12-04 04:49:08'),(129,'update_status','Changed status of shipping to : Delivered . Updated by: %user_name%',0,49,49,'2021-12-04 04:49:08','2021-12-04 04:49:08'),(130,'create_from_order','Shipping was created from order %order_id%',0,50,50,'2021-12-03 20:49:08','2021-12-03 20:49:08'),(131,'update_status','Changed status of shipping to : Approved . Updated by: %user_name%',0,50,50,'2021-12-04 00:49:08','2021-12-04 04:49:08'),(132,'update_status','Changed status of shipping to : Delivered . Updated by: %user_name%',0,50,50,'2021-12-04 04:49:08','2021-12-04 04:49:08'),(133,'create_from_order','Shipping was created from order %order_id%',0,51,51,'2021-12-03 16:49:08','2021-12-03 16:49:08'),(134,'update_status','Changed status of shipping to : Approved . Updated by: %user_name%',0,51,51,'2021-12-04 00:49:08','2021-12-04 04:49:08'),(135,'update_status','Changed status of shipping to : Delivered . Updated by: %user_name%',0,51,51,'2021-12-04 04:49:08','2021-12-04 04:49:08'),(136,'create_from_order','Shipping was created from order %order_id%',0,52,52,'2021-12-03 12:49:08','2021-12-03 12:49:08'),(137,'update_status','Changed status of shipping to : Approved . Updated by: %user_name%',0,52,52,'2021-12-04 02:49:08','2021-12-04 04:49:08'),(138,'create_from_order','Shipping was created from order %order_id%',0,53,53,'2021-12-03 12:49:08','2021-12-03 12:49:08'),(139,'update_status','Changed status of shipping to : Approved . Updated by: %user_name%',0,53,53,'2021-12-04 02:49:08','2021-12-04 04:49:08'),(140,'update_status','Changed status of shipping to : Delivered . Updated by: %user_name%',0,53,53,'2021-12-04 04:49:08','2021-12-04 04:49:08');
/*!40000 ALTER TABLE `ec_shipment_histories` ENABLE KEYS */;
UNLOCK TABLES;

--
-- Table structure for table `ec_shipments`
--

DROP TABLE IF EXISTS `ec_shipments`;
/*!40101 SET @saved_cs_client     = @@character_set_client */;
/*!40101 SET character_set_client = utf8 */;
CREATE TABLE `ec_shipments` (
  `id` bigint(20) unsigned NOT NULL AUTO_INCREMENT,
  `order_id` int(10) unsigned NOT NULL,
  `user_id` int(10) unsigned DEFAULT NULL,
  `weight` double(8,2) DEFAULT 0.00,
  `shipment_id` varchar(120) COLLATE utf8mb4_unicode_ci DEFAULT NULL,
  `note` varchar(120) COLLATE utf8mb4_unicode_ci DEFAULT NULL,
  `status` varchar(120) COLLATE utf8mb4_unicode_ci NOT NULL DEFAULT 'pending',
  `cod_amount` decimal(15,2) DEFAULT 0.00,
  `cod_status` varchar(60) COLLATE utf8mb4_unicode_ci NOT NULL DEFAULT 'pending',
  `cross_checking_status` varchar(60) COLLATE utf8mb4_unicode_ci NOT NULL DEFAULT 'pending',
  `price` decimal(15,2) DEFAULT 0.00,
  `store_id` int(10) unsigned DEFAULT NULL,
  `created_at` timestamp NULL DEFAULT NULL,
  `updated_at` timestamp NULL DEFAULT NULL,
  PRIMARY KEY (`id`)
) ENGINE=InnoDB AUTO_INCREMENT=54 DEFAULT CHARSET=utf8mb4 COLLATE=utf8mb4_unicode_ci;
/*!40101 SET character_set_client = @saved_cs_client */;

--
-- Dumping data for table `ec_shipments`
--

LOCK TABLES `ec_shipments` WRITE;
/*!40000 ALTER TABLE `ec_shipments` DISABLE KEYS */;
INSERT INTO `ec_shipments` VALUES (1,1,NULL,2535.00,NULL,'','delivered',0.00,'completed','pending',0.00,0,'2021-12-04 04:49:07','2021-12-04 04:49:07'),(2,2,NULL,3328.00,NULL,'','delivered',0.00,'completed','pending',0.00,0,'2021-12-04 04:49:08','2021-12-04 04:49:08'),(3,3,NULL,3649.00,NULL,'','approved',0.00,'completed','pending',0.00,0,'2021-12-04 04:49:08','2021-12-04 04:49:08'),(4,4,NULL,655.00,NULL,'','delivered',0.00,'completed','pending',0.00,0,'2021-12-04 04:49:08','2021-12-04 04:49:08'),(5,5,NULL,1690.00,NULL,'','approved',0.00,'completed','pending',0.00,0,'2021-12-04 04:49:08','2021-12-04 04:49:08'),(6,6,NULL,2375.00,NULL,'','approved',0.00,'completed','pending',0.00,0,'2021-12-04 04:49:08','2021-12-04 04:49:08'),(7,7,NULL,1690.00,NULL,'','delivered',0.00,'completed','pending',0.00,0,'2021-12-04 04:49:08','2021-12-04 04:49:08'),(8,8,NULL,613.00,NULL,'','approved',0.00,'completed','pending',0.00,0,'2021-12-04 04:49:08','2021-12-04 04:49:08'),(9,9,NULL,561.00,NULL,'','delivered',0.00,'completed','pending',0.00,0,'2021-12-04 04:49:08','2021-12-04 04:49:08'),(10,10,NULL,2169.00,NULL,'','delivered',0.00,'completed','pending',0.00,0,'2021-12-04 04:49:08','2021-12-04 04:49:08'),(11,11,NULL,1466.00,NULL,'','delivered',0.00,'completed','pending',0.00,0,'2021-12-04 04:49:08','2021-12-04 04:49:08'),(12,12,NULL,2535.00,NULL,'','delivered',0.00,'completed','pending',0.00,0,'2021-12-04 04:49:08','2021-12-04 04:49:08'),(13,13,NULL,2805.00,NULL,'','delivered',0.00,'completed','pending',0.00,0,'2021-12-04 04:49:08','2021-12-04 04:49:08'),(14,14,NULL,509.00,NULL,'','approved',0.00,'completed','pending',0.00,0,'2021-12-04 04:49:08','2021-12-04 04:49:08'),(15,15,NULL,1300.00,NULL,'','delivered',0.00,'completed','pending',0.00,0,'2021-12-04 04:49:08','2021-12-04 04:49:08'),(16,16,NULL,3479.00,NULL,'','delivered',0.00,'completed','pending',0.00,0,'2021-12-04 04:49:08','2021-12-04 04:49:08'),(17,17,NULL,1100.00,NULL,'','delivered',0.00,'completed','pending',0.00,0,'2021-12-04 04:49:08','2021-12-04 04:49:08'),(18,18,NULL,807.00,NULL,'','delivered',0.00,'completed','pending',0.00,0,'2021-12-04 04:49:08','2021-12-04 04:49:08'),(19,19,NULL,4827.00,NULL,'','approved',0.00,'completed','pending',0.00,0,'2021-12-04 04:49:08','2021-12-04 04:49:08'),(20,20,NULL,1527.00,NULL,'','approved',0.00,'completed','pending',0.00,0,'2021-12-04 04:49:08','2021-12-04 04:49:08'),(21,21,NULL,1950.00,NULL,'','delivered',0.00,'completed','pending',0.00,0,'2021-12-04 04:49:08','2021-12-04 04:49:08'),(22,22,NULL,509.00,NULL,'','approved',0.00,'completed','pending',0.00,0,'2021-12-04 04:49:08','2021-12-04 04:49:08'),(23,23,NULL,1528.00,NULL,'','approved',0.00,'completed','pending',0.00,0,'2021-12-04 04:49:08','2021-12-04 04:49:08'),(24,24,NULL,1827.00,NULL,'','delivered',0.00,'completed','pending',0.00,0,'2021-12-04 04:49:08','2021-12-04 04:49:08'),(25,25,NULL,2535.00,NULL,'','delivered',0.00,'completed','pending',0.00,0,'2021-12-04 04:49:08','2021-12-04 04:49:08'),(26,26,NULL,723.00,NULL,'','delivered',0.00,'completed','pending',0.00,0,'2021-12-04 04:49:08','2021-12-04 04:49:08'),(27,27,NULL,725.00,NULL,'','delivered',0.00,'completed','pending',0.00,0,'2021-12-04 04:49:08','2021-12-04 04:49:08'),(28,28,NULL,1839.00,NULL,'','approved',0.00,'completed','pending',0.00,0,'2021-12-04 04:49:08','2021-12-04 04:49:08'),(29,29,NULL,2169.00,NULL,'','delivered',0.00,'completed','pending',0.00,0,'2021-12-04 04:49:08','2021-12-04 04:49:08'),(30,30,NULL,3302.00,NULL,'','approved',0.00,'completed','pending',0.00,0,'2021-12-04 04:49:08','2021-12-04 04:49:08'),(31,31,NULL,1690.00,NULL,'','approved',0.00,'completed','pending',0.00,0,'2021-12-04 04:49:08','2021-12-04 04:49:08'),(32,32,NULL,1100.00,NULL,'','delivered',1205.40,'completed','pending',0.00,0,'2021-12-04 04:49:08','2021-12-04 04:49:08'),(33,33,NULL,1977.00,NULL,'','delivered',0.00,'completed','pending',0.00,0,'2021-12-04 04:49:08','2021-12-04 04:49:08'),(34,34,NULL,1440.00,NULL,'','approved',0.00,'completed','pending',0.00,0,'2021-12-04 04:49:08','2021-12-04 04:49:08'),(35,35,NULL,1018.00,NULL,'','approved',0.00,'completed','pending',0.00,0,'2021-12-04 04:49:08','2021-12-04 04:49:08'),(36,36,NULL,1450.00,NULL,'','delivered',0.00,'completed','pending',0.00,0,'2021-12-04 04:49:08','2021-12-04 04:49:08'),(37,37,NULL,1340.00,NULL,'','delivered',0.00,'completed','pending',0.00,0,'2021-12-04 04:49:08','2021-12-04 04:49:08'),(38,38,NULL,723.00,NULL,'','approved',0.00,'completed','pending',0.00,0,'2021-12-04 04:49:08','2021-12-04 04:49:08'),(39,39,NULL,609.00,NULL,'','delivered',0.00,'completed','pending',0.00,0,'2021-12-04 04:49:08','2021-12-04 04:49:08'),(40,40,NULL,659.00,NULL,'','approved',0.00,'completed','pending',0.00,0,'2021-12-04 04:49:08','2021-12-04 04:49:08'),(41,41,NULL,3844.00,NULL,'','delivered',0.00,'completed','pending',0.00,0,'2021-12-04 04:49:08','2021-12-04 04:49:08'),(42,42,NULL,1310.00,NULL,'','delivered',0.00,'completed','pending',0.00,0,'2021-12-04 04:49:08','2021-12-04 04:49:08'),(43,43,NULL,1440.00,NULL,'','delivered',0.00,'completed','pending',0.00,0,'2021-12-04 04:49:08','2021-12-04 04:49:08'),(44,44,NULL,561.00,NULL,'','approved',0.00,'completed','pending',0.00,0,'2021-12-04 04:49:08','2021-12-04 04:49:08'),(45,45,NULL,613.00,NULL,'','delivered',0.00,'completed','pending',0.00,0,'2021-12-04 04:49:08','2021-12-04 04:49:08'),(46,46,NULL,1650.00,NULL,'','delivered',0.00,'completed','pending',0.00,0,'2021-12-04 04:49:08','2021-12-04 04:49:08'),(47,47,NULL,1656.00,NULL,'','approved',0.00,'completed','pending',0.00,0,'2021-12-04 04:49:08','2021-12-04 04:49:08'),(48,48,NULL,1965.00,NULL,'','approved',0.00,'completed','pending',0.00,0,'2021-12-04 04:49:08','2021-12-04 04:49:08'),(49,49,NULL,1977.00,NULL,'','delivered',0.00,'completed','pending',0.00,0,'2021-12-04 04:49:08','2021-12-04 04:49:08'),(50,50,NULL,1340.00,NULL,'','delivered',0.00,'completed','pending',0.00,0,'2021-12-04 04:49:08','2021-12-04 04:49:08'),(51,51,NULL,1044.00,NULL,'','delivered',0.00,'completed','pending',0.00,0,'2021-12-04 04:49:08','2021-12-04 04:49:08'),(52,52,NULL,3615.00,NULL,'','approved',0.00,'completed','pending',0.00,0,'2021-12-04 04:49:08','2021-12-04 04:49:08'),(53,53,NULL,1614.00,NULL,'','delivered',0.00,'completed','pending',0.00,0,'2021-12-04 04:49:08','2021-12-04 04:49:08');
/*!40000 ALTER TABLE `ec_shipments` ENABLE KEYS */;
UNLOCK TABLES;

--
-- Table structure for table `ec_shipping`
--

DROP TABLE IF EXISTS `ec_shipping`;
/*!40101 SET @saved_cs_client     = @@character_set_client */;
/*!40101 SET character_set_client = utf8 */;
CREATE TABLE `ec_shipping` (
  `id` bigint(20) unsigned NOT NULL AUTO_INCREMENT,
  `title` varchar(191) COLLATE utf8mb4_unicode_ci DEFAULT NULL,
  `country` varchar(120) COLLATE utf8mb4_unicode_ci DEFAULT NULL,
  `created_at` timestamp NULL DEFAULT NULL,
  `updated_at` timestamp NULL DEFAULT NULL,
  PRIMARY KEY (`id`)
) ENGINE=InnoDB AUTO_INCREMENT=2 DEFAULT CHARSET=utf8mb4 COLLATE=utf8mb4_unicode_ci;
/*!40101 SET character_set_client = @saved_cs_client */;

--
-- Dumping data for table `ec_shipping`
--

LOCK TABLES `ec_shipping` WRITE;
/*!40000 ALTER TABLE `ec_shipping` DISABLE KEYS */;
INSERT INTO `ec_shipping` VALUES (1,'All',NULL,'2021-12-04 04:48:54','2021-12-04 04:48:54');
/*!40000 ALTER TABLE `ec_shipping` ENABLE KEYS */;
UNLOCK TABLES;

--
-- Table structure for table `ec_shipping_rule_items`
--

DROP TABLE IF EXISTS `ec_shipping_rule_items`;
/*!40101 SET @saved_cs_client     = @@character_set_client */;
/*!40101 SET character_set_client = utf8 */;
CREATE TABLE `ec_shipping_rule_items` (
  `id` bigint(20) unsigned NOT NULL AUTO_INCREMENT,
  `shipping_rule_id` int(10) unsigned NOT NULL,
  `country` varchar(120) COLLATE utf8mb4_unicode_ci DEFAULT NULL,
  `state` varchar(120) COLLATE utf8mb4_unicode_ci DEFAULT NULL,
  `city` varchar(120) COLLATE utf8mb4_unicode_ci DEFAULT NULL,
  `adjustment_price` decimal(15,2) DEFAULT 0.00,
  `is_enabled` tinyint(1) NOT NULL DEFAULT 1,
  `created_at` timestamp NULL DEFAULT NULL,
  `updated_at` timestamp NULL DEFAULT NULL,
  PRIMARY KEY (`id`)
) ENGINE=InnoDB DEFAULT CHARSET=utf8mb4 COLLATE=utf8mb4_unicode_ci;
/*!40101 SET character_set_client = @saved_cs_client */;

--
-- Dumping data for table `ec_shipping_rule_items`
--

LOCK TABLES `ec_shipping_rule_items` WRITE;
/*!40000 ALTER TABLE `ec_shipping_rule_items` DISABLE KEYS */;
/*!40000 ALTER TABLE `ec_shipping_rule_items` ENABLE KEYS */;
UNLOCK TABLES;

--
-- Table structure for table `ec_shipping_rules`
--

DROP TABLE IF EXISTS `ec_shipping_rules`;
/*!40101 SET @saved_cs_client     = @@character_set_client */;
/*!40101 SET character_set_client = utf8 */;
CREATE TABLE `ec_shipping_rules` (
  `id` bigint(20) unsigned NOT NULL AUTO_INCREMENT,
  `name` varchar(120) COLLATE utf8mb4_unicode_ci NOT NULL,
  `shipping_id` int(10) unsigned NOT NULL,
  `type` enum('base_on_price','base_on_weight') COLLATE utf8mb4_unicode_ci DEFAULT 'base_on_price',
  `from` decimal(15,2) DEFAULT 0.00,
  `to` decimal(15,2) DEFAULT 0.00,
  `price` decimal(15,2) DEFAULT 0.00,
  `created_at` timestamp NULL DEFAULT NULL,
  `updated_at` timestamp NULL DEFAULT NULL,
  PRIMARY KEY (`id`)
) ENGINE=InnoDB AUTO_INCREMENT=2 DEFAULT CHARSET=utf8mb4 COLLATE=utf8mb4_unicode_ci;
/*!40101 SET character_set_client = @saved_cs_client */;

--
-- Dumping data for table `ec_shipping_rules`
--

LOCK TABLES `ec_shipping_rules` WRITE;
/*!40000 ALTER TABLE `ec_shipping_rules` DISABLE KEYS */;
INSERT INTO `ec_shipping_rules` VALUES (1,'Delivery',1,'base_on_price',0.00,NULL,0.00,'2021-12-04 04:48:54','2021-12-04 04:48:54');
/*!40000 ALTER TABLE `ec_shipping_rules` ENABLE KEYS */;
UNLOCK TABLES;

--
-- Table structure for table `ec_store_locators`
--

DROP TABLE IF EXISTS `ec_store_locators`;
/*!40101 SET @saved_cs_client     = @@character_set_client */;
/*!40101 SET character_set_client = utf8 */;
CREATE TABLE `ec_store_locators` (
  `id` bigint(20) unsigned NOT NULL AUTO_INCREMENT,
  `name` varchar(60) COLLATE utf8mb4_unicode_ci NOT NULL,
  `email` varchar(60) COLLATE utf8mb4_unicode_ci DEFAULT NULL,
  `phone` varchar(20) COLLATE utf8mb4_unicode_ci NOT NULL,
  `address` varchar(255) COLLATE utf8mb4_unicode_ci NOT NULL,
  `country` varchar(120) COLLATE utf8mb4_unicode_ci DEFAULT NULL,
  `state` varchar(120) COLLATE utf8mb4_unicode_ci DEFAULT NULL,
  `city` varchar(120) COLLATE utf8mb4_unicode_ci DEFAULT NULL,
  `is_primary` tinyint(1) DEFAULT 0,
  `is_shipping_location` tinyint(1) DEFAULT 1,
  `created_at` timestamp NULL DEFAULT NULL,
  `updated_at` timestamp NULL DEFAULT NULL,
  PRIMARY KEY (`id`)
) ENGINE=InnoDB AUTO_INCREMENT=2 DEFAULT CHARSET=utf8mb4 COLLATE=utf8mb4_unicode_ci;
/*!40101 SET character_set_client = @saved_cs_client */;

--
-- Dumping data for table `ec_store_locators`
--

LOCK TABLES `ec_store_locators` WRITE;
/*!40000 ALTER TABLE `ec_store_locators` DISABLE KEYS */;
INSERT INTO `ec_store_locators` VALUES (1,'Martfury','sales@botble.com','1800979769','502 New Street','AU','Brighton VIC','Brighton VIC',1,1,'2021-12-04 04:49:02','2021-12-04 04:49:02');
/*!40000 ALTER TABLE `ec_store_locators` ENABLE KEYS */;
UNLOCK TABLES;

--
-- Table structure for table `ec_taxes`
--

DROP TABLE IF EXISTS `ec_taxes`;
/*!40101 SET @saved_cs_client     = @@character_set_client */;
/*!40101 SET character_set_client = utf8 */;
CREATE TABLE `ec_taxes` (
  `id` bigint(20) unsigned NOT NULL AUTO_INCREMENT,
  `title` varchar(191) COLLATE utf8mb4_unicode_ci DEFAULT NULL,
  `percentage` double(8,6) DEFAULT NULL,
  `priority` int(11) DEFAULT NULL,
  `status` varchar(60) COLLATE utf8mb4_unicode_ci NOT NULL DEFAULT 'published',
  `created_at` timestamp NULL DEFAULT NULL,
  `updated_at` timestamp NULL DEFAULT NULL,
  PRIMARY KEY (`id`)
) ENGINE=InnoDB AUTO_INCREMENT=3 DEFAULT CHARSET=utf8mb4 COLLATE=utf8mb4_unicode_ci;
/*!40101 SET character_set_client = @saved_cs_client */;

--
-- Dumping data for table `ec_taxes`
--

LOCK TABLES `ec_taxes` WRITE;
/*!40000 ALTER TABLE `ec_taxes` DISABLE KEYS */;
INSERT INTO `ec_taxes` VALUES (1,'VAT',10.000000,1,'published','2021-12-04 04:48:53','2021-12-04 04:48:53'),(2,'None',0.000000,2,'published','2021-12-04 04:48:53','2021-12-04 04:48:53');
/*!40000 ALTER TABLE `ec_taxes` ENABLE KEYS */;
UNLOCK TABLES;

--
-- Table structure for table `ec_wish_lists`
--

DROP TABLE IF EXISTS `ec_wish_lists`;
/*!40101 SET @saved_cs_client     = @@character_set_client */;
/*!40101 SET character_set_client = utf8 */;
CREATE TABLE `ec_wish_lists` (
  `id` bigint(20) unsigned NOT NULL AUTO_INCREMENT,
  `customer_id` int(10) unsigned NOT NULL,
  `product_id` int(10) unsigned NOT NULL,
  `created_at` timestamp NULL DEFAULT NULL,
  `updated_at` timestamp NULL DEFAULT NULL,
  PRIMARY KEY (`id`)
) ENGINE=InnoDB DEFAULT CHARSET=utf8mb4 COLLATE=utf8mb4_unicode_ci;
/*!40101 SET character_set_client = @saved_cs_client */;

--
-- Dumping data for table `ec_wish_lists`
--

LOCK TABLES `ec_wish_lists` WRITE;
/*!40000 ALTER TABLE `ec_wish_lists` DISABLE KEYS */;
/*!40000 ALTER TABLE `ec_wish_lists` ENABLE KEYS */;
UNLOCK TABLES;

--
-- Table structure for table `failed_jobs`
--

DROP TABLE IF EXISTS `failed_jobs`;
/*!40101 SET @saved_cs_client     = @@character_set_client */;
/*!40101 SET character_set_client = utf8 */;
CREATE TABLE `failed_jobs` (
  `id` bigint(20) unsigned NOT NULL AUTO_INCREMENT,
  `uuid` varchar(191) COLLATE utf8mb4_unicode_ci NOT NULL,
  `connection` text COLLATE utf8mb4_unicode_ci NOT NULL,
  `queue` text COLLATE utf8mb4_unicode_ci NOT NULL,
  `payload` longtext COLLATE utf8mb4_unicode_ci NOT NULL,
  `exception` longtext COLLATE utf8mb4_unicode_ci NOT NULL,
  `failed_at` timestamp NOT NULL DEFAULT current_timestamp(),
  PRIMARY KEY (`id`),
  UNIQUE KEY `failed_jobs_uuid_unique` (`uuid`)
) ENGINE=InnoDB DEFAULT CHARSET=utf8mb4 COLLATE=utf8mb4_unicode_ci;
/*!40101 SET character_set_client = @saved_cs_client */;

--
-- Dumping data for table `failed_jobs`
--

LOCK TABLES `failed_jobs` WRITE;
/*!40000 ALTER TABLE `failed_jobs` DISABLE KEYS */;
/*!40000 ALTER TABLE `failed_jobs` ENABLE KEYS */;
UNLOCK TABLES;

--
-- Table structure for table `faq_categories`
--

DROP TABLE IF EXISTS `faq_categories`;
/*!40101 SET @saved_cs_client     = @@character_set_client */;
/*!40101 SET character_set_client = utf8 */;
CREATE TABLE `faq_categories` (
  `id` bigint(20) unsigned NOT NULL AUTO_INCREMENT,
  `name` varchar(120) COLLATE utf8mb4_unicode_ci NOT NULL,
  `order` tinyint(4) NOT NULL DEFAULT 0,
  `status` varchar(60) COLLATE utf8mb4_unicode_ci NOT NULL DEFAULT 'published',
  `created_at` timestamp NULL DEFAULT NULL,
  `updated_at` timestamp NULL DEFAULT NULL,
  PRIMARY KEY (`id`)
) ENGINE=InnoDB AUTO_INCREMENT=4 DEFAULT CHARSET=utf8mb4 COLLATE=utf8mb4_unicode_ci;
/*!40101 SET character_set_client = @saved_cs_client */;

--
-- Dumping data for table `faq_categories`
--

LOCK TABLES `faq_categories` WRITE;
/*!40000 ALTER TABLE `faq_categories` DISABLE KEYS */;
INSERT INTO `faq_categories` VALUES (1,'SHIPPING',0,'published','2021-12-04 04:49:01','2021-12-04 04:49:01'),(2,'PAYMENT',1,'published','2021-12-04 04:49:01','2021-12-04 04:49:01'),(3,'ORDER & RETURNS',2,'published','2021-12-04 04:49:01','2021-12-04 04:49:01');
/*!40000 ALTER TABLE `faq_categories` ENABLE KEYS */;
UNLOCK TABLES;

--
-- Table structure for table `faq_categories_translations`
--

DROP TABLE IF EXISTS `faq_categories_translations`;
/*!40101 SET @saved_cs_client     = @@character_set_client */;
/*!40101 SET character_set_client = utf8 */;
CREATE TABLE `faq_categories_translations` (
  `lang_code` varchar(191) COLLATE utf8mb4_unicode_ci NOT NULL,
  `faq_categories_id` int(11) NOT NULL,
  `name` varchar(120) COLLATE utf8mb4_unicode_ci DEFAULT NULL,
  PRIMARY KEY (`lang_code`,`faq_categories_id`)
) ENGINE=InnoDB DEFAULT CHARSET=utf8mb4 COLLATE=utf8mb4_unicode_ci;
/*!40101 SET character_set_client = @saved_cs_client */;

--
-- Dumping data for table `faq_categories_translations`
--

LOCK TABLES `faq_categories_translations` WRITE;
/*!40000 ALTER TABLE `faq_categories_translations` DISABLE KEYS */;
INSERT INTO `faq_categories_translations` VALUES ('vi',1,'VẬN CHUYỂN'),('vi',2,'THANH TOÁN'),('vi',3,'ĐƠN HÀNG & HOÀN TRẢ');
/*!40000 ALTER TABLE `faq_categories_translations` ENABLE KEYS */;
UNLOCK TABLES;

--
-- Table structure for table `faqs`
--

DROP TABLE IF EXISTS `faqs`;
/*!40101 SET @saved_cs_client     = @@character_set_client */;
/*!40101 SET character_set_client = utf8 */;
CREATE TABLE `faqs` (
  `id` bigint(20) unsigned NOT NULL AUTO_INCREMENT,
  `question` text COLLATE utf8mb4_unicode_ci NOT NULL,
  `answer` text COLLATE utf8mb4_unicode_ci NOT NULL,
  `category_id` int(10) unsigned NOT NULL,
  `status` varchar(60) COLLATE utf8mb4_unicode_ci NOT NULL DEFAULT 'published',
  `created_at` timestamp NULL DEFAULT NULL,
  `updated_at` timestamp NULL DEFAULT NULL,
  PRIMARY KEY (`id`)
) ENGINE=InnoDB AUTO_INCREMENT=11 DEFAULT CHARSET=utf8mb4 COLLATE=utf8mb4_unicode_ci;
/*!40101 SET character_set_client = @saved_cs_client */;

--
-- Dumping data for table `faqs`
--

LOCK TABLES `faqs` WRITE;
/*!40000 ALTER TABLE `faqs` DISABLE KEYS */;
INSERT INTO `faqs` VALUES (1,'What Shipping Methods Are Available?','Ex Portland Pitchfork irure mustache. Eutra fap before they sold out literally. Aliquip ugh bicycle rights actually mlkshk, seitan squid craft beer tempor.',1,'published','2021-12-04 04:49:01','2021-12-04 04:49:01'),(2,'Do You Ship Internationally?','Hoodie tote bag mixtape tofu. Typewriter jean shorts wolf quinoa, messenger bag organic freegan cray.',1,'published','2021-12-04 04:49:01','2021-12-04 04:49:01'),(3,'How Long Will It Take To Get My Package?','Swag slow-carb quinoa VHS typewriter pork belly brunch, paleo single-origin coffee Wes Anderson. Flexitarian Pitchfork forage, literally paleo fap pour-over. Wes Anderson Pinterest YOLO fanny pack meggings, deep v XOXO chambray sustainable slow-carb raw denim church-key fap chillwave Etsy. +1 typewriter kitsch, American Apparel tofu Banksy Vice.',1,'published','2021-12-04 04:49:01','2021-12-04 04:49:01'),(4,'What Payment Methods Are Accepted?','Fashion axe DIY jean shorts, swag kale chips meh polaroid kogi butcher Wes Anderson chambray next level semiotics gentrify yr. Voluptate photo booth fugiat Vice. Austin sed Williamsburg, ea labore raw denim voluptate cred proident mixtape excepteur mustache. Twee chia photo booth readymade food truck, hoodie roof party swag keytar PBR DIY.',2,'published','2021-12-04 04:49:01','2021-12-04 04:49:01'),(5,'Is Buying On-Line Safe?','Art party authentic freegan semiotics jean shorts chia cred. Neutra Austin roof party Brooklyn, synth Thundercats swag 8-bit photo booth. Plaid letterpress leggings craft beer meh ethical Pinterest.',2,'published','2021-12-04 04:49:01','2021-12-04 04:49:01'),(6,'How do I place an Order?','Keytar cray slow-carb, Godard banh mi salvia pour-over. Slow-carb Odd Future seitan normcore. Master cleanse American Apparel gentrify flexitarian beard slow-carb next level. Raw denim polaroid paleo farm-to-table, put a bird on it lo-fi tattooed Wes Anderson Pinterest letterpress. Fingerstache McSweeney’s pour-over, letterpress Schlitz photo booth master cleanse bespoke hashtag chillwave gentrify.',3,'published','2021-12-04 04:49:01','2021-12-04 04:49:01'),(7,'How Can I Cancel Or Change My Order?','Plaid letterpress leggings craft beer meh ethical Pinterest. Art party authentic freegan semiotics jean shorts chia cred. Neutra Austin roof party Brooklyn, synth Thundercats swag 8-bit photo booth.',3,'published','2021-12-04 04:49:01','2021-12-04 04:49:01'),(8,'Do I need an account to place an order?','Thundercats swag 8-bit photo booth. Plaid letterpress leggings craft beer meh ethical Pinterest. Twee chia photo booth readymade food truck, hoodie roof party swag keytar PBR DIY. Cray ugh 3 wolf moon fap, fashion axe irony butcher cornhole typewriter chambray VHS banjo street art.',3,'published','2021-12-04 04:49:01','2021-12-04 04:49:01'),(9,'How Do I Track My Order?','Keytar cray slow-carb, Godard banh mi salvia pour-over. Slow-carb @Odd Future seitan normcore. Master cleanse American Apparel gentrify flexitarian beard slow-carb next level.',3,'published','2021-12-04 04:49:01','2021-12-04 04:49:01'),(10,'How Can I Return a Product?','Kale chips Truffaut Williamsburg, hashtag fixie Pinterest raw denim c hambray drinking vinegar Carles street art Bushwick gastropub. Wolf Tumblr paleo church-key. Plaid food truck Echo Park YOLO bitters hella, direct trade Thundercats leggings quinoa before they sold out. You probably haven’t heard of them wayfarers authentic umami drinking vinegar Pinterest Cosby sweater, fingerstache fap High Life.',3,'published','2021-12-04 04:49:01','2021-12-04 04:49:01');
/*!40000 ALTER TABLE `faqs` ENABLE KEYS */;
UNLOCK TABLES;

--
-- Table structure for table `faqs_translations`
--

DROP TABLE IF EXISTS `faqs_translations`;
/*!40101 SET @saved_cs_client     = @@character_set_client */;
/*!40101 SET character_set_client = utf8 */;
CREATE TABLE `faqs_translations` (
  `lang_code` varchar(191) COLLATE utf8mb4_unicode_ci NOT NULL,
  `faqs_id` int(11) NOT NULL,
  `question` text COLLATE utf8mb4_unicode_ci DEFAULT NULL,
  `answer` text COLLATE utf8mb4_unicode_ci DEFAULT NULL,
  PRIMARY KEY (`lang_code`,`faqs_id`)
) ENGINE=InnoDB DEFAULT CHARSET=utf8mb4 COLLATE=utf8mb4_unicode_ci;
/*!40101 SET character_set_client = @saved_cs_client */;

--
-- Dumping data for table `faqs_translations`
--

LOCK TABLES `faqs_translations` WRITE;
/*!40000 ALTER TABLE `faqs_translations` DISABLE KEYS */;
INSERT INTO `faqs_translations` VALUES ('vi',1,'Có những phương thức vận chuyển nào?','Ex Portland Pitchfork irure ria mép. Eutra fap trước khi họ bán hết theo đúng nghĩa đen. Aliquip ugh quyền xe đạp thực sự mlkshk, rượu bia thủ công mực seitan. '),('vi',2,'Bạn có giao hàng quốc tế không?','Áo hoodie túi tote Tofu mixtape. Quần đùi jean đánh chữ Wolf quinoa, túi messenger hữu cơ freegan cray. '),('vi',3,'Mất bao lâu để nhận được gói hàng của tôi?','Bữa nửa buổi ăn sáng bằng bụng heo quay từ máy đánh chữ VHS, cà phê có nguồn gốc đơn Paleo, Wes Anderson. Khoan Pitchfork linh hoạt, theo nghĩa đen là đổ qua fap theo nghĩa đen. Wes Anderson Pinterest YOLO fanny pack meggings, deep v XOXO chambray bền vững slow-carb raw denim Church-key fap chillwave Etsy. +1 bộ dụng cụ đánh máy, đậu phụ Banksy Vice của American Apparel. '),('vi',4,'Phương thức thanh toán nào được chấp nhận?','Fashion Axe DIY jean shorts, swag kale chips meh polaroid kogi butcher Wes Anderson chambray next level semiotics gentrify yr. Quầy ảnh Voluptate fugiat Vice. Austin sed Williamsburg, ea labore raw denim voluptate cred proident mixtape excepteur ria mép. Twee chia gian hàng chụp ảnh xe bán đồ ăn sẵn, bữa tiệc trên mái áo hoodie swag keytar PBR DIY. '),('vi',5,'Mua trực tuyến có an toàn không?','Bữa tiệc nghệ thuật đích thực freegan semiotics jean shorts chia credit. Tiệc trên mái nhà Neutra Austin Brooklyn, Thundercats swag synth gian hàng ảnh 8-bit. Xà cạp letterpress kẻ sọc thủ công bia meh đạo đức Pinterest. '),('vi',6,'Làm cách nào để đặt hàng?','Keytar cray slow-carb, Godard banh mi salvia pour-over. Slow-carb Odd Định mức seitan trong tương lai. Master làm sạch American Apparel nhẹ nhàng làm sạch râu linh hoạt chậm carb cấp độ tiếp theo. Vải thô denim polaroid nhạt từ trang trại đến bàn, đặt một con chim trên đó hình xăm lo-fi Wes Anderson Pinterest letterpress. Bậc thầy gian hàng ảnh Schlitz của Fingerstache McSweeney đang làm sạch thẻ bắt đầu bằng hashtag theo yêu cầu riêng, chillwave gentrify. '),('vi',7,'Làm cách nào để tôi có thể hủy hoặc thay đổi đơn hàng của mình?','Xà cạp letterpress kẻ sọc thủ công bia meh đạo đức Pinterest. Bữa tiệc nghệ thuật đích thực freegan semiotics jean shorts chia tín. Tiệc trên mái nhà Neutra Austin ở Brooklyn, synth Thundercats có gian hàng ảnh 8-bit. '),('vi',8,'Tôi có cần tài khoản để đặt hàng không?','Thundercats làm lung lay gian hàng ảnh 8-bit. Xà cạp letterpress kẻ sọc thủ công bia meh đạo đức Pinterest. Twee chia ảnh gian hàng xe bán thức ăn làm sẵn, bữa tiệc trên mái áo hoodie swag keytar PBR DIY. Cray ugh 3 wolf moon fap, rìu thời trang mỉa mai người bán thịt máy đánh chữ chambray VHS banjo nghệ thuật đường phố. '),('vi',9,'Làm cách nào để theo dõi đơn hàng của tôi?','Keytar cray slow-carb, Godard banh mi salvia pour-over. Slow-carb @Odd Định mức seitan trong tương lai. Bậc thầy làm sạch American Apparel nhẹ nhàng làm sạch râu linh hoạt theo kiểu chậm carb cấp độ tiếp theo. '),('vi',10,'Làm cách nào để trả lại sản phẩm?','Kale chips Truffaut Williamsburg, fixie hashtag Pinterest raw denim c hambray uống giấm Carles street art Bushwick gastropub. Chìa khóa nhà thờ Wolf Tumblr. Xe tải thực phẩm kẻ sọc Echo Park YOLO cắn hella, giao dịch trực tiếp Thundercats legging quinoa trước khi bán hết. Có thể bạn chưa từng nghe nói về họ những người truyền bá vị umami đích thực uống giấm Pinterest Áo len Cosby, fingerstache fap High Life. ');
/*!40000 ALTER TABLE `faqs_translations` ENABLE KEYS */;
UNLOCK TABLES;

--
-- Table structure for table `jobs`
--

DROP TABLE IF EXISTS `jobs`;
/*!40101 SET @saved_cs_client     = @@character_set_client */;
/*!40101 SET character_set_client = utf8 */;
CREATE TABLE `jobs` (
  `id` bigint(20) unsigned NOT NULL AUTO_INCREMENT,
  `queue` varchar(191) COLLATE utf8mb4_unicode_ci NOT NULL,
  `payload` longtext COLLATE utf8mb4_unicode_ci NOT NULL,
  `attempts` tinyint(3) unsigned NOT NULL,
  `reserved_at` int(10) unsigned DEFAULT NULL,
  `available_at` int(10) unsigned NOT NULL,
  `created_at` int(10) unsigned NOT NULL,
  PRIMARY KEY (`id`),
  KEY `jobs_queue_index` (`queue`)
) ENGINE=InnoDB DEFAULT CHARSET=utf8mb4 COLLATE=utf8mb4_unicode_ci;
/*!40101 SET character_set_client = @saved_cs_client */;

--
-- Dumping data for table `jobs`
--

LOCK TABLES `jobs` WRITE;
/*!40000 ALTER TABLE `jobs` DISABLE KEYS */;
/*!40000 ALTER TABLE `jobs` ENABLE KEYS */;
UNLOCK TABLES;

--
-- Table structure for table `language_meta`
--

DROP TABLE IF EXISTS `language_meta`;
/*!40101 SET @saved_cs_client     = @@character_set_client */;
/*!40101 SET character_set_client = utf8 */;
CREATE TABLE `language_meta` (
  `lang_meta_id` int(10) unsigned NOT NULL AUTO_INCREMENT,
  `lang_meta_code` text COLLATE utf8mb4_unicode_ci DEFAULT NULL,
  `lang_meta_origin` varchar(255) COLLATE utf8mb4_unicode_ci NOT NULL,
  `reference_id` int(10) unsigned NOT NULL,
  `reference_type` varchar(120) COLLATE utf8mb4_unicode_ci NOT NULL,
  PRIMARY KEY (`lang_meta_id`),
  KEY `language_meta_reference_id_index` (`reference_id`)
) ENGINE=InnoDB AUTO_INCREMENT=13 DEFAULT CHARSET=utf8mb4 COLLATE=utf8mb4_unicode_ci;
/*!40101 SET character_set_client = @saved_cs_client */;

--
-- Dumping data for table `language_meta`
--

LOCK TABLES `language_meta` WRITE;
/*!40000 ALTER TABLE `language_meta` DISABLE KEYS */;
INSERT INTO `language_meta` VALUES (1,'en_US','5c698868c49d8bd2a53f36eee14444ae',1,'Botble\\SimpleSlider\\Models\\SimpleSlider'),(2,'vi','5c698868c49d8bd2a53f36eee14444ae',2,'Botble\\SimpleSlider\\Models\\SimpleSlider'),(3,'en_US','ef518db7961fc70f2714dc88c022047c',1,'Botble\\Menu\\Models\\MenuLocation'),(4,'en_US','5d5d77e915580f6fe48ca240bc062c78',1,'Botble\\Menu\\Models\\Menu'),(5,'en_US','663c37f505715676fcd4f0a212b9bfa2',2,'Botble\\Menu\\Models\\Menu'),(6,'en_US','98fa809449a39214da9bafa1f22f5dd1',3,'Botble\\Menu\\Models\\Menu'),(7,'en_US','c575255a26e420bc10f87d8024521f85',4,'Botble\\Menu\\Models\\Menu'),(8,'vi','14c39bd372471ceec25c370a401188c0',2,'Botble\\Menu\\Models\\MenuLocation'),(9,'vi','5d5d77e915580f6fe48ca240bc062c78',5,'Botble\\Menu\\Models\\Menu'),(10,'vi','663c37f505715676fcd4f0a212b9bfa2',6,'Botble\\Menu\\Models\\Menu'),(11,'vi','98fa809449a39214da9bafa1f22f5dd1',7,'Botble\\Menu\\Models\\Menu'),(12,'vi','c575255a26e420bc10f87d8024521f85',8,'Botble\\Menu\\Models\\Menu');
/*!40000 ALTER TABLE `language_meta` ENABLE KEYS */;
UNLOCK TABLES;

--
-- Table structure for table `languages`
--

DROP TABLE IF EXISTS `languages`;
/*!40101 SET @saved_cs_client     = @@character_set_client */;
/*!40101 SET character_set_client = utf8 */;
CREATE TABLE `languages` (
  `lang_id` int(10) unsigned NOT NULL AUTO_INCREMENT,
  `lang_name` varchar(120) COLLATE utf8mb4_unicode_ci NOT NULL,
  `lang_locale` varchar(20) COLLATE utf8mb4_unicode_ci NOT NULL,
  `lang_code` varchar(20) COLLATE utf8mb4_unicode_ci NOT NULL,
  `lang_flag` varchar(20) COLLATE utf8mb4_unicode_ci DEFAULT NULL,
  `lang_is_default` tinyint(3) unsigned NOT NULL DEFAULT 0,
  `lang_order` int(11) NOT NULL DEFAULT 0,
  `lang_is_rtl` tinyint(3) unsigned NOT NULL DEFAULT 0,
  PRIMARY KEY (`lang_id`)
) ENGINE=InnoDB AUTO_INCREMENT=3 DEFAULT CHARSET=utf8mb4 COLLATE=utf8mb4_unicode_ci;
/*!40101 SET character_set_client = @saved_cs_client */;

--
-- Dumping data for table `languages`
--

LOCK TABLES `languages` WRITE;
/*!40000 ALTER TABLE `languages` DISABLE KEYS */;
INSERT INTO `languages` VALUES (1,'English','en','en_US','us',1,0,0),(2,'Tiếng Việt','vi','vi','vn',0,0,0);
/*!40000 ALTER TABLE `languages` ENABLE KEYS */;
UNLOCK TABLES;

--
-- Table structure for table `media_files`
--

DROP TABLE IF EXISTS `media_files`;
/*!40101 SET @saved_cs_client     = @@character_set_client */;
/*!40101 SET character_set_client = utf8 */;
CREATE TABLE `media_files` (
  `id` bigint(20) unsigned NOT NULL AUTO_INCREMENT,
  `user_id` int(10) unsigned NOT NULL,
  `name` varchar(255) COLLATE utf8mb4_unicode_ci NOT NULL,
  `folder_id` int(10) unsigned NOT NULL DEFAULT 0,
  `mime_type` varchar(120) COLLATE utf8mb4_unicode_ci NOT NULL,
  `size` int(11) NOT NULL,
  `url` varchar(255) COLLATE utf8mb4_unicode_ci NOT NULL,
  `options` text COLLATE utf8mb4_unicode_ci DEFAULT NULL,
  `created_at` timestamp NULL DEFAULT NULL,
  `updated_at` timestamp NULL DEFAULT NULL,
  `deleted_at` timestamp NULL DEFAULT NULL,
  PRIMARY KEY (`id`),
  KEY `media_files_user_id_index` (`user_id`)
) ENGINE=InnoDB AUTO_INCREMENT=145 DEFAULT CHARSET=utf8mb4 COLLATE=utf8mb4_unicode_ci;
/*!40101 SET character_set_client = @saved_cs_client */;

--
-- Dumping data for table `media_files`
--

LOCK TABLES `media_files` WRITE;
/*!40000 ALTER TABLE `media_files` DISABLE KEYS */;
INSERT INTO `media_files` VALUES (1,0,'1',1,'image/jpeg',2200,'brands/1.jpg','[]','2021-12-04 04:48:33','2021-12-04 04:48:33',NULL),(2,0,'2',1,'image/jpeg',2685,'brands/2.jpg','[]','2021-12-04 04:48:33','2021-12-04 04:48:33',NULL),(3,0,'3',1,'image/jpeg',2311,'brands/3.jpg','[]','2021-12-04 04:48:33','2021-12-04 04:48:33',NULL),(4,0,'4',1,'image/jpeg',2374,'brands/4.jpg','[]','2021-12-04 04:48:33','2021-12-04 04:48:33',NULL),(5,0,'5',1,'image/jpeg',1927,'brands/5.jpg','[]','2021-12-04 04:48:33','2021-12-04 04:48:33',NULL),(6,0,'6',1,'image/jpeg',2519,'brands/6.jpg','[]','2021-12-04 04:48:34','2021-12-04 04:48:34',NULL),(7,0,'7',1,'image/jpeg',3043,'brands/7.jpg','[]','2021-12-04 04:48:34','2021-12-04 04:48:34',NULL),(8,0,'1',2,'image/jpeg',5173,'product-categories/1.jpg','[]','2021-12-04 04:48:34','2021-12-04 04:48:34',NULL),(9,0,'2',2,'image/jpeg',7355,'product-categories/2.jpg','[]','2021-12-04 04:48:34','2021-12-04 04:48:34',NULL),(10,0,'3',2,'image/jpeg',4427,'product-categories/3.jpg','[]','2021-12-04 04:48:34','2021-12-04 04:48:34',NULL),(11,0,'4',2,'image/jpeg',2963,'product-categories/4.jpg','[]','2021-12-04 04:48:34','2021-12-04 04:48:34',NULL),(12,0,'5',2,'image/jpeg',5016,'product-categories/5.jpg','[]','2021-12-04 04:48:34','2021-12-04 04:48:34',NULL),(13,0,'6',2,'image/jpeg',4101,'product-categories/6.jpg','[]','2021-12-04 04:48:34','2021-12-04 04:48:34',NULL),(14,0,'7',2,'image/jpeg',2576,'product-categories/7.jpg','[]','2021-12-04 04:48:35','2021-12-04 04:48:35',NULL),(15,0,'8',2,'image/jpeg',4670,'product-categories/8.jpg','[]','2021-12-04 04:48:35','2021-12-04 04:48:35',NULL),(16,0,'1',3,'image/jpeg',4911,'products/1.jpg','[]','2021-12-04 04:48:35','2021-12-04 04:48:35',NULL),(17,0,'10-1',3,'image/jpeg',120755,'products/10-1.jpg','[]','2021-12-04 04:48:35','2021-12-04 04:48:35',NULL),(18,0,'10-2',3,'image/jpeg',148563,'products/10-2.jpg','[]','2021-12-04 04:48:35','2021-12-04 04:48:35',NULL),(19,0,'10',3,'image/jpeg',11176,'products/10.jpg','[]','2021-12-04 04:48:36','2021-12-04 04:48:36',NULL),(20,0,'11-1',3,'image/jpeg',13706,'products/11-1.jpg','[]','2021-12-04 04:48:36','2021-12-04 04:48:36',NULL),(21,0,'11-2',3,'image/jpeg',16809,'products/11-2.jpg','[]','2021-12-04 04:48:36','2021-12-04 04:48:36',NULL),(22,0,'11-3',3,'image/jpeg',23991,'products/11-3.jpg','[]','2021-12-04 04:48:36','2021-12-04 04:48:36',NULL),(23,0,'11',3,'image/jpeg',8234,'products/11.jpg','[]','2021-12-04 04:48:36','2021-12-04 04:48:36',NULL),(24,0,'12-1',3,'image/jpeg',47775,'products/12-1.jpg','[]','2021-12-04 04:48:36','2021-12-04 04:48:36',NULL),(25,0,'12-2',3,'image/jpeg',52722,'products/12-2.jpg','[]','2021-12-04 04:48:37','2021-12-04 04:48:37',NULL),(26,0,'12-3',3,'image/jpeg',57295,'products/12-3.jpg','[]','2021-12-04 04:48:37','2021-12-04 04:48:37',NULL),(27,0,'12',3,'image/jpeg',9642,'products/12.jpg','[]','2021-12-04 04:48:37','2021-12-04 04:48:37',NULL),(28,0,'13-1',3,'image/jpeg',7494,'products/13-1.jpg','[]','2021-12-04 04:48:37','2021-12-04 04:48:37',NULL),(29,0,'13',3,'image/jpeg',7266,'products/13.jpg','[]','2021-12-04 04:48:37','2021-12-04 04:48:37',NULL),(30,0,'14',3,'image/jpeg',6626,'products/14.jpg','[]','2021-12-04 04:48:37','2021-12-04 04:48:37',NULL),(31,0,'15-1',3,'image/jpeg',9014,'products/15-1.jpg','[]','2021-12-04 04:48:38','2021-12-04 04:48:38',NULL),(32,0,'15',3,'image/jpeg',6629,'products/15.jpg','[]','2021-12-04 04:48:38','2021-12-04 04:48:38',NULL),(33,0,'16',3,'image/jpeg',8558,'products/16.jpg','[]','2021-12-04 04:48:38','2021-12-04 04:48:38',NULL),(34,0,'17-1',3,'image/jpeg',63248,'products/17-1.jpg','[]','2021-12-04 04:48:38','2021-12-04 04:48:38',NULL),(35,0,'17-2',3,'image/jpeg',71404,'products/17-2.jpg','[]','2021-12-04 04:48:38','2021-12-04 04:48:38',NULL),(36,0,'17-3',3,'image/jpeg',58949,'products/17-3.jpg','[]','2021-12-04 04:48:38','2021-12-04 04:48:38',NULL),(37,0,'17',3,'image/jpeg',7050,'products/17.jpg','[]','2021-12-04 04:48:39','2021-12-04 04:48:39',NULL),(38,0,'18-1',3,'image/jpeg',527022,'products/18-1.jpg','[]','2021-12-04 04:48:39','2021-12-04 04:48:39',NULL),(39,0,'18-2',3,'image/jpeg',43849,'products/18-2.jpg','[]','2021-12-04 04:48:39','2021-12-04 04:48:39',NULL),(40,0,'18-3',3,'image/jpeg',63876,'products/18-3.jpg','[]','2021-12-04 04:48:39','2021-12-04 04:48:39',NULL),(41,0,'18',3,'image/jpeg',61587,'products/18.jpg','[]','2021-12-04 04:48:39','2021-12-04 04:48:39',NULL),(42,0,'19-1',3,'image/jpeg',23166,'products/19-1.jpg','[]','2021-12-04 04:48:40','2021-12-04 04:48:40',NULL),(43,0,'19-2',3,'image/jpeg',12306,'products/19-2.jpg','[]','2021-12-04 04:48:40','2021-12-04 04:48:40',NULL),(44,0,'19-3',3,'image/jpeg',51458,'products/19-3.jpg','[]','2021-12-04 04:48:40','2021-12-04 04:48:40',NULL),(45,0,'19',3,'image/jpeg',227872,'products/19.jpg','[]','2021-12-04 04:48:40','2021-12-04 04:48:40',NULL),(46,0,'2-1',3,'image/jpeg',85522,'products/2-1.jpg','[]','2021-12-04 04:48:40','2021-12-04 04:48:40',NULL),(47,0,'2-2',3,'image/jpeg',122423,'products/2-2.jpg','[]','2021-12-04 04:48:40','2021-12-04 04:48:40',NULL),(48,0,'2-3',3,'image/jpeg',61996,'products/2-3.jpg','[]','2021-12-04 04:48:41','2021-12-04 04:48:41',NULL),(49,0,'2',3,'image/jpeg',10832,'products/2.jpg','[]','2021-12-04 04:48:41','2021-12-04 04:48:41',NULL),(50,0,'20-1',3,'image/jpeg',108013,'products/20-1.jpg','[]','2021-12-04 04:48:41','2021-12-04 04:48:41',NULL),(51,0,'20-2',3,'image/jpeg',107598,'products/20-2.jpg','[]','2021-12-04 04:48:41','2021-12-04 04:48:41',NULL),(52,0,'20-3',3,'image/jpeg',31959,'products/20-3.jpg','[]','2021-12-04 04:48:42','2021-12-04 04:48:42',NULL),(53,0,'20',3,'image/jpeg',12798,'products/20.jpg','[]','2021-12-04 04:48:42','2021-12-04 04:48:42',NULL),(54,0,'21-1',3,'image/jpeg',92022,'products/21-1.jpg','[]','2021-12-04 04:48:42','2021-12-04 04:48:42',NULL),(55,0,'21-2',3,'image/jpeg',73796,'products/21-2.jpg','[]','2021-12-04 04:48:42','2021-12-04 04:48:42',NULL),(56,0,'21',3,'image/jpeg',72410,'products/21.jpg','[]','2021-12-04 04:48:42','2021-12-04 04:48:42',NULL),(57,0,'22-1',3,'image/jpeg',50174,'products/22-1.jpg','[]','2021-12-04 04:48:43','2021-12-04 04:48:43',NULL),(58,0,'22-2',3,'image/jpeg',63267,'products/22-2.jpg','[]','2021-12-04 04:48:43','2021-12-04 04:48:43',NULL),(59,0,'22-3',3,'image/jpeg',125017,'products/22-3.jpg','[]','2021-12-04 04:48:43','2021-12-04 04:48:43',NULL),(60,0,'22',3,'image/jpeg',88636,'products/22.jpg','[]','2021-12-04 04:48:43','2021-12-04 04:48:43',NULL),(61,0,'23-1',3,'image/jpeg',64117,'products/23-1.jpg','[]','2021-12-04 04:48:44','2021-12-04 04:48:44',NULL),(62,0,'23-2',3,'image/jpeg',96786,'products/23-2.jpg','[]','2021-12-04 04:48:44','2021-12-04 04:48:44',NULL),(63,0,'23-3',3,'image/jpeg',46477,'products/23-3.jpg','[]','2021-12-04 04:48:44','2021-12-04 04:48:44',NULL),(64,0,'23',3,'image/jpeg',68142,'products/23.jpg','[]','2021-12-04 04:48:44','2021-12-04 04:48:44',NULL),(65,0,'3',3,'image/jpeg',8388,'products/3.jpg','[]','2021-12-04 04:48:44','2021-12-04 04:48:44',NULL),(66,0,'4-1',3,'image/jpeg',39071,'products/4-1.jpg','[]','2021-12-04 04:48:45','2021-12-04 04:48:45',NULL),(67,0,'4-2',3,'image/jpeg',35982,'products/4-2.jpg','[]','2021-12-04 04:48:45','2021-12-04 04:48:45',NULL),(68,0,'4-3',3,'image/jpeg',62867,'products/4-3.jpg','[]','2021-12-04 04:48:45','2021-12-04 04:48:45',NULL),(69,0,'4',3,'image/jpeg',5547,'products/4.jpg','[]','2021-12-04 04:48:45','2021-12-04 04:48:45',NULL),(70,0,'5-1',3,'image/jpeg',72383,'products/5-1.jpg','[]','2021-12-04 04:48:45','2021-12-04 04:48:45',NULL),(71,0,'5-2',3,'image/jpeg',108591,'products/5-2.jpg','[]','2021-12-04 04:48:46','2021-12-04 04:48:46',NULL),(72,0,'5-3',3,'image/jpeg',63741,'products/5-3.jpg','[]','2021-12-04 04:48:46','2021-12-04 04:48:46',NULL),(73,0,'5',3,'image/jpeg',98052,'products/5.jpg','[]','2021-12-04 04:48:46','2021-12-04 04:48:46',NULL),(74,0,'6',3,'image/jpeg',10944,'products/6.jpg','[]','2021-12-04 04:48:46','2021-12-04 04:48:46',NULL),(75,0,'7',3,'image/jpeg',10160,'products/7.jpg','[]','2021-12-04 04:48:46','2021-12-04 04:48:46',NULL),(76,0,'8-1',3,'image/jpeg',9986,'products/8-1.jpg','[]','2021-12-04 04:48:47','2021-12-04 04:48:47',NULL),(77,0,'8-2',3,'image/jpeg',8132,'products/8-2.jpg','[]','2021-12-04 04:48:47','2021-12-04 04:48:47',NULL),(78,0,'8-3',3,'image/jpeg',7867,'products/8-3.jpg','[]','2021-12-04 04:48:47','2021-12-04 04:48:47',NULL),(79,0,'8',3,'image/jpeg',10459,'products/8.jpg','[]','2021-12-04 04:48:47','2021-12-04 04:48:47',NULL),(80,0,'9-1',3,'image/jpeg',623616,'products/9-1.jpg','[]','2021-12-04 04:48:47','2021-12-04 04:48:47',NULL),(81,0,'9-2',3,'image/jpeg',647454,'products/9-2.jpg','[]','2021-12-04 04:48:47','2021-12-04 04:48:47',NULL),(82,0,'9',3,'image/jpeg',16733,'products/9.jpg','[]','2021-12-04 04:48:48','2021-12-04 04:48:48',NULL),(83,0,'1',4,'image/jpeg',11752,'customers/1.jpg','[]','2021-12-04 04:48:49','2021-12-04 04:48:49',NULL),(84,0,'10',4,'image/jpeg',27814,'customers/10.jpg','[]','2021-12-04 04:48:49','2021-12-04 04:48:49',NULL),(85,0,'2',4,'image/jpeg',19005,'customers/2.jpg','[]','2021-12-04 04:48:50','2021-12-04 04:48:50',NULL),(86,0,'3',4,'image/jpeg',20400,'customers/3.jpg','[]','2021-12-04 04:48:50','2021-12-04 04:48:50',NULL),(87,0,'4',4,'image/jpeg',26819,'customers/4.jpg','[]','2021-12-04 04:48:50','2021-12-04 04:48:50',NULL),(88,0,'5',4,'image/jpeg',14367,'customers/5.jpg','[]','2021-12-04 04:48:50','2021-12-04 04:48:50',NULL),(89,0,'6',4,'image/jpeg',12367,'customers/6.jpg','[]','2021-12-04 04:48:50','2021-12-04 04:48:50',NULL),(90,0,'7',4,'image/jpeg',20652,'customers/7.jpg','[]','2021-12-04 04:48:50','2021-12-04 04:48:50',NULL),(91,0,'8',4,'image/jpeg',21164,'customers/8.jpg','[]','2021-12-04 04:48:50','2021-12-04 04:48:50',NULL),(92,0,'9',4,'image/jpeg',6084,'customers/9.jpg','[]','2021-12-04 04:48:50','2021-12-04 04:48:50',NULL),(93,0,'1',5,'image/jpeg',532819,'news/1.jpg','[]','2021-12-04 04:48:54','2021-12-04 04:48:54',NULL),(94,0,'10',5,'image/jpeg',342651,'news/10.jpg','[]','2021-12-04 04:48:54','2021-12-04 04:48:54',NULL),(95,0,'11',5,'image/jpeg',296740,'news/11.jpg','[]','2021-12-04 04:48:55','2021-12-04 04:48:55',NULL),(96,0,'2',5,'image/jpeg',553729,'news/2.jpg','[]','2021-12-04 04:48:55','2021-12-04 04:48:55',NULL),(97,0,'3',5,'image/jpeg',522223,'news/3.jpg','[]','2021-12-04 04:48:56','2021-12-04 04:48:56',NULL),(98,0,'4',5,'image/jpeg',910908,'news/4.jpg','[]','2021-12-04 04:48:56','2021-12-04 04:48:56',NULL),(99,0,'5',5,'image/jpeg',666561,'news/5.jpg','[]','2021-12-04 04:48:56','2021-12-04 04:48:56',NULL),(100,0,'6',5,'image/jpeg',431929,'news/6.jpg','[]','2021-12-04 04:48:56','2021-12-04 04:48:56',NULL),(101,0,'7',5,'image/jpeg',568268,'news/7.jpg','[]','2021-12-04 04:48:57','2021-12-04 04:48:57',NULL),(102,0,'8',5,'image/jpeg',351088,'news/8.jpg','[]','2021-12-04 04:48:57','2021-12-04 04:48:57',NULL),(103,0,'9',5,'image/jpeg',353751,'news/9.jpg','[]','2021-12-04 04:48:57','2021-12-04 04:48:57',NULL),(104,0,'1',6,'image/jpeg',139880,'sliders/1.jpg','[]','2021-12-04 04:48:58','2021-12-04 04:48:58',NULL),(105,0,'2',6,'image/jpeg',85128,'sliders/2.jpg','[]','2021-12-04 04:48:59','2021-12-04 04:48:59',NULL),(106,0,'3',6,'image/jpeg',85668,'sliders/3.jpg','[]','2021-12-04 04:48:59','2021-12-04 04:48:59',NULL),(107,0,'1',7,'image/jpeg',56015,'promotion/1.jpg','[]','2021-12-04 04:49:00','2021-12-04 04:49:00',NULL),(108,0,'2',7,'image/jpeg',39964,'promotion/2.jpg','[]','2021-12-04 04:49:00','2021-12-04 04:49:00',NULL),(109,0,'3',7,'image/jpeg',71948,'promotion/3.jpg','[]','2021-12-04 04:49:00','2021-12-04 04:49:00',NULL),(110,0,'4',7,'image/jpeg',94590,'promotion/4.jpg','[]','2021-12-04 04:49:00','2021-12-04 04:49:00',NULL),(111,0,'5',7,'image/jpeg',96153,'promotion/5.jpg','[]','2021-12-04 04:49:00','2021-12-04 04:49:00',NULL),(112,0,'6',7,'image/jpeg',160910,'promotion/6.jpg','[]','2021-12-04 04:49:00','2021-12-04 04:49:00',NULL),(113,0,'7',7,'image/jpeg',59044,'promotion/7.jpg','[]','2021-12-04 04:49:01','2021-12-04 04:49:01',NULL),(114,0,'8',7,'image/jpeg',39964,'promotion/8.jpg','[]','2021-12-04 04:49:01','2021-12-04 04:49:01',NULL),(115,0,'9',7,'image/jpeg',54865,'promotion/9.jpg','[]','2021-12-04 04:49:01','2021-12-04 04:49:01',NULL),(116,0,'app',8,'image/png',88771,'general/app.png','[]','2021-12-04 04:49:02','2021-12-04 04:49:02',NULL),(117,0,'coming-soon',8,'image/jpeg',83359,'general/coming-soon.jpg','[]','2021-12-04 04:49:02','2021-12-04 04:49:02',NULL),(118,0,'favicon',8,'image/png',5147,'general/favicon.png','[]','2021-12-04 04:49:02','2021-12-04 04:49:02',NULL),(119,0,'logo-dark',8,'image/png',906,'general/logo-dark.png','[]','2021-12-04 04:49:02','2021-12-04 04:49:02',NULL),(120,0,'logo-light',8,'image/png',1430,'general/logo-light.png','[]','2021-12-04 04:49:02','2021-12-04 04:49:02',NULL),(121,0,'logo',8,'image/png',892,'general/logo.png','[]','2021-12-04 04:49:02','2021-12-04 04:49:02',NULL),(122,0,'newsletter',8,'image/jpeg',25569,'general/newsletter.jpg','[]','2021-12-04 04:49:03','2021-12-04 04:49:03',NULL),(123,0,'payment-method-1',8,'image/jpeg',976,'general/payment-method-1.jpg','[]','2021-12-04 04:49:03','2021-12-04 04:49:03',NULL),(124,0,'payment-method-2',8,'image/jpeg',1122,'general/payment-method-2.jpg','[]','2021-12-04 04:49:03','2021-12-04 04:49:03',NULL),(125,0,'payment-method-3',8,'image/jpeg',1040,'general/payment-method-3.jpg','[]','2021-12-04 04:49:03','2021-12-04 04:49:03',NULL),(126,0,'payment-method-4',8,'image/jpeg',722,'general/payment-method-4.jpg','[]','2021-12-04 04:49:03','2021-12-04 04:49:03',NULL),(127,0,'payment-method-5',8,'image/jpeg',773,'general/payment-method-5.jpg','[]','2021-12-04 04:49:03','2021-12-04 04:49:03',NULL),(128,0,'1',9,'image/png',11920,'stores/1.png','[]','2021-12-04 04:49:03','2021-12-04 04:49:03',NULL),(129,0,'10',9,'image/png',6583,'stores/10.png','[]','2021-12-04 04:49:04','2021-12-04 04:49:04',NULL),(130,0,'11',9,'image/png',6934,'stores/11.png','[]','2021-12-04 04:49:04','2021-12-04 04:49:04',NULL),(131,0,'12',9,'image/png',7396,'stores/12.png','[]','2021-12-04 04:49:04','2021-12-04 04:49:04',NULL),(132,0,'13',9,'image/png',5881,'stores/13.png','[]','2021-12-04 04:49:04','2021-12-04 04:49:04',NULL),(133,0,'14',9,'image/png',7188,'stores/14.png','[]','2021-12-04 04:49:04','2021-12-04 04:49:04',NULL),(134,0,'15',9,'image/png',7142,'stores/15.png','[]','2021-12-04 04:49:04','2021-12-04 04:49:04',NULL),(135,0,'16',9,'image/png',4659,'stores/16.png','[]','2021-12-04 04:49:05','2021-12-04 04:49:05',NULL),(136,0,'17',9,'image/png',6781,'stores/17.png','[]','2021-12-04 04:49:05','2021-12-04 04:49:05',NULL),(137,0,'2',9,'image/png',12300,'stores/2.png','[]','2021-12-04 04:49:05','2021-12-04 04:49:05',NULL),(138,0,'3',9,'image/png',10778,'stores/3.png','[]','2021-12-04 04:49:05','2021-12-04 04:49:05',NULL),(139,0,'4',9,'image/png',10771,'stores/4.png','[]','2021-12-04 04:49:05','2021-12-04 04:49:05',NULL),(140,0,'5',9,'image/png',13041,'stores/5.png','[]','2021-12-04 04:49:05','2021-12-04 04:49:05',NULL),(141,0,'6',9,'image/png',14006,'stores/6.png','[]','2021-12-04 04:49:06','2021-12-04 04:49:06',NULL),(142,0,'7',9,'image/png',5978,'stores/7.png','[]','2021-12-04 04:49:06','2021-12-04 04:49:06',NULL),(143,0,'8',9,'image/png',6586,'stores/8.png','[]','2021-12-04 04:49:06','2021-12-04 04:49:06',NULL),(144,0,'9',9,'image/png',6173,'stores/9.png','[]','2021-12-04 04:49:06','2021-12-04 04:49:06',NULL);
/*!40000 ALTER TABLE `media_files` ENABLE KEYS */;
UNLOCK TABLES;

--
-- Table structure for table `media_folders`
--

DROP TABLE IF EXISTS `media_folders`;
/*!40101 SET @saved_cs_client     = @@character_set_client */;
/*!40101 SET character_set_client = utf8 */;
CREATE TABLE `media_folders` (
  `id` bigint(20) unsigned NOT NULL AUTO_INCREMENT,
  `user_id` int(10) unsigned NOT NULL,
  `name` varchar(191) COLLATE utf8mb4_unicode_ci DEFAULT NULL,
  `slug` varchar(191) COLLATE utf8mb4_unicode_ci DEFAULT NULL,
  `parent_id` int(11) NOT NULL DEFAULT 0,
  `created_at` timestamp NULL DEFAULT NULL,
  `updated_at` timestamp NULL DEFAULT NULL,
  `deleted_at` timestamp NULL DEFAULT NULL,
  PRIMARY KEY (`id`),
  KEY `media_folders_user_id_index` (`user_id`)
) ENGINE=InnoDB AUTO_INCREMENT=10 DEFAULT CHARSET=utf8mb4 COLLATE=utf8mb4_unicode_ci;
/*!40101 SET character_set_client = @saved_cs_client */;

--
-- Dumping data for table `media_folders`
--

LOCK TABLES `media_folders` WRITE;
/*!40000 ALTER TABLE `media_folders` DISABLE KEYS */;
INSERT INTO `media_folders` VALUES (1,0,'brands','brands',0,'2021-12-04 04:48:33','2021-12-04 04:48:33',NULL),(2,0,'product-categories','product-categories',0,'2021-12-04 04:48:34','2021-12-04 04:48:34',NULL),(3,0,'products','products',0,'2021-12-04 04:48:35','2021-12-04 04:48:35',NULL),(4,0,'customers','customers',0,'2021-12-04 04:48:49','2021-12-04 04:48:49',NULL),(5,0,'news','news',0,'2021-12-04 04:48:54','2021-12-04 04:48:54',NULL),(6,0,'sliders','sliders',0,'2021-12-04 04:48:58','2021-12-04 04:48:58',NULL),(7,0,'promotion','promotion',0,'2021-12-04 04:49:00','2021-12-04 04:49:00',NULL),(8,0,'general','general',0,'2021-12-04 04:49:02','2021-12-04 04:49:02',NULL),(9,0,'stores','stores',0,'2021-12-04 04:49:03','2021-12-04 04:49:03',NULL);
/*!40000 ALTER TABLE `media_folders` ENABLE KEYS */;
UNLOCK TABLES;

--
-- Table structure for table `media_settings`
--

DROP TABLE IF EXISTS `media_settings`;
/*!40101 SET @saved_cs_client     = @@character_set_client */;
/*!40101 SET character_set_client = utf8 */;
CREATE TABLE `media_settings` (
  `id` bigint(20) unsigned NOT NULL AUTO_INCREMENT,
  `key` varchar(120) COLLATE utf8mb4_unicode_ci NOT NULL,
  `value` text COLLATE utf8mb4_unicode_ci DEFAULT NULL,
  `media_id` int(11) DEFAULT NULL,
  `user_id` int(11) DEFAULT NULL,
  `created_at` timestamp NULL DEFAULT NULL,
  `updated_at` timestamp NULL DEFAULT NULL,
  PRIMARY KEY (`id`)
) ENGINE=InnoDB DEFAULT CHARSET=utf8mb4 COLLATE=utf8mb4_unicode_ci;
/*!40101 SET character_set_client = @saved_cs_client */;

--
-- Dumping data for table `media_settings`
--

LOCK TABLES `media_settings` WRITE;
/*!40000 ALTER TABLE `media_settings` DISABLE KEYS */;
/*!40000 ALTER TABLE `media_settings` ENABLE KEYS */;
UNLOCK TABLES;

--
-- Table structure for table `menu_locations`
--

DROP TABLE IF EXISTS `menu_locations`;
/*!40101 SET @saved_cs_client     = @@character_set_client */;
/*!40101 SET character_set_client = utf8 */;
CREATE TABLE `menu_locations` (
  `id` bigint(20) unsigned NOT NULL AUTO_INCREMENT,
  `menu_id` int(10) unsigned NOT NULL,
  `location` varchar(120) COLLATE utf8mb4_unicode_ci NOT NULL,
  `created_at` timestamp NULL DEFAULT NULL,
  `updated_at` timestamp NULL DEFAULT NULL,
  PRIMARY KEY (`id`)
) ENGINE=InnoDB AUTO_INCREMENT=3 DEFAULT CHARSET=utf8mb4 COLLATE=utf8mb4_unicode_ci;
/*!40101 SET character_set_client = @saved_cs_client */;

--
-- Dumping data for table `menu_locations`
--

LOCK TABLES `menu_locations` WRITE;
/*!40000 ALTER TABLE `menu_locations` DISABLE KEYS */;
INSERT INTO `menu_locations` VALUES (1,1,'main-menu','2021-12-04 04:49:02','2021-12-04 04:49:02'),(2,5,'main-menu','2021-12-04 04:49:02','2021-12-04 04:49:02');
/*!40000 ALTER TABLE `menu_locations` ENABLE KEYS */;
UNLOCK TABLES;

--
-- Table structure for table `menu_nodes`
--

DROP TABLE IF EXISTS `menu_nodes`;
/*!40101 SET @saved_cs_client     = @@character_set_client */;
/*!40101 SET character_set_client = utf8 */;
CREATE TABLE `menu_nodes` (
  `id` bigint(20) unsigned NOT NULL AUTO_INCREMENT,
  `menu_id` int(10) unsigned NOT NULL,
  `parent_id` int(10) unsigned NOT NULL DEFAULT 0,
  `reference_id` int(10) unsigned DEFAULT NULL,
  `reference_type` varchar(255) COLLATE utf8mb4_unicode_ci DEFAULT NULL,
  `url` varchar(120) COLLATE utf8mb4_unicode_ci DEFAULT NULL,
  `icon_font` varchar(50) COLLATE utf8mb4_unicode_ci DEFAULT NULL,
  `position` tinyint(3) unsigned NOT NULL DEFAULT 0,
  `title` varchar(120) COLLATE utf8mb4_unicode_ci DEFAULT NULL,
  `css_class` varchar(120) COLLATE utf8mb4_unicode_ci DEFAULT NULL,
  `target` varchar(20) COLLATE utf8mb4_unicode_ci NOT NULL DEFAULT '_self',
  `has_child` tinyint(3) unsigned NOT NULL DEFAULT 0,
  `created_at` timestamp NULL DEFAULT NULL,
  `updated_at` timestamp NULL DEFAULT NULL,
  PRIMARY KEY (`id`),
  KEY `menu_nodes_menu_id_index` (`menu_id`),
  KEY `menu_nodes_parent_id_index` (`parent_id`)
) ENGINE=InnoDB AUTO_INCREMENT=57 DEFAULT CHARSET=utf8mb4 COLLATE=utf8mb4_unicode_ci;
/*!40101 SET character_set_client = @saved_cs_client */;

--
-- Dumping data for table `menu_nodes`
--

LOCK TABLES `menu_nodes` WRITE;
/*!40000 ALTER TABLE `menu_nodes` DISABLE KEYS */;
INSERT INTO `menu_nodes` VALUES (1,1,0,NULL,NULL,'/',NULL,0,'Home',NULL,'_self',0,'2021-12-04 04:49:02','2021-12-04 04:49:02'),(2,1,0,NULL,NULL,'#',NULL,0,'Pages',NULL,'_self',1,'2021-12-04 04:49:02','2021-12-04 04:49:02'),(3,1,2,2,'Botble\\Page\\Models\\Page','/about-us',NULL,0,'About us',NULL,'_self',0,'2021-12-04 04:49:02','2021-12-04 04:49:02'),(4,1,2,3,'Botble\\Page\\Models\\Page','/terms-of-use',NULL,0,'Terms Of Use',NULL,'_self',0,'2021-12-04 04:49:02','2021-12-04 04:49:02'),(5,1,2,4,'Botble\\Page\\Models\\Page','/terms-conditions',NULL,0,'Terms & Conditions',NULL,'_self',0,'2021-12-04 04:49:02','2021-12-04 04:49:02'),(6,1,2,5,'Botble\\Page\\Models\\Page','/refund-policy',NULL,0,'Refund Policy',NULL,'_self',0,'2021-12-04 04:49:02','2021-12-04 04:49:02'),(7,1,2,12,'Botble\\Page\\Models\\Page','/coming-soon',NULL,0,'Coming soon',NULL,'_self',0,'2021-12-04 04:49:02','2021-12-04 04:49:02'),(8,1,0,NULL,NULL,'/products',NULL,0,'Shop',NULL,'_self',1,'2021-12-04 04:49:02','2021-12-04 04:49:02'),(9,1,8,NULL,NULL,'/products',NULL,0,'All products',NULL,'_self',0,'2021-12-04 04:49:02','2021-12-04 04:49:02'),(10,1,8,15,'Botble\\Ecommerce\\Models\\ProductCategory','/product-categories/batteries',NULL,0,'Products Of Category',NULL,'_self',0,'2021-12-04 04:49:02','2021-12-04 04:49:02'),(11,1,8,NULL,NULL,'/products/beat-headphone',NULL,0,'Product Single',NULL,'_self',0,'2021-12-04 04:49:02','2021-12-04 04:49:02'),(12,1,0,NULL,NULL,'/stores',NULL,0,'Stores',NULL,'_self',0,'2021-12-04 04:49:02','2021-12-04 04:49:02'),(13,1,0,6,'Botble\\Page\\Models\\Page','/blog',NULL,0,'Blog',NULL,'_self',0,'2021-12-04 04:49:02','2021-12-04 04:49:02'),(14,1,0,7,'Botble\\Page\\Models\\Page','/faqs',NULL,0,'FAQs',NULL,'_self',0,'2021-12-04 04:49:02','2021-12-04 04:49:02'),(15,1,0,8,'Botble\\Page\\Models\\Page','/contact',NULL,0,'Contact',NULL,'_self',0,'2021-12-04 04:49:02','2021-12-04 04:49:02'),(16,2,0,3,'Botble\\Page\\Models\\Page','/terms-of-use',NULL,0,'Terms Of Use',NULL,'_self',0,'2021-12-04 04:49:02','2021-12-04 04:49:02'),(17,2,0,4,'Botble\\Page\\Models\\Page','/terms-conditions',NULL,0,'Terms & Conditions',NULL,'_self',0,'2021-12-04 04:49:02','2021-12-04 04:49:02'),(18,2,0,5,'Botble\\Page\\Models\\Page','/refund-policy',NULL,0,'Refund Policy',NULL,'_self',0,'2021-12-04 04:49:02','2021-12-04 04:49:02'),(19,2,0,7,'Botble\\Page\\Models\\Page','/faqs',NULL,0,'FAQs',NULL,'_self',0,'2021-12-04 04:49:02','2021-12-04 04:49:02'),(20,2,0,NULL,NULL,'/nothing',NULL,0,'404 Page',NULL,'_self',0,'2021-12-04 04:49:02','2021-12-04 04:49:02'),(21,3,0,2,'Botble\\Page\\Models\\Page','/about-us',NULL,0,'About us',NULL,'_self',0,'2021-12-04 04:49:02','2021-12-04 04:49:02'),(22,3,0,10,'Botble\\Page\\Models\\Page','/affiliate',NULL,0,'Affiliate',NULL,'_self',0,'2021-12-04 04:49:02','2021-12-04 04:49:02'),(23,3,0,11,'Botble\\Page\\Models\\Page','/career',NULL,0,'Career',NULL,'_self',0,'2021-12-04 04:49:02','2021-12-04 04:49:02'),(24,3,0,8,'Botble\\Page\\Models\\Page','/contact',NULL,0,'Contact us',NULL,'_self',0,'2021-12-04 04:49:02','2021-12-04 04:49:02'),(25,4,0,6,'Botble\\Page\\Models\\Page','/blog',NULL,0,'Our blog',NULL,'_self',0,'2021-12-04 04:49:02','2021-12-04 04:49:02'),(26,4,0,NULL,NULL,'/cart',NULL,0,'Cart',NULL,'_self',0,'2021-12-04 04:49:02','2021-12-04 04:49:02'),(27,4,0,NULL,NULL,'/customer/overview',NULL,0,'My account',NULL,'_self',0,'2021-12-04 04:49:02','2021-12-04 04:49:02'),(28,4,0,NULL,NULL,'/products',NULL,0,'Shop',NULL,'_self',0,'2021-12-04 04:49:02','2021-12-04 04:49:02'),(29,5,0,NULL,NULL,'/',NULL,0,'Trang chủ',NULL,'_self',0,'2021-12-04 04:49:02','2021-12-04 04:49:02'),(30,5,0,NULL,NULL,'#',NULL,0,'Trang',NULL,'_self',1,'2021-12-04 04:49:02','2021-12-04 04:49:02'),(31,5,30,2,'Botble\\Page\\Models\\Page','/about-us',NULL,0,'Về chúng tôi',NULL,'_self',0,'2021-12-04 04:49:02','2021-12-04 04:49:02'),(32,5,30,3,'Botble\\Page\\Models\\Page','/terms-of-use',NULL,0,'Điều khoản sử dụng',NULL,'_self',0,'2021-12-04 04:49:02','2021-12-04 04:49:02'),(33,5,30,4,'Botble\\Page\\Models\\Page','/terms-conditions',NULL,0,'Điều khoản và quy định',NULL,'_self',0,'2021-12-04 04:49:02','2021-12-04 04:49:02'),(34,5,30,5,'Botble\\Page\\Models\\Page','/refund-policy',NULL,0,'Chính sách hoàn hàng',NULL,'_self',0,'2021-12-04 04:49:02','2021-12-04 04:49:02'),(35,5,30,12,'Botble\\Page\\Models\\Page','/coming-soon',NULL,0,'Sắp ra mắt',NULL,'_self',0,'2021-12-04 04:49:02','2021-12-04 04:49:02'),(36,5,0,NULL,NULL,'/products',NULL,0,'Sản phẩm',NULL,'_self',1,'2021-12-04 04:49:02','2021-12-04 04:49:02'),(37,5,36,NULL,NULL,'/products',NULL,0,'Tất cả sản phẩm',NULL,'_self',0,'2021-12-04 04:49:02','2021-12-04 04:49:02'),(38,5,36,15,'Botble\\Ecommerce\\Models\\ProductCategory','/product-categories/batteries',NULL,0,'Danh mục sản phẩm',NULL,'_self',0,'2021-12-04 04:49:02','2021-12-04 04:49:02'),(39,5,36,NULL,NULL,'/products/beat-headphone',NULL,0,'Sản phẩm chi tiết',NULL,'_self',0,'2021-12-04 04:49:02','2021-12-04 04:49:02'),(40,5,0,NULL,NULL,'/stores',NULL,0,'Cửa hàng',NULL,'_self',0,'2021-12-04 04:49:02','2021-12-04 04:49:02'),(41,5,0,6,'Botble\\Page\\Models\\Page','/blog',NULL,0,'Tin tức',NULL,'_self',0,'2021-12-04 04:49:02','2021-12-04 04:49:02'),(42,5,0,7,'Botble\\Page\\Models\\Page','/faqs',NULL,0,'FAQs',NULL,'_self',0,'2021-12-04 04:49:02','2021-12-04 04:49:02'),(43,5,0,8,'Botble\\Page\\Models\\Page','/contact',NULL,0,'Liên hệ',NULL,'_self',0,'2021-12-04 04:49:02','2021-12-04 04:49:02'),(44,6,0,3,'Botble\\Page\\Models\\Page','/terms-of-use',NULL,0,'Điều khoản sử dụng',NULL,'_self',0,'2021-12-04 04:49:02','2021-12-04 04:49:02'),(45,6,0,4,'Botble\\Page\\Models\\Page','/terms-conditions',NULL,0,'Điều khoản và quy định',NULL,'_self',0,'2021-12-04 04:49:02','2021-12-04 04:49:02'),(46,6,0,5,'Botble\\Page\\Models\\Page','/refund-policy',NULL,0,'Chính sách hoàn hàng',NULL,'_self',0,'2021-12-04 04:49:02','2021-12-04 04:49:02'),(47,6,0,6,'Botble\\Page\\Models\\Page','/blog',NULL,0,'FAQs',NULL,'_self',0,'2021-12-04 04:49:02','2021-12-04 04:49:02'),(48,6,0,NULL,NULL,'/nothing',NULL,0,'404 Page',NULL,'_self',0,'2021-12-04 04:49:02','2021-12-04 04:49:02'),(49,7,0,2,'Botble\\Page\\Models\\Page','/about-us',NULL,0,'Về chúng tôi',NULL,'_self',0,'2021-12-04 04:49:02','2021-12-04 04:49:02'),(50,7,0,10,'Botble\\Page\\Models\\Page','/affiliate',NULL,0,'Tiếp thị liên kết',NULL,'_self',0,'2021-12-04 04:49:02','2021-12-04 04:49:02'),(51,7,0,11,'Botble\\Page\\Models\\Page','/career',NULL,0,'Tuyển dụng',NULL,'_self',0,'2021-12-04 04:49:02','2021-12-04 04:49:02'),(52,7,0,8,'Botble\\Page\\Models\\Page','/contact',NULL,0,'Liên hệ',NULL,'_self',0,'2021-12-04 04:49:02','2021-12-04 04:49:02'),(53,8,0,6,'Botble\\Page\\Models\\Page','/blog',NULL,0,'Tin tức',NULL,'_self',0,'2021-12-04 04:49:02','2021-12-04 04:49:02'),(54,8,0,NULL,NULL,'/cart',NULL,0,'Giỏ hàng',NULL,'_self',0,'2021-12-04 04:49:02','2021-12-04 04:49:02'),(55,8,0,NULL,NULL,'/customer/overview',NULL,0,'Tài khoản',NULL,'_self',0,'2021-12-04 04:49:02','2021-12-04 04:49:02'),(56,8,0,NULL,NULL,'/products',NULL,0,'Sản phẩm',NULL,'_self',0,'2021-12-04 04:49:02','2021-12-04 04:49:02');
/*!40000 ALTER TABLE `menu_nodes` ENABLE KEYS */;
UNLOCK TABLES;

--
-- Table structure for table `menus`
--

DROP TABLE IF EXISTS `menus`;
/*!40101 SET @saved_cs_client     = @@character_set_client */;
/*!40101 SET character_set_client = utf8 */;
CREATE TABLE `menus` (
  `id` bigint(20) unsigned NOT NULL AUTO_INCREMENT,
  `name` varchar(120) COLLATE utf8mb4_unicode_ci NOT NULL,
  `slug` varchar(120) COLLATE utf8mb4_unicode_ci DEFAULT NULL,
  `status` varchar(60) COLLATE utf8mb4_unicode_ci NOT NULL DEFAULT 'published',
  `created_at` timestamp NULL DEFAULT NULL,
  `updated_at` timestamp NULL DEFAULT NULL,
  PRIMARY KEY (`id`),
  UNIQUE KEY `menus_slug_unique` (`slug`)
) ENGINE=InnoDB AUTO_INCREMENT=9 DEFAULT CHARSET=utf8mb4 COLLATE=utf8mb4_unicode_ci;
/*!40101 SET character_set_client = @saved_cs_client */;

--
-- Dumping data for table `menus`
--

LOCK TABLES `menus` WRITE;
/*!40000 ALTER TABLE `menus` DISABLE KEYS */;
INSERT INTO `menus` VALUES (1,'Main menu','main-menu','published','2021-12-04 04:49:02','2021-12-04 04:49:02'),(2,'Quick links','quick-links','published','2021-12-04 04:49:02','2021-12-04 04:49:02'),(3,'Company','company','published','2021-12-04 04:49:02','2021-12-04 04:49:02'),(4,'Business','business','published','2021-12-04 04:49:02','2021-12-04 04:49:02'),(5,'Menu chính','menu-chinh','published','2021-12-04 04:49:02','2021-12-04 04:49:02'),(6,'Liên kết nhanh','lien-ket-nhanh','published','2021-12-04 04:49:02','2021-12-04 04:49:02'),(7,'Công ty','cong-ty','published','2021-12-04 04:49:02','2021-12-04 04:49:02'),(8,'Doanh nghiệp','doanh-nghiep','published','2021-12-04 04:49:02','2021-12-04 04:49:02');
/*!40000 ALTER TABLE `menus` ENABLE KEYS */;
UNLOCK TABLES;

--
-- Table structure for table `meta_boxes`
--

DROP TABLE IF EXISTS `meta_boxes`;
/*!40101 SET @saved_cs_client     = @@character_set_client */;
/*!40101 SET character_set_client = utf8 */;
CREATE TABLE `meta_boxes` (
  `id` bigint(20) unsigned NOT NULL AUTO_INCREMENT,
  `meta_key` varchar(255) COLLATE utf8mb4_unicode_ci NOT NULL,
  `meta_value` text COLLATE utf8mb4_unicode_ci DEFAULT NULL,
  `reference_id` int(10) unsigned NOT NULL,
  `reference_type` varchar(120) COLLATE utf8mb4_unicode_ci NOT NULL,
  `created_at` timestamp NULL DEFAULT NULL,
  `updated_at` timestamp NULL DEFAULT NULL,
  PRIMARY KEY (`id`),
  KEY `meta_boxes_reference_id_index` (`reference_id`)
) ENGINE=InnoDB AUTO_INCREMENT=38 DEFAULT CHARSET=utf8mb4 COLLATE=utf8mb4_unicode_ci;
/*!40101 SET character_set_client = @saved_cs_client */;

--
-- Dumping data for table `meta_boxes`
--

LOCK TABLES `meta_boxes` WRITE;
/*!40000 ALTER TABLE `meta_boxes` DISABLE KEYS */;
INSERT INTO `meta_boxes` VALUES (1,'icon','[\"icon-star\"]',1,'Botble\\Ecommerce\\Models\\ProductCategory','2021-12-04 04:48:35','2021-12-04 04:48:35'),(2,'icon','[\"icon-laundry\"]',2,'Botble\\Ecommerce\\Models\\ProductCategory','2021-12-04 04:48:35','2021-12-04 04:48:35'),(3,'icon','[\"icon-shirt\"]',16,'Botble\\Ecommerce\\Models\\ProductCategory','2021-12-04 04:48:35','2021-12-04 04:48:35'),(4,'icon','[\"icon-desktop\"]',17,'Botble\\Ecommerce\\Models\\ProductCategory','2021-12-04 04:48:35','2021-12-04 04:48:35'),(5,'icon','[\"icon-lampshade\"]',28,'Botble\\Ecommerce\\Models\\ProductCategory','2021-12-04 04:48:35','2021-12-04 04:48:35'),(6,'icon','[\"icon-heart-pulse\"]',29,'Botble\\Ecommerce\\Models\\ProductCategory','2021-12-04 04:48:35','2021-12-04 04:48:35'),(7,'icon','[\"icon-diamond2\"]',30,'Botble\\Ecommerce\\Models\\ProductCategory','2021-12-04 04:48:35','2021-12-04 04:48:35'),(8,'icon','[\"icon-desktop\"]',31,'Botble\\Ecommerce\\Models\\ProductCategory','2021-12-04 04:48:35','2021-12-04 04:48:35'),(9,'icon','[\"icon-smartphone\"]',32,'Botble\\Ecommerce\\Models\\ProductCategory','2021-12-04 04:48:35','2021-12-04 04:48:35'),(10,'icon','[\"icon-baby-bottle\"]',33,'Botble\\Ecommerce\\Models\\ProductCategory','2021-12-04 04:48:35','2021-12-04 04:48:35'),(11,'icon','[\"icon-baseball\"]',34,'Botble\\Ecommerce\\Models\\ProductCategory','2021-12-04 04:48:35','2021-12-04 04:48:35'),(12,'icon','[\"icon-book2\"]',35,'Botble\\Ecommerce\\Models\\ProductCategory','2021-12-04 04:48:35','2021-12-04 04:48:35'),(13,'icon','[\"icon-car-siren\"]',36,'Botble\\Ecommerce\\Models\\ProductCategory','2021-12-04 04:48:35','2021-12-04 04:48:35'),(14,'icon','[\"icon-wrench\"]',37,'Botble\\Ecommerce\\Models\\ProductCategory','2021-12-04 04:48:35','2021-12-04 04:48:35'),(15,'faq_schema_config','[[[{\"key\":\"question\",\"value\":\"What Shipping Methods Are Available?\"},{\"key\":\"answer\",\"value\":\"Ex Portland Pitchfork irure mustache. Eutra fap before they sold out literally. Aliquip ugh bicycle rights actually mlkshk, seitan squid craft beer tempor.\"}],[{\"key\":\"question\",\"value\":\"Do You Ship Internationally?\"},{\"key\":\"answer\",\"value\":\"Hoodie tote bag mixtape tofu. Typewriter jean shorts wolf quinoa, messenger bag organic freegan cray.\"}],[{\"key\":\"question\",\"value\":\"How Long Will It Take To Get My Package?\"},{\"key\":\"answer\",\"value\":\"Swag slow-carb quinoa VHS typewriter pork belly brunch, paleo single-origin coffee Wes Anderson. Flexitarian Pitchfork forage, literally paleo fap pour-over. Wes Anderson Pinterest YOLO fanny pack meggings, deep v XOXO chambray sustainable slow-carb raw denim church-key fap chillwave Etsy. +1 typewriter kitsch, American Apparel tofu Banksy Vice.\"}],[{\"key\":\"question\",\"value\":\"What Payment Methods Are Accepted?\"},{\"key\":\"answer\",\"value\":\"Fashion axe DIY jean shorts, swag kale chips meh polaroid kogi butcher Wes Anderson chambray next level semiotics gentrify yr. Voluptate photo booth fugiat Vice. Austin sed Williamsburg, ea labore raw denim voluptate cred proident mixtape excepteur mustache. Twee chia photo booth readymade food truck, hoodie roof party swag keytar PBR DIY.\"}],[{\"key\":\"question\",\"value\":\"Is Buying On-Line Safe?\"},{\"key\":\"answer\",\"value\":\"Art party authentic freegan semiotics jean shorts chia cred. Neutra Austin roof party Brooklyn, synth Thundercats swag 8-bit photo booth. Plaid letterpress leggings craft beer meh ethical Pinterest.\"}]]]',1,'Botble\\Ecommerce\\Models\\Product','2021-12-04 04:48:48','2021-12-04 04:48:48'),(16,'faq_schema_config','[[[{\"key\":\"question\",\"value\":\"What Shipping Methods Are Available?\"},{\"key\":\"answer\",\"value\":\"Ex Portland Pitchfork irure mustache. Eutra fap before they sold out literally. Aliquip ugh bicycle rights actually mlkshk, seitan squid craft beer tempor.\"}],[{\"key\":\"question\",\"value\":\"Do You Ship Internationally?\"},{\"key\":\"answer\",\"value\":\"Hoodie tote bag mixtape tofu. Typewriter jean shorts wolf quinoa, messenger bag organic freegan cray.\"}],[{\"key\":\"question\",\"value\":\"How Long Will It Take To Get My Package?\"},{\"key\":\"answer\",\"value\":\"Swag slow-carb quinoa VHS typewriter pork belly brunch, paleo single-origin coffee Wes Anderson. Flexitarian Pitchfork forage, literally paleo fap pour-over. Wes Anderson Pinterest YOLO fanny pack meggings, deep v XOXO chambray sustainable slow-carb raw denim church-key fap chillwave Etsy. +1 typewriter kitsch, American Apparel tofu Banksy Vice.\"}],[{\"key\":\"question\",\"value\":\"What Payment Methods Are Accepted?\"},{\"key\":\"answer\",\"value\":\"Fashion axe DIY jean shorts, swag kale chips meh polaroid kogi butcher Wes Anderson chambray next level semiotics gentrify yr. Voluptate photo booth fugiat Vice. Austin sed Williamsburg, ea labore raw denim voluptate cred proident mixtape excepteur mustache. Twee chia photo booth readymade food truck, hoodie roof party swag keytar PBR DIY.\"}],[{\"key\":\"question\",\"value\":\"Is Buying On-Line Safe?\"},{\"key\":\"answer\",\"value\":\"Art party authentic freegan semiotics jean shorts chia cred. Neutra Austin roof party Brooklyn, synth Thundercats swag 8-bit photo booth. Plaid letterpress leggings craft beer meh ethical Pinterest.\"}]]]',2,'Botble\\Ecommerce\\Models\\Product','2021-12-04 04:48:48','2021-12-04 04:48:48'),(17,'faq_schema_config','[[[{\"key\":\"question\",\"value\":\"What Shipping Methods Are Available?\"},{\"key\":\"answer\",\"value\":\"Ex Portland Pitchfork irure mustache. Eutra fap before they sold out literally. Aliquip ugh bicycle rights actually mlkshk, seitan squid craft beer tempor.\"}],[{\"key\":\"question\",\"value\":\"Do You Ship Internationally?\"},{\"key\":\"answer\",\"value\":\"Hoodie tote bag mixtape tofu. Typewriter jean shorts wolf quinoa, messenger bag organic freegan cray.\"}],[{\"key\":\"question\",\"value\":\"How Long Will It Take To Get My Package?\"},{\"key\":\"answer\",\"value\":\"Swag slow-carb quinoa VHS typewriter pork belly brunch, paleo single-origin coffee Wes Anderson. Flexitarian Pitchfork forage, literally paleo fap pour-over. Wes Anderson Pinterest YOLO fanny pack meggings, deep v XOXO chambray sustainable slow-carb raw denim church-key fap chillwave Etsy. +1 typewriter kitsch, American Apparel tofu Banksy Vice.\"}],[{\"key\":\"question\",\"value\":\"What Payment Methods Are Accepted?\"},{\"key\":\"answer\",\"value\":\"Fashion axe DIY jean shorts, swag kale chips meh polaroid kogi butcher Wes Anderson chambray next level semiotics gentrify yr. Voluptate photo booth fugiat Vice. Austin sed Williamsburg, ea labore raw denim voluptate cred proident mixtape excepteur mustache. Twee chia photo booth readymade food truck, hoodie roof party swag keytar PBR DIY.\"}],[{\"key\":\"question\",\"value\":\"Is Buying On-Line Safe?\"},{\"key\":\"answer\",\"value\":\"Art party authentic freegan semiotics jean shorts chia cred. Neutra Austin roof party Brooklyn, synth Thundercats swag 8-bit photo booth. Plaid letterpress leggings craft beer meh ethical Pinterest.\"}]]]',3,'Botble\\Ecommerce\\Models\\Product','2021-12-04 04:48:48','2021-12-04 04:48:48'),(18,'faq_schema_config','[[[{\"key\":\"question\",\"value\":\"What Shipping Methods Are Available?\"},{\"key\":\"answer\",\"value\":\"Ex Portland Pitchfork irure mustache. Eutra fap before they sold out literally. Aliquip ugh bicycle rights actually mlkshk, seitan squid craft beer tempor.\"}],[{\"key\":\"question\",\"value\":\"Do You Ship Internationally?\"},{\"key\":\"answer\",\"value\":\"Hoodie tote bag mixtape tofu. Typewriter jean shorts wolf quinoa, messenger bag organic freegan cray.\"}],[{\"key\":\"question\",\"value\":\"How Long Will It Take To Get My Package?\"},{\"key\":\"answer\",\"value\":\"Swag slow-carb quinoa VHS typewriter pork belly brunch, paleo single-origin coffee Wes Anderson. Flexitarian Pitchfork forage, literally paleo fap pour-over. Wes Anderson Pinterest YOLO fanny pack meggings, deep v XOXO chambray sustainable slow-carb raw denim church-key fap chillwave Etsy. +1 typewriter kitsch, American Apparel tofu Banksy Vice.\"}],[{\"key\":\"question\",\"value\":\"What Payment Methods Are Accepted?\"},{\"key\":\"answer\",\"value\":\"Fashion axe DIY jean shorts, swag kale chips meh polaroid kogi butcher Wes Anderson chambray next level semiotics gentrify yr. Voluptate photo booth fugiat Vice. Austin sed Williamsburg, ea labore raw denim voluptate cred proident mixtape excepteur mustache. Twee chia photo booth readymade food truck, hoodie roof party swag keytar PBR DIY.\"}],[{\"key\":\"question\",\"value\":\"Is Buying On-Line Safe?\"},{\"key\":\"answer\",\"value\":\"Art party authentic freegan semiotics jean shorts chia cred. Neutra Austin roof party Brooklyn, synth Thundercats swag 8-bit photo booth. Plaid letterpress leggings craft beer meh ethical Pinterest.\"}]]]',4,'Botble\\Ecommerce\\Models\\Product','2021-12-04 04:48:48','2021-12-04 04:48:48'),(19,'faq_schema_config','[[[{\"key\":\"question\",\"value\":\"What Shipping Methods Are Available?\"},{\"key\":\"answer\",\"value\":\"Ex Portland Pitchfork irure mustache. Eutra fap before they sold out literally. Aliquip ugh bicycle rights actually mlkshk, seitan squid craft beer tempor.\"}],[{\"key\":\"question\",\"value\":\"Do You Ship Internationally?\"},{\"key\":\"answer\",\"value\":\"Hoodie tote bag mixtape tofu. Typewriter jean shorts wolf quinoa, messenger bag organic freegan cray.\"}],[{\"key\":\"question\",\"value\":\"How Long Will It Take To Get My Package?\"},{\"key\":\"answer\",\"value\":\"Swag slow-carb quinoa VHS typewriter pork belly brunch, paleo single-origin coffee Wes Anderson. Flexitarian Pitchfork forage, literally paleo fap pour-over. Wes Anderson Pinterest YOLO fanny pack meggings, deep v XOXO chambray sustainable slow-carb raw denim church-key fap chillwave Etsy. +1 typewriter kitsch, American Apparel tofu Banksy Vice.\"}],[{\"key\":\"question\",\"value\":\"What Payment Methods Are Accepted?\"},{\"key\":\"answer\",\"value\":\"Fashion axe DIY jean shorts, swag kale chips meh polaroid kogi butcher Wes Anderson chambray next level semiotics gentrify yr. Voluptate photo booth fugiat Vice. Austin sed Williamsburg, ea labore raw denim voluptate cred proident mixtape excepteur mustache. Twee chia photo booth readymade food truck, hoodie roof party swag keytar PBR DIY.\"}],[{\"key\":\"question\",\"value\":\"Is Buying On-Line Safe?\"},{\"key\":\"answer\",\"value\":\"Art party authentic freegan semiotics jean shorts chia cred. Neutra Austin roof party Brooklyn, synth Thundercats swag 8-bit photo booth. Plaid letterpress leggings craft beer meh ethical Pinterest.\"}]]]',5,'Botble\\Ecommerce\\Models\\Product','2021-12-04 04:48:48','2021-12-04 04:48:48'),(20,'faq_schema_config','[[[{\"key\":\"question\",\"value\":\"What Shipping Methods Are Available?\"},{\"key\":\"answer\",\"value\":\"Ex Portland Pitchfork irure mustache. Eutra fap before they sold out literally. Aliquip ugh bicycle rights actually mlkshk, seitan squid craft beer tempor.\"}],[{\"key\":\"question\",\"value\":\"Do You Ship Internationally?\"},{\"key\":\"answer\",\"value\":\"Hoodie tote bag mixtape tofu. Typewriter jean shorts wolf quinoa, messenger bag organic freegan cray.\"}],[{\"key\":\"question\",\"value\":\"How Long Will It Take To Get My Package?\"},{\"key\":\"answer\",\"value\":\"Swag slow-carb quinoa VHS typewriter pork belly brunch, paleo single-origin coffee Wes Anderson. Flexitarian Pitchfork forage, literally paleo fap pour-over. Wes Anderson Pinterest YOLO fanny pack meggings, deep v XOXO chambray sustainable slow-carb raw denim church-key fap chillwave Etsy. +1 typewriter kitsch, American Apparel tofu Banksy Vice.\"}],[{\"key\":\"question\",\"value\":\"What Payment Methods Are Accepted?\"},{\"key\":\"answer\",\"value\":\"Fashion axe DIY jean shorts, swag kale chips meh polaroid kogi butcher Wes Anderson chambray next level semiotics gentrify yr. Voluptate photo booth fugiat Vice. Austin sed Williamsburg, ea labore raw denim voluptate cred proident mixtape excepteur mustache. Twee chia photo booth readymade food truck, hoodie roof party swag keytar PBR DIY.\"}],[{\"key\":\"question\",\"value\":\"Is Buying On-Line Safe?\"},{\"key\":\"answer\",\"value\":\"Art party authentic freegan semiotics jean shorts chia cred. Neutra Austin roof party Brooklyn, synth Thundercats swag 8-bit photo booth. Plaid letterpress leggings craft beer meh ethical Pinterest.\"}]]]',6,'Botble\\Ecommerce\\Models\\Product','2021-12-04 04:48:48','2021-12-04 04:48:48'),(21,'faq_schema_config','[[[{\"key\":\"question\",\"value\":\"What Shipping Methods Are Available?\"},{\"key\":\"answer\",\"value\":\"Ex Portland Pitchfork irure mustache. Eutra fap before they sold out literally. Aliquip ugh bicycle rights actually mlkshk, seitan squid craft beer tempor.\"}],[{\"key\":\"question\",\"value\":\"Do You Ship Internationally?\"},{\"key\":\"answer\",\"value\":\"Hoodie tote bag mixtape tofu. Typewriter jean shorts wolf quinoa, messenger bag organic freegan cray.\"}],[{\"key\":\"question\",\"value\":\"How Long Will It Take To Get My Package?\"},{\"key\":\"answer\",\"value\":\"Swag slow-carb quinoa VHS typewriter pork belly brunch, paleo single-origin coffee Wes Anderson. Flexitarian Pitchfork forage, literally paleo fap pour-over. Wes Anderson Pinterest YOLO fanny pack meggings, deep v XOXO chambray sustainable slow-carb raw denim church-key fap chillwave Etsy. +1 typewriter kitsch, American Apparel tofu Banksy Vice.\"}],[{\"key\":\"question\",\"value\":\"What Payment Methods Are Accepted?\"},{\"key\":\"answer\",\"value\":\"Fashion axe DIY jean shorts, swag kale chips meh polaroid kogi butcher Wes Anderson chambray next level semiotics gentrify yr. Voluptate photo booth fugiat Vice. Austin sed Williamsburg, ea labore raw denim voluptate cred proident mixtape excepteur mustache. Twee chia photo booth readymade food truck, hoodie roof party swag keytar PBR DIY.\"}],[{\"key\":\"question\",\"value\":\"Is Buying On-Line Safe?\"},{\"key\":\"answer\",\"value\":\"Art party authentic freegan semiotics jean shorts chia cred. Neutra Austin roof party Brooklyn, synth Thundercats swag 8-bit photo booth. Plaid letterpress leggings craft beer meh ethical Pinterest.\"}]]]',7,'Botble\\Ecommerce\\Models\\Product','2021-12-04 04:48:48','2021-12-04 04:48:48'),(22,'faq_schema_config','[[[{\"key\":\"question\",\"value\":\"What Shipping Methods Are Available?\"},{\"key\":\"answer\",\"value\":\"Ex Portland Pitchfork irure mustache. Eutra fap before they sold out literally. Aliquip ugh bicycle rights actually mlkshk, seitan squid craft beer tempor.\"}],[{\"key\":\"question\",\"value\":\"Do You Ship Internationally?\"},{\"key\":\"answer\",\"value\":\"Hoodie tote bag mixtape tofu. Typewriter jean shorts wolf quinoa, messenger bag organic freegan cray.\"}],[{\"key\":\"question\",\"value\":\"How Long Will It Take To Get My Package?\"},{\"key\":\"answer\",\"value\":\"Swag slow-carb quinoa VHS typewriter pork belly brunch, paleo single-origin coffee Wes Anderson. Flexitarian Pitchfork forage, literally paleo fap pour-over. Wes Anderson Pinterest YOLO fanny pack meggings, deep v XOXO chambray sustainable slow-carb raw denim church-key fap chillwave Etsy. +1 typewriter kitsch, American Apparel tofu Banksy Vice.\"}],[{\"key\":\"question\",\"value\":\"What Payment Methods Are Accepted?\"},{\"key\":\"answer\",\"value\":\"Fashion axe DIY jean shorts, swag kale chips meh polaroid kogi butcher Wes Anderson chambray next level semiotics gentrify yr. Voluptate photo booth fugiat Vice. Austin sed Williamsburg, ea labore raw denim voluptate cred proident mixtape excepteur mustache. Twee chia photo booth readymade food truck, hoodie roof party swag keytar PBR DIY.\"}],[{\"key\":\"question\",\"value\":\"Is Buying On-Line Safe?\"},{\"key\":\"answer\",\"value\":\"Art party authentic freegan semiotics jean shorts chia cred. Neutra Austin roof party Brooklyn, synth Thundercats swag 8-bit photo booth. Plaid letterpress leggings craft beer meh ethical Pinterest.\"}]]]',8,'Botble\\Ecommerce\\Models\\Product','2021-12-04 04:48:48','2021-12-04 04:48:48'),(23,'faq_schema_config','[[[{\"key\":\"question\",\"value\":\"What Shipping Methods Are Available?\"},{\"key\":\"answer\",\"value\":\"Ex Portland Pitchfork irure mustache. Eutra fap before they sold out literally. Aliquip ugh bicycle rights actually mlkshk, seitan squid craft beer tempor.\"}],[{\"key\":\"question\",\"value\":\"Do You Ship Internationally?\"},{\"key\":\"answer\",\"value\":\"Hoodie tote bag mixtape tofu. Typewriter jean shorts wolf quinoa, messenger bag organic freegan cray.\"}],[{\"key\":\"question\",\"value\":\"How Long Will It Take To Get My Package?\"},{\"key\":\"answer\",\"value\":\"Swag slow-carb quinoa VHS typewriter pork belly brunch, paleo single-origin coffee Wes Anderson. Flexitarian Pitchfork forage, literally paleo fap pour-over. Wes Anderson Pinterest YOLO fanny pack meggings, deep v XOXO chambray sustainable slow-carb raw denim church-key fap chillwave Etsy. +1 typewriter kitsch, American Apparel tofu Banksy Vice.\"}],[{\"key\":\"question\",\"value\":\"What Payment Methods Are Accepted?\"},{\"key\":\"answer\",\"value\":\"Fashion axe DIY jean shorts, swag kale chips meh polaroid kogi butcher Wes Anderson chambray next level semiotics gentrify yr. Voluptate photo booth fugiat Vice. Austin sed Williamsburg, ea labore raw denim voluptate cred proident mixtape excepteur mustache. Twee chia photo booth readymade food truck, hoodie roof party swag keytar PBR DIY.\"}],[{\"key\":\"question\",\"value\":\"Is Buying On-Line Safe?\"},{\"key\":\"answer\",\"value\":\"Art party authentic freegan semiotics jean shorts chia cred. Neutra Austin roof party Brooklyn, synth Thundercats swag 8-bit photo booth. Plaid letterpress leggings craft beer meh ethical Pinterest.\"}]]]',9,'Botble\\Ecommerce\\Models\\Product','2021-12-04 04:48:48','2021-12-04 04:48:48'),(24,'faq_schema_config','[[[{\"key\":\"question\",\"value\":\"What Shipping Methods Are Available?\"},{\"key\":\"answer\",\"value\":\"Ex Portland Pitchfork irure mustache. Eutra fap before they sold out literally. Aliquip ugh bicycle rights actually mlkshk, seitan squid craft beer tempor.\"}],[{\"key\":\"question\",\"value\":\"Do You Ship Internationally?\"},{\"key\":\"answer\",\"value\":\"Hoodie tote bag mixtape tofu. Typewriter jean shorts wolf quinoa, messenger bag organic freegan cray.\"}],[{\"key\":\"question\",\"value\":\"How Long Will It Take To Get My Package?\"},{\"key\":\"answer\",\"value\":\"Swag slow-carb quinoa VHS typewriter pork belly brunch, paleo single-origin coffee Wes Anderson. Flexitarian Pitchfork forage, literally paleo fap pour-over. Wes Anderson Pinterest YOLO fanny pack meggings, deep v XOXO chambray sustainable slow-carb raw denim church-key fap chillwave Etsy. +1 typewriter kitsch, American Apparel tofu Banksy Vice.\"}],[{\"key\":\"question\",\"value\":\"What Payment Methods Are Accepted?\"},{\"key\":\"answer\",\"value\":\"Fashion axe DIY jean shorts, swag kale chips meh polaroid kogi butcher Wes Anderson chambray next level semiotics gentrify yr. Voluptate photo booth fugiat Vice. Austin sed Williamsburg, ea labore raw denim voluptate cred proident mixtape excepteur mustache. Twee chia photo booth readymade food truck, hoodie roof party swag keytar PBR DIY.\"}],[{\"key\":\"question\",\"value\":\"Is Buying On-Line Safe?\"},{\"key\":\"answer\",\"value\":\"Art party authentic freegan semiotics jean shorts chia cred. Neutra Austin roof party Brooklyn, synth Thundercats swag 8-bit photo booth. Plaid letterpress leggings craft beer meh ethical Pinterest.\"}]]]',10,'Botble\\Ecommerce\\Models\\Product','2021-12-04 04:48:48','2021-12-04 04:48:48'),(25,'faq_schema_config','[[[{\"key\":\"question\",\"value\":\"What Shipping Methods Are Available?\"},{\"key\":\"answer\",\"value\":\"Ex Portland Pitchfork irure mustache. Eutra fap before they sold out literally. Aliquip ugh bicycle rights actually mlkshk, seitan squid craft beer tempor.\"}],[{\"key\":\"question\",\"value\":\"Do You Ship Internationally?\"},{\"key\":\"answer\",\"value\":\"Hoodie tote bag mixtape tofu. Typewriter jean shorts wolf quinoa, messenger bag organic freegan cray.\"}],[{\"key\":\"question\",\"value\":\"How Long Will It Take To Get My Package?\"},{\"key\":\"answer\",\"value\":\"Swag slow-carb quinoa VHS typewriter pork belly brunch, paleo single-origin coffee Wes Anderson. Flexitarian Pitchfork forage, literally paleo fap pour-over. Wes Anderson Pinterest YOLO fanny pack meggings, deep v XOXO chambray sustainable slow-carb raw denim church-key fap chillwave Etsy. +1 typewriter kitsch, American Apparel tofu Banksy Vice.\"}],[{\"key\":\"question\",\"value\":\"What Payment Methods Are Accepted?\"},{\"key\":\"answer\",\"value\":\"Fashion axe DIY jean shorts, swag kale chips meh polaroid kogi butcher Wes Anderson chambray next level semiotics gentrify yr. Voluptate photo booth fugiat Vice. Austin sed Williamsburg, ea labore raw denim voluptate cred proident mixtape excepteur mustache. Twee chia photo booth readymade food truck, hoodie roof party swag keytar PBR DIY.\"}],[{\"key\":\"question\",\"value\":\"Is Buying On-Line Safe?\"},{\"key\":\"answer\",\"value\":\"Art party authentic freegan semiotics jean shorts chia cred. Neutra Austin roof party Brooklyn, synth Thundercats swag 8-bit photo booth. Plaid letterpress leggings craft beer meh ethical Pinterest.\"}]]]',11,'Botble\\Ecommerce\\Models\\Product','2021-12-04 04:48:48','2021-12-04 04:48:48'),(26,'faq_schema_config','[[[{\"key\":\"question\",\"value\":\"What Shipping Methods Are Available?\"},{\"key\":\"answer\",\"value\":\"Ex Portland Pitchfork irure mustache. Eutra fap before they sold out literally. Aliquip ugh bicycle rights actually mlkshk, seitan squid craft beer tempor.\"}],[{\"key\":\"question\",\"value\":\"Do You Ship Internationally?\"},{\"key\":\"answer\",\"value\":\"Hoodie tote bag mixtape tofu. Typewriter jean shorts wolf quinoa, messenger bag organic freegan cray.\"}],[{\"key\":\"question\",\"value\":\"How Long Will It Take To Get My Package?\"},{\"key\":\"answer\",\"value\":\"Swag slow-carb quinoa VHS typewriter pork belly brunch, paleo single-origin coffee Wes Anderson. Flexitarian Pitchfork forage, literally paleo fap pour-over. Wes Anderson Pinterest YOLO fanny pack meggings, deep v XOXO chambray sustainable slow-carb raw denim church-key fap chillwave Etsy. +1 typewriter kitsch, American Apparel tofu Banksy Vice.\"}],[{\"key\":\"question\",\"value\":\"What Payment Methods Are Accepted?\"},{\"key\":\"answer\",\"value\":\"Fashion axe DIY jean shorts, swag kale chips meh polaroid kogi butcher Wes Anderson chambray next level semiotics gentrify yr. Voluptate photo booth fugiat Vice. Austin sed Williamsburg, ea labore raw denim voluptate cred proident mixtape excepteur mustache. Twee chia photo booth readymade food truck, hoodie roof party swag keytar PBR DIY.\"}],[{\"key\":\"question\",\"value\":\"Is Buying On-Line Safe?\"},{\"key\":\"answer\",\"value\":\"Art party authentic freegan semiotics jean shorts chia cred. Neutra Austin roof party Brooklyn, synth Thundercats swag 8-bit photo booth. Plaid letterpress leggings craft beer meh ethical Pinterest.\"}]]]',12,'Botble\\Ecommerce\\Models\\Product','2021-12-04 04:48:49','2021-12-04 04:48:49'),(27,'faq_schema_config','[[[{\"key\":\"question\",\"value\":\"What Shipping Methods Are Available?\"},{\"key\":\"answer\",\"value\":\"Ex Portland Pitchfork irure mustache. Eutra fap before they sold out literally. Aliquip ugh bicycle rights actually mlkshk, seitan squid craft beer tempor.\"}],[{\"key\":\"question\",\"value\":\"Do You Ship Internationally?\"},{\"key\":\"answer\",\"value\":\"Hoodie tote bag mixtape tofu. Typewriter jean shorts wolf quinoa, messenger bag organic freegan cray.\"}],[{\"key\":\"question\",\"value\":\"How Long Will It Take To Get My Package?\"},{\"key\":\"answer\",\"value\":\"Swag slow-carb quinoa VHS typewriter pork belly brunch, paleo single-origin coffee Wes Anderson. Flexitarian Pitchfork forage, literally paleo fap pour-over. Wes Anderson Pinterest YOLO fanny pack meggings, deep v XOXO chambray sustainable slow-carb raw denim church-key fap chillwave Etsy. +1 typewriter kitsch, American Apparel tofu Banksy Vice.\"}],[{\"key\":\"question\",\"value\":\"What Payment Methods Are Accepted?\"},{\"key\":\"answer\",\"value\":\"Fashion axe DIY jean shorts, swag kale chips meh polaroid kogi butcher Wes Anderson chambray next level semiotics gentrify yr. Voluptate photo booth fugiat Vice. Austin sed Williamsburg, ea labore raw denim voluptate cred proident mixtape excepteur mustache. Twee chia photo booth readymade food truck, hoodie roof party swag keytar PBR DIY.\"}],[{\"key\":\"question\",\"value\":\"Is Buying On-Line Safe?\"},{\"key\":\"answer\",\"value\":\"Art party authentic freegan semiotics jean shorts chia cred. Neutra Austin roof party Brooklyn, synth Thundercats swag 8-bit photo booth. Plaid letterpress leggings craft beer meh ethical Pinterest.\"}]]]',13,'Botble\\Ecommerce\\Models\\Product','2021-12-04 04:48:49','2021-12-04 04:48:49'),(28,'faq_schema_config','[[[{\"key\":\"question\",\"value\":\"What Shipping Methods Are Available?\"},{\"key\":\"answer\",\"value\":\"Ex Portland Pitchfork irure mustache. Eutra fap before they sold out literally. Aliquip ugh bicycle rights actually mlkshk, seitan squid craft beer tempor.\"}],[{\"key\":\"question\",\"value\":\"Do You Ship Internationally?\"},{\"key\":\"answer\",\"value\":\"Hoodie tote bag mixtape tofu. Typewriter jean shorts wolf quinoa, messenger bag organic freegan cray.\"}],[{\"key\":\"question\",\"value\":\"How Long Will It Take To Get My Package?\"},{\"key\":\"answer\",\"value\":\"Swag slow-carb quinoa VHS typewriter pork belly brunch, paleo single-origin coffee Wes Anderson. Flexitarian Pitchfork forage, literally paleo fap pour-over. Wes Anderson Pinterest YOLO fanny pack meggings, deep v XOXO chambray sustainable slow-carb raw denim church-key fap chillwave Etsy. +1 typewriter kitsch, American Apparel tofu Banksy Vice.\"}],[{\"key\":\"question\",\"value\":\"What Payment Methods Are Accepted?\"},{\"key\":\"answer\",\"value\":\"Fashion axe DIY jean shorts, swag kale chips meh polaroid kogi butcher Wes Anderson chambray next level semiotics gentrify yr. Voluptate photo booth fugiat Vice. Austin sed Williamsburg, ea labore raw denim voluptate cred proident mixtape excepteur mustache. Twee chia photo booth readymade food truck, hoodie roof party swag keytar PBR DIY.\"}],[{\"key\":\"question\",\"value\":\"Is Buying On-Line Safe?\"},{\"key\":\"answer\",\"value\":\"Art party authentic freegan semiotics jean shorts chia cred. Neutra Austin roof party Brooklyn, synth Thundercats swag 8-bit photo booth. Plaid letterpress leggings craft beer meh ethical Pinterest.\"}]]]',14,'Botble\\Ecommerce\\Models\\Product','2021-12-04 04:48:49','2021-12-04 04:48:49'),(29,'faq_schema_config','[[[{\"key\":\"question\",\"value\":\"What Shipping Methods Are Available?\"},{\"key\":\"answer\",\"value\":\"Ex Portland Pitchfork irure mustache. Eutra fap before they sold out literally. Aliquip ugh bicycle rights actually mlkshk, seitan squid craft beer tempor.\"}],[{\"key\":\"question\",\"value\":\"Do You Ship Internationally?\"},{\"key\":\"answer\",\"value\":\"Hoodie tote bag mixtape tofu. Typewriter jean shorts wolf quinoa, messenger bag organic freegan cray.\"}],[{\"key\":\"question\",\"value\":\"How Long Will It Take To Get My Package?\"},{\"key\":\"answer\",\"value\":\"Swag slow-carb quinoa VHS typewriter pork belly brunch, paleo single-origin coffee Wes Anderson. Flexitarian Pitchfork forage, literally paleo fap pour-over. Wes Anderson Pinterest YOLO fanny pack meggings, deep v XOXO chambray sustainable slow-carb raw denim church-key fap chillwave Etsy. +1 typewriter kitsch, American Apparel tofu Banksy Vice.\"}],[{\"key\":\"question\",\"value\":\"What Payment Methods Are Accepted?\"},{\"key\":\"answer\",\"value\":\"Fashion axe DIY jean shorts, swag kale chips meh polaroid kogi butcher Wes Anderson chambray next level semiotics gentrify yr. Voluptate photo booth fugiat Vice. Austin sed Williamsburg, ea labore raw denim voluptate cred proident mixtape excepteur mustache. Twee chia photo booth readymade food truck, hoodie roof party swag keytar PBR DIY.\"}],[{\"key\":\"question\",\"value\":\"Is Buying On-Line Safe?\"},{\"key\":\"answer\",\"value\":\"Art party authentic freegan semiotics jean shorts chia cred. Neutra Austin roof party Brooklyn, synth Thundercats swag 8-bit photo booth. Plaid letterpress leggings craft beer meh ethical Pinterest.\"}]]]',15,'Botble\\Ecommerce\\Models\\Product','2021-12-04 04:48:49','2021-12-04 04:48:49'),(30,'faq_schema_config','[[[{\"key\":\"question\",\"value\":\"What Shipping Methods Are Available?\"},{\"key\":\"answer\",\"value\":\"Ex Portland Pitchfork irure mustache. Eutra fap before they sold out literally. Aliquip ugh bicycle rights actually mlkshk, seitan squid craft beer tempor.\"}],[{\"key\":\"question\",\"value\":\"Do You Ship Internationally?\"},{\"key\":\"answer\",\"value\":\"Hoodie tote bag mixtape tofu. Typewriter jean shorts wolf quinoa, messenger bag organic freegan cray.\"}],[{\"key\":\"question\",\"value\":\"How Long Will It Take To Get My Package?\"},{\"key\":\"answer\",\"value\":\"Swag slow-carb quinoa VHS typewriter pork belly brunch, paleo single-origin coffee Wes Anderson. Flexitarian Pitchfork forage, literally paleo fap pour-over. Wes Anderson Pinterest YOLO fanny pack meggings, deep v XOXO chambray sustainable slow-carb raw denim church-key fap chillwave Etsy. +1 typewriter kitsch, American Apparel tofu Banksy Vice.\"}],[{\"key\":\"question\",\"value\":\"What Payment Methods Are Accepted?\"},{\"key\":\"answer\",\"value\":\"Fashion axe DIY jean shorts, swag kale chips meh polaroid kogi butcher Wes Anderson chambray next level semiotics gentrify yr. Voluptate photo booth fugiat Vice. Austin sed Williamsburg, ea labore raw denim voluptate cred proident mixtape excepteur mustache. Twee chia photo booth readymade food truck, hoodie roof party swag keytar PBR DIY.\"}],[{\"key\":\"question\",\"value\":\"Is Buying On-Line Safe?\"},{\"key\":\"answer\",\"value\":\"Art party authentic freegan semiotics jean shorts chia cred. Neutra Austin roof party Brooklyn, synth Thundercats swag 8-bit photo booth. Plaid letterpress leggings craft beer meh ethical Pinterest.\"}]]]',16,'Botble\\Ecommerce\\Models\\Product','2021-12-04 04:48:49','2021-12-04 04:48:49'),(31,'faq_schema_config','[[[{\"key\":\"question\",\"value\":\"What Shipping Methods Are Available?\"},{\"key\":\"answer\",\"value\":\"Ex Portland Pitchfork irure mustache. Eutra fap before they sold out literally. Aliquip ugh bicycle rights actually mlkshk, seitan squid craft beer tempor.\"}],[{\"key\":\"question\",\"value\":\"Do You Ship Internationally?\"},{\"key\":\"answer\",\"value\":\"Hoodie tote bag mixtape tofu. Typewriter jean shorts wolf quinoa, messenger bag organic freegan cray.\"}],[{\"key\":\"question\",\"value\":\"How Long Will It Take To Get My Package?\"},{\"key\":\"answer\",\"value\":\"Swag slow-carb quinoa VHS typewriter pork belly brunch, paleo single-origin coffee Wes Anderson. Flexitarian Pitchfork forage, literally paleo fap pour-over. Wes Anderson Pinterest YOLO fanny pack meggings, deep v XOXO chambray sustainable slow-carb raw denim church-key fap chillwave Etsy. +1 typewriter kitsch, American Apparel tofu Banksy Vice.\"}],[{\"key\":\"question\",\"value\":\"What Payment Methods Are Accepted?\"},{\"key\":\"answer\",\"value\":\"Fashion axe DIY jean shorts, swag kale chips meh polaroid kogi butcher Wes Anderson chambray next level semiotics gentrify yr. Voluptate photo booth fugiat Vice. Austin sed Williamsburg, ea labore raw denim voluptate cred proident mixtape excepteur mustache. Twee chia photo booth readymade food truck, hoodie roof party swag keytar PBR DIY.\"}],[{\"key\":\"question\",\"value\":\"Is Buying On-Line Safe?\"},{\"key\":\"answer\",\"value\":\"Art party authentic freegan semiotics jean shorts chia cred. Neutra Austin roof party Brooklyn, synth Thundercats swag 8-bit photo booth. Plaid letterpress leggings craft beer meh ethical Pinterest.\"}]]]',17,'Botble\\Ecommerce\\Models\\Product','2021-12-04 04:48:49','2021-12-04 04:48:49'),(32,'faq_schema_config','[[[{\"key\":\"question\",\"value\":\"What Shipping Methods Are Available?\"},{\"key\":\"answer\",\"value\":\"Ex Portland Pitchfork irure mustache. Eutra fap before they sold out literally. Aliquip ugh bicycle rights actually mlkshk, seitan squid craft beer tempor.\"}],[{\"key\":\"question\",\"value\":\"Do You Ship Internationally?\"},{\"key\":\"answer\",\"value\":\"Hoodie tote bag mixtape tofu. Typewriter jean shorts wolf quinoa, messenger bag organic freegan cray.\"}],[{\"key\":\"question\",\"value\":\"How Long Will It Take To Get My Package?\"},{\"key\":\"answer\",\"value\":\"Swag slow-carb quinoa VHS typewriter pork belly brunch, paleo single-origin coffee Wes Anderson. Flexitarian Pitchfork forage, literally paleo fap pour-over. Wes Anderson Pinterest YOLO fanny pack meggings, deep v XOXO chambray sustainable slow-carb raw denim church-key fap chillwave Etsy. +1 typewriter kitsch, American Apparel tofu Banksy Vice.\"}],[{\"key\":\"question\",\"value\":\"What Payment Methods Are Accepted?\"},{\"key\":\"answer\",\"value\":\"Fashion axe DIY jean shorts, swag kale chips meh polaroid kogi butcher Wes Anderson chambray next level semiotics gentrify yr. Voluptate photo booth fugiat Vice. Austin sed Williamsburg, ea labore raw denim voluptate cred proident mixtape excepteur mustache. Twee chia photo booth readymade food truck, hoodie roof party swag keytar PBR DIY.\"}],[{\"key\":\"question\",\"value\":\"Is Buying On-Line Safe?\"},{\"key\":\"answer\",\"value\":\"Art party authentic freegan semiotics jean shorts chia cred. Neutra Austin roof party Brooklyn, synth Thundercats swag 8-bit photo booth. Plaid letterpress leggings craft beer meh ethical Pinterest.\"}]]]',18,'Botble\\Ecommerce\\Models\\Product','2021-12-04 04:48:49','2021-12-04 04:48:49'),(33,'faq_schema_config','[[[{\"key\":\"question\",\"value\":\"What Shipping Methods Are Available?\"},{\"key\":\"answer\",\"value\":\"Ex Portland Pitchfork irure mustache. Eutra fap before they sold out literally. Aliquip ugh bicycle rights actually mlkshk, seitan squid craft beer tempor.\"}],[{\"key\":\"question\",\"value\":\"Do You Ship Internationally?\"},{\"key\":\"answer\",\"value\":\"Hoodie tote bag mixtape tofu. Typewriter jean shorts wolf quinoa, messenger bag organic freegan cray.\"}],[{\"key\":\"question\",\"value\":\"How Long Will It Take To Get My Package?\"},{\"key\":\"answer\",\"value\":\"Swag slow-carb quinoa VHS typewriter pork belly brunch, paleo single-origin coffee Wes Anderson. Flexitarian Pitchfork forage, literally paleo fap pour-over. Wes Anderson Pinterest YOLO fanny pack meggings, deep v XOXO chambray sustainable slow-carb raw denim church-key fap chillwave Etsy. +1 typewriter kitsch, American Apparel tofu Banksy Vice.\"}],[{\"key\":\"question\",\"value\":\"What Payment Methods Are Accepted?\"},{\"key\":\"answer\",\"value\":\"Fashion axe DIY jean shorts, swag kale chips meh polaroid kogi butcher Wes Anderson chambray next level semiotics gentrify yr. Voluptate photo booth fugiat Vice. Austin sed Williamsburg, ea labore raw denim voluptate cred proident mixtape excepteur mustache. Twee chia photo booth readymade food truck, hoodie roof party swag keytar PBR DIY.\"}],[{\"key\":\"question\",\"value\":\"Is Buying On-Line Safe?\"},{\"key\":\"answer\",\"value\":\"Art party authentic freegan semiotics jean shorts chia cred. Neutra Austin roof party Brooklyn, synth Thundercats swag 8-bit photo booth. Plaid letterpress leggings craft beer meh ethical Pinterest.\"}]]]',19,'Botble\\Ecommerce\\Models\\Product','2021-12-04 04:48:49','2021-12-04 04:48:49'),(34,'faq_schema_config','[[[{\"key\":\"question\",\"value\":\"What Shipping Methods Are Available?\"},{\"key\":\"answer\",\"value\":\"Ex Portland Pitchfork irure mustache. Eutra fap before they sold out literally. Aliquip ugh bicycle rights actually mlkshk, seitan squid craft beer tempor.\"}],[{\"key\":\"question\",\"value\":\"Do You Ship Internationally?\"},{\"key\":\"answer\",\"value\":\"Hoodie tote bag mixtape tofu. Typewriter jean shorts wolf quinoa, messenger bag organic freegan cray.\"}],[{\"key\":\"question\",\"value\":\"How Long Will It Take To Get My Package?\"},{\"key\":\"answer\",\"value\":\"Swag slow-carb quinoa VHS typewriter pork belly brunch, paleo single-origin coffee Wes Anderson. Flexitarian Pitchfork forage, literally paleo fap pour-over. Wes Anderson Pinterest YOLO fanny pack meggings, deep v XOXO chambray sustainable slow-carb raw denim church-key fap chillwave Etsy. +1 typewriter kitsch, American Apparel tofu Banksy Vice.\"}],[{\"key\":\"question\",\"value\":\"What Payment Methods Are Accepted?\"},{\"key\":\"answer\",\"value\":\"Fashion axe DIY jean shorts, swag kale chips meh polaroid kogi butcher Wes Anderson chambray next level semiotics gentrify yr. Voluptate photo booth fugiat Vice. Austin sed Williamsburg, ea labore raw denim voluptate cred proident mixtape excepteur mustache. Twee chia photo booth readymade food truck, hoodie roof party swag keytar PBR DIY.\"}],[{\"key\":\"question\",\"value\":\"Is Buying On-Line Safe?\"},{\"key\":\"answer\",\"value\":\"Art party authentic freegan semiotics jean shorts chia cred. Neutra Austin roof party Brooklyn, synth Thundercats swag 8-bit photo booth. Plaid letterpress leggings craft beer meh ethical Pinterest.\"}]]]',20,'Botble\\Ecommerce\\Models\\Product','2021-12-04 04:48:49','2021-12-04 04:48:49'),(35,'faq_schema_config','[[[{\"key\":\"question\",\"value\":\"What Shipping Methods Are Available?\"},{\"key\":\"answer\",\"value\":\"Ex Portland Pitchfork irure mustache. Eutra fap before they sold out literally. Aliquip ugh bicycle rights actually mlkshk, seitan squid craft beer tempor.\"}],[{\"key\":\"question\",\"value\":\"Do You Ship Internationally?\"},{\"key\":\"answer\",\"value\":\"Hoodie tote bag mixtape tofu. Typewriter jean shorts wolf quinoa, messenger bag organic freegan cray.\"}],[{\"key\":\"question\",\"value\":\"How Long Will It Take To Get My Package?\"},{\"key\":\"answer\",\"value\":\"Swag slow-carb quinoa VHS typewriter pork belly brunch, paleo single-origin coffee Wes Anderson. Flexitarian Pitchfork forage, literally paleo fap pour-over. Wes Anderson Pinterest YOLO fanny pack meggings, deep v XOXO chambray sustainable slow-carb raw denim church-key fap chillwave Etsy. +1 typewriter kitsch, American Apparel tofu Banksy Vice.\"}],[{\"key\":\"question\",\"value\":\"What Payment Methods Are Accepted?\"},{\"key\":\"answer\",\"value\":\"Fashion axe DIY jean shorts, swag kale chips meh polaroid kogi butcher Wes Anderson chambray next level semiotics gentrify yr. Voluptate photo booth fugiat Vice. Austin sed Williamsburg, ea labore raw denim voluptate cred proident mixtape excepteur mustache. Twee chia photo booth readymade food truck, hoodie roof party swag keytar PBR DIY.\"}],[{\"key\":\"question\",\"value\":\"Is Buying On-Line Safe?\"},{\"key\":\"answer\",\"value\":\"Art party authentic freegan semiotics jean shorts chia cred. Neutra Austin roof party Brooklyn, synth Thundercats swag 8-bit photo booth. Plaid letterpress leggings craft beer meh ethical Pinterest.\"}]]]',21,'Botble\\Ecommerce\\Models\\Product','2021-12-04 04:48:49','2021-12-04 04:48:49'),(36,'faq_schema_config','[[[{\"key\":\"question\",\"value\":\"What Shipping Methods Are Available?\"},{\"key\":\"answer\",\"value\":\"Ex Portland Pitchfork irure mustache. Eutra fap before they sold out literally. Aliquip ugh bicycle rights actually mlkshk, seitan squid craft beer tempor.\"}],[{\"key\":\"question\",\"value\":\"Do You Ship Internationally?\"},{\"key\":\"answer\",\"value\":\"Hoodie tote bag mixtape tofu. Typewriter jean shorts wolf quinoa, messenger bag organic freegan cray.\"}],[{\"key\":\"question\",\"value\":\"How Long Will It Take To Get My Package?\"},{\"key\":\"answer\",\"value\":\"Swag slow-carb quinoa VHS typewriter pork belly brunch, paleo single-origin coffee Wes Anderson. Flexitarian Pitchfork forage, literally paleo fap pour-over. Wes Anderson Pinterest YOLO fanny pack meggings, deep v XOXO chambray sustainable slow-carb raw denim church-key fap chillwave Etsy. +1 typewriter kitsch, American Apparel tofu Banksy Vice.\"}],[{\"key\":\"question\",\"value\":\"What Payment Methods Are Accepted?\"},{\"key\":\"answer\",\"value\":\"Fashion axe DIY jean shorts, swag kale chips meh polaroid kogi butcher Wes Anderson chambray next level semiotics gentrify yr. Voluptate photo booth fugiat Vice. Austin sed Williamsburg, ea labore raw denim voluptate cred proident mixtape excepteur mustache. Twee chia photo booth readymade food truck, hoodie roof party swag keytar PBR DIY.\"}],[{\"key\":\"question\",\"value\":\"Is Buying On-Line Safe?\"},{\"key\":\"answer\",\"value\":\"Art party authentic freegan semiotics jean shorts chia cred. Neutra Austin roof party Brooklyn, synth Thundercats swag 8-bit photo booth. Plaid letterpress leggings craft beer meh ethical Pinterest.\"}]]]',22,'Botble\\Ecommerce\\Models\\Product','2021-12-04 04:48:49','2021-12-04 04:48:49'),(37,'faq_schema_config','[[[{\"key\":\"question\",\"value\":\"What Shipping Methods Are Available?\"},{\"key\":\"answer\",\"value\":\"Ex Portland Pitchfork irure mustache. Eutra fap before they sold out literally. Aliquip ugh bicycle rights actually mlkshk, seitan squid craft beer tempor.\"}],[{\"key\":\"question\",\"value\":\"Do You Ship Internationally?\"},{\"key\":\"answer\",\"value\":\"Hoodie tote bag mixtape tofu. Typewriter jean shorts wolf quinoa, messenger bag organic freegan cray.\"}],[{\"key\":\"question\",\"value\":\"How Long Will It Take To Get My Package?\"},{\"key\":\"answer\",\"value\":\"Swag slow-carb quinoa VHS typewriter pork belly brunch, paleo single-origin coffee Wes Anderson. Flexitarian Pitchfork forage, literally paleo fap pour-over. Wes Anderson Pinterest YOLO fanny pack meggings, deep v XOXO chambray sustainable slow-carb raw denim church-key fap chillwave Etsy. +1 typewriter kitsch, American Apparel tofu Banksy Vice.\"}],[{\"key\":\"question\",\"value\":\"What Payment Methods Are Accepted?\"},{\"key\":\"answer\",\"value\":\"Fashion axe DIY jean shorts, swag kale chips meh polaroid kogi butcher Wes Anderson chambray next level semiotics gentrify yr. Voluptate photo booth fugiat Vice. Austin sed Williamsburg, ea labore raw denim voluptate cred proident mixtape excepteur mustache. Twee chia photo booth readymade food truck, hoodie roof party swag keytar PBR DIY.\"}],[{\"key\":\"question\",\"value\":\"Is Buying On-Line Safe?\"},{\"key\":\"answer\",\"value\":\"Art party authentic freegan semiotics jean shorts chia cred. Neutra Austin roof party Brooklyn, synth Thundercats swag 8-bit photo booth. Plaid letterpress leggings craft beer meh ethical Pinterest.\"}]]]',23,'Botble\\Ecommerce\\Models\\Product','2021-12-04 04:48:49','2021-12-04 04:48:49');
/*!40000 ALTER TABLE `meta_boxes` ENABLE KEYS */;
UNLOCK TABLES;

--
-- Table structure for table `migrations`
--

DROP TABLE IF EXISTS `migrations`;
/*!40101 SET @saved_cs_client     = @@character_set_client */;
/*!40101 SET character_set_client = utf8 */;
CREATE TABLE `migrations` (
  `id` int(10) unsigned NOT NULL AUTO_INCREMENT,
  `migration` varchar(191) COLLATE utf8mb4_unicode_ci NOT NULL,
  `batch` int(11) NOT NULL,
  PRIMARY KEY (`id`)
) ENGINE=InnoDB AUTO_INCREMENT=69 DEFAULT CHARSET=utf8mb4 COLLATE=utf8mb4_unicode_ci;
/*!40101 SET character_set_client = @saved_cs_client */;

--
-- Dumping data for table `migrations`
--

LOCK TABLES `migrations` WRITE;
/*!40000 ALTER TABLE `migrations` DISABLE KEYS */;
INSERT INTO `migrations` VALUES (1,'2013_04_09_032329_create_base_tables',1),(2,'2013_04_09_062329_create_revisions_table',1),(3,'2014_10_12_000000_create_users_table',1),(4,'2014_10_12_100000_create_password_resets_table',1),(5,'2015_06_18_033822_create_blog_table',1),(6,'2015_06_29_025744_create_audit_history',1),(7,'2016_06_10_230148_create_acl_tables',1),(8,'2016_06_14_230857_create_menus_table',1),(9,'2016_06_17_091537_create_contacts_table',1),(10,'2016_06_28_221418_create_pages_table',1),(11,'2016_10_03_032336_create_languages_table',1),(12,'2016_10_05_074239_create_setting_table',1),(13,'2016_10_07_193005_create_translations_table',1),(14,'2016_11_28_032840_create_dashboard_widget_tables',1),(15,'2016_12_16_084601_create_widgets_table',1),(16,'2017_05_09_070343_create_media_tables',1),(17,'2017_05_18_080441_create_payment_tables',1),(18,'2017_07_11_140018_create_simple_slider_table',1),(19,'2017_10_24_154832_create_newsletter_table',1),(20,'2017_11_03_070450_create_slug_table',1),(21,'2018_07_09_221238_create_faq_table',1),(22,'2019_01_05_053554_create_jobs_table',1),(23,'2019_08_19_000000_create_failed_jobs_table',1),(24,'2020_03_05_041139_create_ecommerce_tables',1),(25,'2020_09_22_135635_update_taxes_table',1),(26,'2020_09_29_101006_add_views_into_ec_products_table',1),(27,'2020_10_01_152311_make_column_image_in_product_attributes_table_nullable',1),(28,'2020_10_06_073439_improve_ecommerce_database',1),(29,'2020_11_01_040415_update_table_ec_order_addresses',1),(30,'2020_11_04_091510_make_column_phone_in_order_addresses_nullable',1),(31,'2020_11_18_150916_ads_create_ads_table',1),(32,'2020_11_30_015801_update_table_ec_product_categories',1),(33,'2021_01_01_044147_ecommerce_create_flash_sale_table',1),(34,'2021_01_17_082713_add_column_is_featured_to_product_collections_table',1),(35,'2021_01_18_024333_add_zip_code_into_table_customer_addresses',1),(36,'2021_02_16_092633_remove_default_value_for_author_type',1),(37,'2021_02_18_073505_update_table_ec_reviews',1),(38,'2021_03_10_024419_add_column_confirmed_at_to_table_ec_customers',1),(39,'2021_03_10_025153_change_column_tax_amount',1),(40,'2021_03_20_033103_add_column_availability_to_table_ec_products',1),(41,'2021_03_27_144913_add_customer_type_into_table_payments',1),(42,'2021_04_28_074008_ecommerce_create_product_label_table',1),(43,'2021_05_24_034720_make_column_currency_nullable',1),(44,'2021_05_31_173037_ecommerce_create_ec_products_translations',1),(45,'2021_06_28_153141_correct_slugs_data',1),(46,'2021_07_06_030002_create_marketplace_table',1),(47,'2021_08_02_084121_fix_old_shortcode',1),(48,'2021_08_09_161302_add_metadata_column_to_payments_table',1),(49,'2021_08_17_105016_remove_column_currency_id_in_some_tables',1),(50,'2021_08_30_142128_add_images_column_to_ec_reviews_table',1),(51,'2021_09_01_115151_remove_unused_fields_in_ec_products',1),(52,'2021_09_04_150137_add_vendor_verified_at_to_ec_customers_table',1),(53,'2021_10_04_030050_add_column_created_by_to_table_ec_products',1),(54,'2021_10_04_033903_add_column_approved_by_into_table_ec_products',1),(55,'2021_10_05_122616_add_status_column_to_ec_customers_table',1),(56,'2021_10_06_124943_add_transaction_id_column_to_mp_customer_withdrawals_table',1),(57,'2021_10_10_054216_add_columns_to_mp_customer_revenues_table',1),(58,'2021_10_19_020859_update_metadata_field',1),(59,'2021_10_25_021023_fix-priority-load-for-language-advanced',1),(60,'2021_11_03_025806_nullable_phone_number_in_ec_customer_addresses',1),(61,'2021_11_23_071403_correct_languages_for_product_variations',1),(62,'2021_11_28_031808_add_product_tags_translations',1),(63,'2021_12_01_031123_add_featured_image_to_ec_products',1),(64,'2021_12_02_035301_add_ads_translations_table',1),(65,'2021_12_03_030600_create_blog_translations',1),(66,'2021_12_03_075608_create_page_translations',1),(67,'2021_12_03_082134_create_faq_translations',1),(68,'2021_12_06_031304_update_table_mp_customer_revenues',2);
/*!40000 ALTER TABLE `migrations` ENABLE KEYS */;
UNLOCK TABLES;

--
-- Table structure for table `mp_customer_revenues`
--

DROP TABLE IF EXISTS `mp_customer_revenues`;
/*!40101 SET @saved_cs_client     = @@character_set_client */;
/*!40101 SET character_set_client = utf8 */;
CREATE TABLE `mp_customer_revenues` (
  `id` bigint(20) unsigned NOT NULL AUTO_INCREMENT,
  `customer_id` int(10) unsigned DEFAULT NULL,
  `order_id` int(10) unsigned DEFAULT NULL,
  `sub_amount` decimal(15,2) DEFAULT 0.00,
  `fee` decimal(15,2) unsigned DEFAULT 0.00,
  `amount` decimal(15,2) DEFAULT 0.00,
  `current_balance` decimal(15,2) DEFAULT 0.00,
  `currency` varchar(120) COLLATE utf8mb4_unicode_ci DEFAULT NULL,
  `description` text COLLATE utf8mb4_unicode_ci DEFAULT NULL,
  `created_at` timestamp NULL DEFAULT NULL,
  `updated_at` timestamp NULL DEFAULT NULL,
  `user_id` int(10) unsigned NOT NULL DEFAULT 0,
  `type` varchar(60) COLLATE utf8mb4_unicode_ci DEFAULT NULL,
  PRIMARY KEY (`id`)
) ENGINE=InnoDB AUTO_INCREMENT=28 DEFAULT CHARSET=utf8mb4 COLLATE=utf8mb4_unicode_ci;
/*!40101 SET character_set_client = @saved_cs_client */;

--
-- Dumping data for table `mp_customer_revenues`
--

LOCK TABLES `mp_customer_revenues` WRITE;
/*!40000 ALTER TABLE `mp_customer_revenues` DISABLE KEYS */;
INSERT INTO `mp_customer_revenues` VALUES (1,2,1,1246.20,0.00,1246.20,0.00,'USD',NULL,'2021-12-03 00:49:08','2021-12-03 00:49:08',0,NULL),(2,9,2,2966.10,0.00,2966.10,0.00,'USD',NULL,'2021-12-03 04:49:09','2021-12-03 04:49:09',0,NULL),(3,4,4,44.55,0.00,44.55,0.00,'USD',NULL,'2021-11-30 10:49:09','2021-11-30 10:49:09',0,NULL),(4,2,7,844.20,0.00,844.20,1246.20,'USD',NULL,'2021-11-29 12:49:09','2021-11-29 12:49:09',0,NULL),(5,4,10,3620.80,0.00,3620.80,44.55,'USD',NULL,'2021-11-29 14:49:09','2021-11-29 14:49:09',0,NULL),(6,3,11,168.53,0.00,168.53,0.00,'USD',NULL,'2021-11-25 04:49:09','2021-11-25 04:49:09',0,NULL),(7,2,12,1246.20,0.00,1246.20,2090.40,'USD',NULL,'2021-11-24 10:49:09','2021-11-24 10:49:09',0,NULL),(8,8,13,6458.40,0.00,6458.40,0.00,'USD',NULL,'2021-11-30 16:49:10','2021-11-30 16:49:10',0,NULL),(9,9,15,1134.00,0.00,1134.00,2966.10,'USD',NULL,'2021-11-27 12:49:10','2021-11-27 12:49:10',0,NULL),(10,4,16,3705.85,0.00,3705.85,3665.35,'USD',NULL,'2021-11-29 22:49:10','2021-11-29 22:49:10',0,NULL),(11,3,17,1205.40,0.00,1205.40,168.53,'USD',NULL,'2021-11-26 16:49:10','2021-11-26 16:49:10',0,NULL),(12,2,18,872.30,0.00,872.30,3336.60,'USD',NULL,'2021-12-02 14:49:10','2021-12-02 14:49:10',0,NULL),(13,9,24,3267.40,0.00,3267.40,4100.10,'USD',NULL,'2021-11-30 00:49:10','2021-11-30 00:49:10',0,NULL),(14,2,25,1246.20,0.00,1246.20,4208.90,'USD',NULL,'2021-11-16 20:49:10','2021-11-16 20:49:10',0,NULL),(15,4,26,1284.80,0.00,1284.80,7371.20,'USD',NULL,'2021-11-18 10:49:11','2021-11-18 10:49:11',0,NULL),(16,3,27,565.40,0.00,565.40,1373.93,'USD',NULL,'2021-11-10 20:49:11','2021-11-10 20:49:11',0,NULL),(17,8,33,2123.50,0.00,2123.50,6458.40,'USD',NULL,'2021-11-05 20:49:11','2021-11-05 20:49:11',0,NULL),(18,3,36,1079.40,0.00,1079.40,1939.33,'USD',NULL,'2021-11-15 16:49:11','2021-11-15 16:49:11',0,NULL),(19,3,37,1188.60,0.00,1188.60,3018.73,'USD',NULL,'2021-12-01 00:49:11','2021-12-01 00:49:11',0,NULL),(20,9,41,4537.50,0.00,4537.50,7367.50,'USD',NULL,'2021-11-16 16:49:11','2021-11-16 16:49:11',0,NULL),(21,4,42,85.05,0.00,85.05,8656.00,'USD',NULL,'2021-10-29 08:49:11','2021-10-29 08:49:11',0,NULL),(22,2,43,42.00,0.00,42.00,5455.10,'USD',NULL,'2021-11-01 04:49:12','2021-11-01 04:49:12',0,NULL),(23,3,46,1779.40,0.00,1779.40,4207.33,'USD',NULL,'2021-11-14 14:49:12','2021-11-14 14:49:12',0,NULL),(24,8,49,2123.50,0.00,2123.50,8581.90,'USD',NULL,'2021-11-30 00:49:12','2021-11-30 00:49:12',0,NULL),(25,3,50,1188.60,0.00,1188.60,5986.73,'USD',NULL,'2021-11-08 16:49:12','2021-11-08 16:49:12',0,NULL),(26,8,51,1066.80,0.00,1066.80,10705.40,'USD',NULL,'2021-11-12 12:49:12','2021-11-12 12:49:12',0,NULL),(27,2,53,1665.30,0.00,1665.30,5497.10,'USD',NULL,'2021-10-24 16:49:12','2021-10-24 16:49:12',0,NULL);
/*!40000 ALTER TABLE `mp_customer_revenues` ENABLE KEYS */;
UNLOCK TABLES;

--
-- Table structure for table `mp_customer_withdrawals`
--

DROP TABLE IF EXISTS `mp_customer_withdrawals`;
/*!40101 SET @saved_cs_client     = @@character_set_client */;
/*!40101 SET character_set_client = utf8 */;
CREATE TABLE `mp_customer_withdrawals` (
  `id` bigint(20) unsigned NOT NULL AUTO_INCREMENT,
  `customer_id` int(10) unsigned DEFAULT NULL,
  `fee` decimal(15,2) unsigned DEFAULT 0.00,
  `amount` decimal(15,2) unsigned DEFAULT 0.00,
  `current_balance` decimal(15,2) unsigned DEFAULT 0.00,
  `currency` varchar(120) COLLATE utf8mb4_unicode_ci DEFAULT NULL,
  `description` text COLLATE utf8mb4_unicode_ci DEFAULT NULL,
  `bank_info` text COLLATE utf8mb4_unicode_ci DEFAULT NULL,
  `payment_channel` varchar(60) COLLATE utf8mb4_unicode_ci DEFAULT NULL,
  `user_id` int(10) unsigned NOT NULL DEFAULT 0,
  `status` varchar(60) COLLATE utf8mb4_unicode_ci NOT NULL DEFAULT 'pending',
  `images` text COLLATE utf8mb4_unicode_ci DEFAULT NULL,
  `created_at` timestamp NULL DEFAULT NULL,
  `updated_at` timestamp NULL DEFAULT NULL,
  `transaction_id` varchar(60) COLLATE utf8mb4_unicode_ci DEFAULT NULL,
  PRIMARY KEY (`id`)
) ENGINE=InnoDB AUTO_INCREMENT=15 DEFAULT CHARSET=utf8mb4 COLLATE=utf8mb4_unicode_ci;
/*!40101 SET character_set_client = @saved_cs_client */;

--
-- Dumping data for table `mp_customer_withdrawals`
--

LOCK TABLES `mp_customer_withdrawals` WRITE;
/*!40000 ALTER TABLE `mp_customer_withdrawals` DISABLE KEYS */;
INSERT INTO `mp_customer_withdrawals` VALUES (1,2,0.00,987.00,7162.40,'USD','','{\"name\":\"Lee Toy\",\"number\":\"+19800514472\",\"full_name\":\"Miss Carmela Schneider\",\"description\":\"Dayton Emmerich I\"}',NULL,0,'pending',NULL,'2021-12-04 04:49:12','2021-12-04 04:49:12',NULL),(2,2,0.00,1481.00,6175.40,'USD','','{\"name\":\"Lee Toy\",\"number\":\"+19800514472\",\"full_name\":\"Miss Carmela Schneider\",\"description\":\"Dayton Emmerich I\"}',NULL,0,'pending',NULL,'2021-12-04 04:49:13','2021-12-04 04:49:13',NULL),(3,3,0.00,1922.00,7175.33,'USD','','{\"name\":\"Alvis Lowe\",\"number\":\"+13015586061\",\"full_name\":\"Alberta Grimes\",\"description\":\"Clark Upton\"}',NULL,0,'processing',NULL,'2021-12-04 04:49:13','2021-12-04 04:49:13',NULL),(4,3,0.00,366.00,5253.33,'USD','','{\"name\":\"Alvis Lowe\",\"number\":\"+13015586061\",\"full_name\":\"Alberta Grimes\",\"description\":\"Clark Upton\"}',NULL,0,'processing',NULL,'2021-12-04 04:49:13','2021-12-04 04:49:13',NULL),(5,4,0.00,845.00,8741.05,'USD','','{\"name\":\"Madisyn Heaney\",\"number\":\"+19158156886\",\"full_name\":\"Prof. Isobel Deckow V\",\"description\":\"Kale Becker\"}',NULL,0,'completed',NULL,'2021-12-04 04:49:13','2021-12-04 04:49:13',NULL),(6,4,0.00,641.00,7896.05,'USD','','{\"name\":\"Madisyn Heaney\",\"number\":\"+19158156886\",\"full_name\":\"Prof. Isobel Deckow V\",\"description\":\"Kale Becker\"}',NULL,0,'completed',NULL,'2021-12-04 04:49:13','2021-12-04 04:49:13',NULL),(7,8,0.00,524.00,11772.20,'USD','','{\"name\":\"Demarcus Wyman\",\"number\":\"+16460821574\",\"full_name\":\"Jennifer Ernser II\",\"description\":\"Halle Blanda\"}',NULL,0,'processing',NULL,'2021-12-04 04:49:13','2021-12-04 04:49:13',NULL),(8,8,0.00,134.00,11248.20,'USD','','{\"name\":\"Demarcus Wyman\",\"number\":\"+16460821574\",\"full_name\":\"Jennifer Ernser II\",\"description\":\"Halle Blanda\"}',NULL,0,'pending',NULL,'2021-12-04 04:49:14','2021-12-04 04:49:14',NULL),(9,8,0.00,3331.00,11114.20,'USD','','{\"name\":\"Demarcus Wyman\",\"number\":\"+16460821574\",\"full_name\":\"Jennifer Ernser II\",\"description\":\"Halle Blanda\"}',NULL,0,'processing',NULL,'2021-12-04 04:49:14','2021-12-04 04:49:14',NULL),(10,8,0.00,170.00,7783.20,'USD','','{\"name\":\"Demarcus Wyman\",\"number\":\"+16460821574\",\"full_name\":\"Jennifer Ernser II\",\"description\":\"Halle Blanda\"}',NULL,0,'completed',NULL,'2021-12-04 04:49:14','2021-12-04 04:49:14',NULL),(11,9,0.00,2597.00,11905.00,'USD','','{\"name\":\"Marley Hickle\",\"number\":\"+17253712785\",\"full_name\":\"Ms. Destiney Braun\",\"description\":\"Price Pouros\"}',NULL,0,'pending',NULL,'2021-12-04 04:49:14','2021-12-04 04:49:14',NULL),(12,9,0.00,104.00,9308.00,'USD','','{\"name\":\"Marley Hickle\",\"number\":\"+17253712785\",\"full_name\":\"Ms. Destiney Braun\",\"description\":\"Price Pouros\"}',NULL,0,'processing',NULL,'2021-12-04 04:49:14','2021-12-04 04:49:14',NULL),(13,9,0.00,2333.00,9204.00,'USD','','{\"name\":\"Marley Hickle\",\"number\":\"+17253712785\",\"full_name\":\"Ms. Destiney Braun\",\"description\":\"Price Pouros\"}',NULL,0,'pending',NULL,'2021-12-04 04:49:14','2021-12-04 04:49:14',NULL),(14,9,0.00,240.00,6871.00,'USD','','{\"name\":\"Marley Hickle\",\"number\":\"+17253712785\",\"full_name\":\"Ms. Destiney Braun\",\"description\":\"Price Pouros\"}',NULL,0,'pending',NULL,'2021-12-04 04:49:14','2021-12-04 04:49:14',NULL);
/*!40000 ALTER TABLE `mp_customer_withdrawals` ENABLE KEYS */;
UNLOCK TABLES;

--
-- Table structure for table `mp_stores`
--

DROP TABLE IF EXISTS `mp_stores`;
/*!40101 SET @saved_cs_client     = @@character_set_client */;
/*!40101 SET character_set_client = utf8 */;
CREATE TABLE `mp_stores` (
  `id` bigint(20) unsigned NOT NULL AUTO_INCREMENT,
  `name` varchar(255) COLLATE utf8mb4_unicode_ci NOT NULL,
  `email` varchar(60) COLLATE utf8mb4_unicode_ci DEFAULT NULL,
  `phone` varchar(20) COLLATE utf8mb4_unicode_ci DEFAULT NULL,
  `address` varchar(255) COLLATE utf8mb4_unicode_ci DEFAULT NULL,
  `country` varchar(120) COLLATE utf8mb4_unicode_ci DEFAULT NULL,
  `state` varchar(120) COLLATE utf8mb4_unicode_ci DEFAULT NULL,
  `city` varchar(120) COLLATE utf8mb4_unicode_ci DEFAULT NULL,
  `customer_id` int(10) unsigned DEFAULT NULL,
  `logo` varchar(255) COLLATE utf8mb4_unicode_ci DEFAULT NULL,
  `description` varchar(400) COLLATE utf8mb4_unicode_ci DEFAULT NULL,
  `content` longtext COLLATE utf8mb4_unicode_ci DEFAULT NULL,
  `status` varchar(60) COLLATE utf8mb4_unicode_ci NOT NULL DEFAULT 'published',
  `vendor_verified_at` datetime DEFAULT NULL,
  `created_at` timestamp NULL DEFAULT NULL,
  `updated_at` timestamp NULL DEFAULT NULL,
  PRIMARY KEY (`id`)
) ENGINE=InnoDB AUTO_INCREMENT=7 DEFAULT CHARSET=utf8mb4 COLLATE=utf8mb4_unicode_ci;
/*!40101 SET character_set_client = @saved_cs_client */;

--
-- Dumping data for table `mp_stores`
--

LOCK TABLES `mp_stores` WRITE;
/*!40000 ALTER TABLE `mp_stores` DISABLE KEYS */;
INSERT INTO `mp_stores` VALUES (1,'GoPro','myrna.wisozk@example.org','+15401081432','7378 Mozell Inlet','AX','West Virginia','Josietown',2,'stores/1.png','Dolores sed eos id eius delectus ut qui eum.','Aperiam velit enim qui ut dolores. Repudiandae at et aut et. Nostrum ut veniam maxime nostrum. Sunt ratione voluptatibus velit nisi.','published',NULL,'2021-12-04 04:49:07','2021-12-04 04:49:07'),(2,'Global Office','heathcote.cecilia@example.org','+18083381875','2776 Bradford Wall Apt. 970','TC','Kansas','East Scotty',3,'stores/2.png','Omnis sed et facilis ad quia ab autem.','Ad voluptatibus aspernatur consequatur ipsum. Deserunt est voluptate dolor aspernatur. Earum vero vel sed nemo exercitationem nesciunt.','published',NULL,'2021-12-04 04:49:07','2021-12-04 04:49:07'),(3,'Young Shop','tyler19@example.com','+19805224588','469 Thompson Mall','MN','Texas','Keonbury',4,'stores/3.png','Et ut est ut repellendus dolorem sint.','Dolores quae excepturi nihil. Commodi doloribus consectetur eligendi voluptatibus velit. Facilis vero consequatur suscipit eos.','published',NULL,'2021-12-04 04:49:07','2021-12-04 04:49:07'),(4,'Global Store','nakia.cronin@example.org','+15807736009','9100 Trinity Shoal','TN','New York','West Tomasahaven',5,'stores/4.png','Facere possimus et minima enim aut est sunt.','Non et non ipsum. Rerum architecto rerum enim et delectus itaque eius. Ex excepturi ab asperiores incidunt quae nulla qui iusto.','published',NULL,'2021-12-04 04:49:07','2021-12-04 04:49:07'),(5,'Robert’s Store','kerluke.jaylen@example.com','+19495876431','412 Vance Parkway','AM','Massachusetts','Cynthiashire',8,'stores/5.png','Excepturi est dolorum neque qui nihil.','Sed dolor ut doloribus in inventore. Est ipsam nobis est velit ab. Nam repellendus velit aut.','published',NULL,'2021-12-04 04:49:07','2021-12-04 04:49:07'),(6,'Stouffer','jettie.greenholt@example.net','+17741106052','726 Beer Brooks','SN','Florida','Flatleyview',9,'stores/6.png','Adipisci fugiat eos quasi in.','Sunt aut ut exercitationem impedit ut ex. Aut doloribus reprehenderit blanditiis. Temporibus ipsa cum fuga ab corporis voluptatem unde.','published',NULL,'2021-12-04 04:49:07','2021-12-04 04:49:07');
/*!40000 ALTER TABLE `mp_stores` ENABLE KEYS */;
UNLOCK TABLES;

--
-- Table structure for table `mp_vendor_info`
--

DROP TABLE IF EXISTS `mp_vendor_info`;
/*!40101 SET @saved_cs_client     = @@character_set_client */;
/*!40101 SET character_set_client = utf8 */;
CREATE TABLE `mp_vendor_info` (
  `id` bigint(20) unsigned NOT NULL AUTO_INCREMENT,
  `customer_id` int(10) unsigned NOT NULL DEFAULT 0,
  `balance` decimal(15,2) NOT NULL DEFAULT 0.00,
  `total_fee` decimal(15,2) NOT NULL DEFAULT 0.00,
  `total_revenue` decimal(15,2) NOT NULL DEFAULT 0.00,
  `signature` varchar(255) COLLATE utf8mb4_unicode_ci DEFAULT NULL,
  `bank_info` text COLLATE utf8mb4_unicode_ci DEFAULT NULL,
  `created_at` timestamp NULL DEFAULT NULL,
  `updated_at` timestamp NULL DEFAULT NULL,
  PRIMARY KEY (`id`)
) ENGINE=InnoDB AUTO_INCREMENT=7 DEFAULT CHARSET=utf8mb4 COLLATE=utf8mb4_unicode_ci;
/*!40101 SET character_set_client = @saved_cs_client */;

--
-- Dumping data for table `mp_vendor_info`
--

LOCK TABLES `mp_vendor_info` WRITE;
/*!40000 ALTER TABLE `mp_vendor_info` DISABLE KEYS */;
INSERT INTO `mp_vendor_info` VALUES (1,2,4694.40,0.00,7162.40,'$2y$10$Ufy36ELEficw9GUz3aGniu2p3RpN4p0mFOGpbyrM/lQcbpAn25JZa','{\"name\":\"Lee Toy\",\"number\":\"+19800514472\",\"full_name\":\"Miss Carmela Schneider\",\"description\":\"Dayton Emmerich I\"}','2021-12-04 04:49:06','2021-12-04 04:49:13'),(2,3,4887.33,0.00,7175.33,'$2y$10$FTNZ2.esFHsvD8tUg2HTeOSK4kc0erZLmTKDLmMQMcJSsKak4mMKO','{\"name\":\"Alvis Lowe\",\"number\":\"+13015586061\",\"full_name\":\"Alberta Grimes\",\"description\":\"Clark Upton\"}','2021-12-04 04:49:06','2021-12-04 04:49:13'),(3,4,7255.05,0.00,8741.05,'$2y$10$2KGeBEPow9Br6znGALSgVum2mOz/Td3PL5AhrX4k6AiL8Dx.JfQZO','{\"name\":\"Madisyn Heaney\",\"number\":\"+19158156886\",\"full_name\":\"Prof. Isobel Deckow V\",\"description\":\"Kale Becker\"}','2021-12-04 04:49:07','2021-12-04 04:49:13'),(4,5,0.00,0.00,0.00,'$2y$10$.kM39NjmPC1oQ/HdsdnyyOaQSc504e8l4qHMx.HxlTnvejJ.00mPi','{\"name\":\"Dr. Stefan Huel\",\"number\":\"+16693658726\",\"full_name\":\"Miss Nya Davis\",\"description\":\"Dandre McDermott\"}','2021-12-04 04:49:07','2021-12-04 04:49:07'),(5,8,7613.20,0.00,11772.20,'$2y$10$S/LFhhC98Npuv7YFhLKby.dyJ7XK8SgFLdK0ZYabKXZ.4TGuOtHGS','{\"name\":\"Demarcus Wyman\",\"number\":\"+16460821574\",\"full_name\":\"Jennifer Ernser II\",\"description\":\"Halle Blanda\"}','2021-12-04 04:49:07','2021-12-04 04:49:14'),(6,9,6631.00,0.00,11905.00,'$2y$10$ptHfx/RwCRpUkGq4cUjTqulDF9zfNKvFMreu3hdhm.zy2pUFwrSPS','{\"name\":\"Marley Hickle\",\"number\":\"+17253712785\",\"full_name\":\"Ms. Destiney Braun\",\"description\":\"Price Pouros\"}','2021-12-04 04:49:07','2021-12-04 04:49:14');
/*!40000 ALTER TABLE `mp_vendor_info` ENABLE KEYS */;
UNLOCK TABLES;

--
-- Table structure for table `newsletters`
--

DROP TABLE IF EXISTS `newsletters`;
/*!40101 SET @saved_cs_client     = @@character_set_client */;
/*!40101 SET character_set_client = utf8 */;
CREATE TABLE `newsletters` (
  `id` bigint(20) unsigned NOT NULL AUTO_INCREMENT,
  `email` varchar(120) COLLATE utf8mb4_unicode_ci NOT NULL,
  `name` varchar(120) COLLATE utf8mb4_unicode_ci DEFAULT NULL,
  `status` varchar(60) COLLATE utf8mb4_unicode_ci NOT NULL DEFAULT 'subscribed',
  `created_at` timestamp NULL DEFAULT NULL,
  `updated_at` timestamp NULL DEFAULT NULL,
  PRIMARY KEY (`id`)
) ENGINE=InnoDB DEFAULT CHARSET=utf8mb4 COLLATE=utf8mb4_unicode_ci;
/*!40101 SET character_set_client = @saved_cs_client */;

--
-- Dumping data for table `newsletters`
--

LOCK TABLES `newsletters` WRITE;
/*!40000 ALTER TABLE `newsletters` DISABLE KEYS */;
/*!40000 ALTER TABLE `newsletters` ENABLE KEYS */;
UNLOCK TABLES;

--
-- Table structure for table `pages`
--

DROP TABLE IF EXISTS `pages`;
/*!40101 SET @saved_cs_client     = @@character_set_client */;
/*!40101 SET character_set_client = utf8 */;
CREATE TABLE `pages` (
  `id` bigint(20) unsigned NOT NULL AUTO_INCREMENT,
  `name` varchar(120) COLLATE utf8mb4_unicode_ci NOT NULL,
  `content` longtext COLLATE utf8mb4_unicode_ci DEFAULT NULL,
  `user_id` int(11) NOT NULL,
  `image` varchar(255) COLLATE utf8mb4_unicode_ci DEFAULT NULL,
  `template` varchar(60) COLLATE utf8mb4_unicode_ci DEFAULT NULL,
  `is_featured` tinyint(4) NOT NULL DEFAULT 0,
  `description` varchar(400) COLLATE utf8mb4_unicode_ci DEFAULT NULL,
  `status` varchar(60) COLLATE utf8mb4_unicode_ci NOT NULL DEFAULT 'published',
  `created_at` timestamp NULL DEFAULT NULL,
  `updated_at` timestamp NULL DEFAULT NULL,
  PRIMARY KEY (`id`)
) ENGINE=InnoDB AUTO_INCREMENT=13 DEFAULT CHARSET=utf8mb4 COLLATE=utf8mb4_unicode_ci;
/*!40101 SET character_set_client = @saved_cs_client */;

--
-- Dumping data for table `pages`
--

LOCK TABLES `pages` WRITE;
/*!40000 ALTER TABLE `pages` DISABLE KEYS */;
INSERT INTO `pages` VALUES (1,'Home','<div>[simple-slider key=\"home-slider\" ads_1=\"VC2C8Q1UGCBG\" ads_2=\"NBDWRXTSVZ8N\"][/simple-slider]</div><div>[site-features icon1=\"icon-rocket\" title1=\"Free Delivery\" subtitle1=\"For all orders over $99\" icon2=\"icon-sync\" title2=\"90 Days Return\" subtitle2=\"If goods have problems\" icon3=\"icon-credit-card\" title3=\"Secure Payment\" subtitle3=\"100% secure payment\" icon4=\"icon-bubbles\" title4=\"24/7 Support\" subtitle4=\"Dedicated support\" icon5=\"icon-gift\" title5=\"Gift Service\" subtitle5=\"Support gift service\"][/site-features]</div><div>[flash-sale title=\"Deal of the day\" flash_sale_id=\"1\"][/flash-sale]</div><div>[featured-product-categories title=\"Top Categories\"][/featured-product-categories]</div><div>[theme-ads key_1=\"IZ6WU8KUALYD\" key_2=\"ILSFJVYFGCPZ\" key_3=\"ZDOZUZZIU7FT\"][/theme-ads]</div><div>[featured-products title=\"Featured products\"][/featured-products]</div><div>[theme-ads key_1=\"Q9YDUIC9HSWS\" key_2=\"IZ6WU8KUALYE\"][/theme-ads]</div><div>[product-collections title=\"Exclusive Products\"][/product-collections]</div><div>[product-category-products category_id=\"18\"][/product-category-products]</div><div>[download-app title=\"Download Martfury App Now!\" subtitle=\"Shopping fastly and easily more with our app. Get a link to download the app on your phone.\" screenshot=\"general/app.png\" android_app_url=\"https://www.appstore.com\" ios_app_url=\"https://play.google.com/store\"][/download-app]</div><div>[product-category-products category_id=\"23\"][/product-category-products]</div><div>[newsletter-form title=\"Join Our Newsletter Now\" subtitle=\"Subscribe to get information about products and coupons\"][/newsletter-form]</div>',1,NULL,'homepage',0,NULL,'published','2021-12-04 04:48:59','2021-12-04 04:48:59'),(2,'About us','<p>Gryphon. \'Turn a somersault in the same size: to be seen--everything seemed to Alice for some time busily writing in his turn; and both footmen, Alice noticed, had powdered hair that curled all over crumbs.\' \'You\'re wrong about the crumbs,\' said the King. \'Nearly two miles high,\' added the Gryphon, half to itself, \'Oh dear! Oh dear! I\'d nearly forgotten to ask.\' \'It turned into a chrysalis--you will some day, you know--and then after that savage Queen: so she helped herself to about two feet.</p><p>When the procession came opposite to Alice, they all crowded round her once more, while the Dodo suddenly called out in a helpless sort of idea that they were mine before. If I or she should push the matter worse. You MUST have meant some mischief, or else you\'d have signed your name like an honest man.\' There was nothing so VERY nearly at the flowers and the words \'EAT ME\' were beautifully marked in currants. \'Well, I\'ll eat it,\' said Five, \'and I\'ll tell you my history, and you\'ll understand.</p><p>But the insolence of his pocket, and pulled out a box of comfits, (luckily the salt water had not gone much farther before she had nibbled some more tea,\' the March Hare,) \'--it was at the corners: next the ten courtiers; these were all ornamented with hearts. Next came an angry tone, \'Why, Mary Ann, what ARE you doing out here? Run home this moment, I tell you, you coward!\' and at once set to work very diligently to write out a history of the pack, she could get to the other, and making quite.</p><p>Soup! \'Beautiful Soup! Who cares for you?\' said the Mock Turtle. \'Certainly not!\' said Alice as he spoke, and the pattern on their slates, when the Rabbit asked. \'No, I didn\'t,\' said Alice: \'--where\'s the Duchess?\' \'Hush! Hush!\' said the Caterpillar contemptuously. \'Who are YOU?\' said the Hatter, \'you wouldn\'t talk about trouble!\' said the Mouse to Alice severely. \'What are tarts made of?\' Alice asked in a low, trembling voice. \'There\'s more evidence to come out among the party. Some of the.</p>',1,NULL,'default',0,NULL,'published','2021-12-04 04:49:00','2021-12-04 04:49:00'),(3,'Terms Of Use','<p>So Bill\'s got the other--Bill! fetch it here, lad!--Here, put \'em up at the top of her sister, who was sitting on a crimson velvet cushion; and, last of all the players, except the King, going up to Alice, they all quarrel so dreadfully one can\'t hear oneself speak--and they don\'t give birthday presents like that!\' said Alice indignantly, and she felt a violent blow underneath her chin: it had gone. \'Well! I\'ve often seen them so often, you know.\' \'Not at first, perhaps,\' said the Gryphon. \'I.</p><p>Alice did not seem to be\"--or if you\'d like it put more simply--\"Never imagine yourself not to her, though, as they were playing the Queen never left off quarrelling with the Gryphon. \'The reason is,\' said the Cat, \'if you don\'t like it, yer honour, at all, at all!\' \'Do as I get SOMEWHERE,\' Alice added as an explanation; \'I\'ve none of YOUR business, Two!\' said Seven. \'Yes, it IS his business!\' said Five, \'and I\'ll tell you how the game was in livery: otherwise, judging by his garden, and.</p><p>Mary Ann, and be turned out of the leaves: \'I should think it would feel with all their simple sorrows, and find a pleasure in all my life, never!\' They had not gone far before they saw the Mock Turtle, capering wildly about. \'Change lobsters again!\' yelled the Gryphon went on, taking first one side and up I goes like a star-fish,\' thought Alice. One of the Gryphon, \'you first form into a chrysalis--you will some day, you know--and then after that savage Queen: so she waited. The Gryphon.</p><p>I could say if I might venture to ask them what the flame of a well?\' \'Take some more of the month is it?\' Alice panted as she listened, or seemed to follow, except a tiny golden key, and when she was as much use in knocking,\' said the Gryphon. \'The reason is,\' said the Caterpillar. \'Is that all?\' said Alice, a little door into that lovely garden. First, however, she waited for some while in silence. Alice was thoroughly puzzled. \'Does the boots and shoes!\' she repeated in a languid, sleepy.</p>',1,NULL,'default',0,NULL,'published','2021-12-04 04:49:00','2021-12-04 04:49:00'),(4,'Terms & Conditions','<p>Alice was not a regular rule: you invented it just missed her. Alice caught the baby joined):-- \'Wow! wow! wow!\' While the Owl and the beak-- Pray how did you begin?\' The Hatter was the White Rabbit put on her hand, and a crash of broken glass, from which she found this a good deal worse off than before, as the jury consider their verdict,\' the King exclaimed, turning to Alice, and her eyes immediately met those of a muchness\"--did you ever saw. How she longed to change them--\' when she heard.</p><p>So she swallowed one of the way to fly up into a large dish of tarts upon it: they looked so good, that it might tell her something about the same as they all looked so grave and anxious.) Alice could only hear whispers now and then another confusion of voices--\'Hold up his head--Brandy now--Don\'t choke him--How was it, old fellow? What happened to me! When I used to say which), and they sat down, and the procession moved on, three of her favourite word \'moral,\' and the Hatter asked.</p><p>However, \'jury-men\' would have this cat removed!\' The Queen turned angrily away from him, and very angrily. \'A knot!\' said Alice, (she had kept a piece of rudeness was more hopeless than ever: she sat down with one elbow against the ceiling, and had just begun \'Well, of all the while, and fighting for the fan she was looking at it again: but he now hastily began again, using the ink, that was linked into hers began to feel very sleepy and stupid), whether the pleasure of making a daisy-chain.</p><p>Footman continued in the wind, and the roof of the tea--\' \'The twinkling of the sort,\' said the March Hare moved into the teapot. \'At any rate a book of rules for shutting people up like telescopes: this time the Queen was close behind it was a little bit, and said to herself, as usual. I wonder what they\'ll do well enough; and what does it to half-past one as long as I was thinking I should be like then?\' And she thought it over a little pattering of feet in the same words as before, \'It\'s.</p>',1,NULL,'default',0,NULL,'published','2021-12-04 04:49:00','2021-12-04 04:49:00'),(5,'Refund Policy','<p>I\'LL soon make you grow shorter.\' \'One side will make you a song?\' \'Oh, a song, please, if the Queen in front of them, with her head!\' about once in the direction it pointed to, without trying to invent something!\' \'I--I\'m a little timidly, for she felt that she had hurt the poor little thing sat down again in a trembling voice to its children, \'Come away, my dears! It\'s high time to avoid shrinking away altogether. \'That WAS a narrow escape!\' said Alice, (she had grown so large a house, that.</p><p>That\'s all.\' \'Thank you,\' said the Gryphon. \'How the creatures wouldn\'t be so proud as all that.\' \'With extras?\' asked the Gryphon, the squeaking of the what?\' said the Mock Turtle. Alice was too much of it altogether; but after a few minutes, and she felt that she had accidentally upset the milk-jug into his plate. Alice did not much like keeping so close to her, so she waited. The Gryphon lifted up both its paws in surprise. \'What! Never heard of \"Uglification,\"\' Alice ventured to taste it.</p><p>She did not quite know what a dear quiet thing,\' Alice went on, \'and most of \'em do.\' \'I don\'t know where Dinn may be,\' said the Rabbit began. Alice gave a look askance-- Said he thanked the whiting kindly, but he would deny it too: but the great puzzle!\' And she squeezed herself up on to the King, the Queen, but she thought it would,\' said the Gryphon. \'How the creatures order one about, and crept a little ledge of rock, and, as the whole she thought it would feel with all speed back to.</p><p>Then the Queen was close behind it when she looked down, was an immense length of neck, which seemed to have finished,\' said the Caterpillar. \'I\'m afraid I\'ve offended it again!\' For the Mouse had changed his mind, and was coming to, but it was too much frightened to say to itself \'The Duchess! The Duchess! Oh my fur and whiskers! She\'ll get me executed, as sure as ferrets are ferrets! Where CAN I have to turn round on its axis--\' \'Talking of axes,\' said the Dodo. Then they all stopped and.</p>',1,NULL,'default',0,NULL,'published','2021-12-04 04:49:00','2021-12-04 04:49:00'),(6,'Blog','<p>---</p>',1,NULL,'blog-sidebar',0,NULL,'published','2021-12-04 04:49:00','2021-12-04 04:49:00'),(7,'FAQs','<div>[faq title=\"Frequently Asked Questions\"][/faq]</div>',1,NULL,'default',0,NULL,'published','2021-12-04 04:49:00','2021-12-04 04:49:00'),(8,'Contact','<div>[google-map]502 New Street, Brighton VIC, Australia[/google-map]</div><div>[contact-info-boxes title=\"Contact Us For Any Questions\"][/contact-info-boxes]</div><div>[contact-form][/contact-form]</div>',1,NULL,'full-width',0,NULL,'published','2021-12-04 04:49:00','2021-12-04 04:49:00'),(9,'Cookie Policy','<h3>EU Cookie Consent</h3><p>To use this Website we are using Cookies and collecting some Data. To be compliant with the EU GDPR we give you to choose if you allow us to use certain Cookies and to collect some Data.</p><h4>Essential Data</h4><p>The Essential Data is needed to run the Site you are visiting technically. You can not deactivate them.</p><p>- Session Cookie: PHP uses a Cookie to identify user sessions. Without this Cookie the Website is not working.</p><p>- XSRF-Token Cookie: Laravel automatically generates a CSRF \"token\" for each active user session managed by the application. This token is used to verify that the authenticated user is the one actually making the requests to the application.</p>',1,NULL,'default',0,NULL,'published','2021-12-04 04:49:00','2021-12-04 04:49:00'),(10,'Affiliate','<p>Mouse. \'--I proceed. \"Edwin and Morcar, the earls of Mercia and Northumbria, declared for him: and even Stigand, the patriotic archbishop of Canterbury, found it very nice, (it had, in fact, I didn\'t know how to spell \'stupid,\' and that makes you forget to talk. I can\'t quite follow it as you are; secondly, because she was in the flurry of the fact. \'I keep them to be patted on the glass table as before, \'It\'s all about as she leant against a buttercup to rest herself, and fanned herself with.</p><p>Said his father; \'don\'t give yourself airs! Do you think you might catch a bad cold if she was walking hand in hand with Dinah, and saying to herself \'Suppose it should be free of them can explain it,\' said the young man said, \'And your hair has become very white; And yet I wish you wouldn\'t have come here.\' Alice didn\'t think that there was a good deal: this fireplace is narrow, to be executed for having missed their turns, and she went down to the other bit. Her chin was pressed hard against.</p><p>Knave, \'I didn\'t mean it!\' pleaded poor Alice. \'But you\'re so easily offended, you know!\' The Mouse looked at Alice, as she swam nearer to watch them, and all the jelly-fish out of this elegant thimble\'; and, when it saw Alice. It looked good-natured, she thought: still it had fallen into a tree. \'Did you say \"What a pity!\"?\' the Rabbit came up to the jury, of course--\"I GAVE HER ONE, THEY GAVE HIM TWO--\" why, that must be growing small again.\' She got up very sulkily and crossed over to the.</p><p>Hatter. \'You MUST remember,\' remarked the King, looking round the court was a queer-shaped little creature, and held it out into the garden door. Poor Alice! It was the first sentence in her life; it was too slippery; and when she had got its head down, and nobody spoke for some time without hearing anything more: at last it sat for a great crash, as if it makes me grow larger, I can creep under the table: she opened it, and then at the thought that SOMEBODY ought to have the experiment tried.</p>',1,NULL,'default',0,NULL,'published','2021-12-04 04:49:00','2021-12-04 04:49:00'),(11,'Career','<p>I\'m I, and--oh dear, how puzzling it all seemed quite natural to Alice to herself, \'to be going messages for a good deal worse off than before, as the soldiers shouted in reply. \'Please come back again, and looking at the top of his shrill little voice, the name again!\' \'I won\'t have any rules in particular; at least, if there were three gardeners at it, busily painting them red. Alice thought she might find another key on it, for she had expected: before she came up to her feet, for it was.</p><p>Cat went on, \'and most things twinkled after that--only the March Hare. \'It was the first question, you know.\' \'Who is it I can\'t remember,\' said the Hatter replied. \'Of course it is,\' said the youth, \'and your jaws are too weak For anything tougher than suet; Yet you balanced an eel on the song, perhaps?\' \'I\'ve heard something splashing about in the grass, merely remarking as it went, as if nothing had happened. \'How am I to get very tired of sitting by her sister was reading, but it was the.</p><p>Alice guessed who it was, and, as she swam lazily about in the way the people that walk with their hands and feet, to make out that it was certainly English. \'I don\'t think they play at all know whether it was written to nobody, which isn\'t usual, you know.\' Alice had got to the Knave was standing before them, in chains, with a growl, And concluded the banquet--] \'What IS the use of a well?\' The Dormouse slowly opened his eyes were nearly out of sight: then it watched the Queen furiously.</p><p>I\'ll set Dinah at you!\' There was a little now and then, if I like being that person, I\'ll come up: if not, I\'ll stay down here till I\'m somebody else\"--but, oh dear!\' cried Alice, jumping up and walking off to other parts of the jury had a consultation about this, and Alice was more and more sounds of broken glass, from which she had drunk half the bottle, saying to herself \'This is Bill,\' she gave a sudden burst of tears, \'I do wish I hadn\'t mentioned Dinah!\' she said aloud. \'I must be.</p>',1,NULL,'default',0,NULL,'published','2021-12-04 04:49:00','2021-12-04 04:49:00'),(12,'Coming soon','<p>Condimentum ipsum a adipiscing hac dolor set consectetur urna commodo elit parturient <br/>molestie ut nisl partu convallier ullamcorpe.</p><div>[coming-soon time=\"December 30, 2021 15:37:25\" image=\"general/coming-soon.jpg\"][/coming-soon]</div>',1,NULL,'coming-soon',0,NULL,'published','2021-12-04 04:49:00','2021-12-04 04:49:00');
/*!40000 ALTER TABLE `pages` ENABLE KEYS */;
UNLOCK TABLES;

--
-- Table structure for table `pages_translations`
--

DROP TABLE IF EXISTS `pages_translations`;
/*!40101 SET @saved_cs_client     = @@character_set_client */;
/*!40101 SET character_set_client = utf8 */;
CREATE TABLE `pages_translations` (
  `lang_code` varchar(191) COLLATE utf8mb4_unicode_ci NOT NULL,
  `pages_id` int(11) NOT NULL,
  `name` varchar(255) COLLATE utf8mb4_unicode_ci DEFAULT NULL,
  `description` varchar(400) COLLATE utf8mb4_unicode_ci DEFAULT NULL,
  `content` longtext COLLATE utf8mb4_unicode_ci DEFAULT NULL,
  PRIMARY KEY (`lang_code`,`pages_id`)
) ENGINE=InnoDB DEFAULT CHARSET=utf8mb4 COLLATE=utf8mb4_unicode_ci;
/*!40101 SET character_set_client = @saved_cs_client */;

--
-- Dumping data for table `pages_translations`
--

LOCK TABLES `pages_translations` WRITE;
/*!40000 ALTER TABLE `pages_translations` DISABLE KEYS */;
INSERT INTO `pages_translations` VALUES ('vi',1,'Trang chủ',NULL,'<div>[simple-slider key=\"home-slider\" ads_1=\"VC2C8Q1UGCBG\" ads_2=\"NBDWRXTSVZ8N\"][/simple-slider]</div><div>[site-features icon1=\"icon-rocket\" title1=\"Miễn phí vận chuyển\" subtitle1=\"Cho đơn hàng từ 2tr\" icon2=\"icon-sync\" title2=\"Miễn phí hoàn hàng\" subtitle2=\"If goods have problems\" icon3=\"icon-credit-card\" title3=\"Thanh toán bảo mật\" subtitle3=\"100% secure payment\" icon4=\"icon-bubbles\" title4=\"Hỗ trợ 24/7\" subtitle4=\"Dedicated support\" icon5=\"icon-gift\" title5=\"Dịch vụ gói quà\" subtitle5=\"Support gift service\"][/site-features]</div><div>[flash-sale title=\"Khuyến mãi hot\" flash_sale_id=\"1\"][/flash-sale]</div><div>[featured-product-categories title=\"Danh mục nổi bật\"][/featured-product-categories]</div><div>[theme-ads key_1=\"IZ6WU8KUALYD\" key_2=\"ILSFJVYFGCPZ\" key_3=\"ZDOZUZZIU7FT\"][/theme-ads]</div><div>[featured-products title=\"Sản phẩm nổi bật\"][/featured-products]</div><div>[theme-ads key_1=\"Q9YDUIC9HSWS\" key_2=\"IZ6WU8KUALYE\"][/theme-ads]</div><div>[product-collections title=\"Sản phẩm độc quyền\"][/product-collections]</div><div>[product-category-products category_id=\"18\"][/product-category-products]</div><div>[download-app title=\"Tải Martfury App Ngay!\" subtitle=\"Mua sắm nhanh chóng và dễ dàng hơn với ứng dụng của chúng tôi. Nhận liên kết để tải xuống ứng dụng trên điện thoại của bạn.\" screenshot=\"general/app.png\" android_app_url=\"https://www.appstore.com\" ios_app_url=\"https://play.google.com/store\"][/download-app]</div><div>[product-category-products category_id=\"23\"][/product-category-products]</div><div>[newsletter-form title=\"Tham gia bản tin ngay\" subtitle=\"Đăng ký để nhận thông tin về sản phẩm và phiếu giảm giá\"][/newsletter-form]</div>'),('vi',2,'Về chúng tôi',NULL,NULL),('vi',3,'Điều khoản sử dụng',NULL,NULL),('vi',4,'Điều khoản và điều kiện',NULL,NULL),('vi',5,'Điều kiện hoàn hàng',NULL,NULL),('vi',6,'Tin tức',NULL,'<p>---</p>'),('vi',7,'Câu hỏi thường gặp',NULL,'<div>[faq title=\"Các câu hỏi thường gặp\"][/faq]</div>'),('vi',8,'Liên hệ',NULL,'<div>[google-map]502 New Street, Brighton VIC, Australia[/google-map]</div><div>[contact-info-boxes title=\"Liên hệ với chúng tôi nếu bạn có thắc mắc\"][/contact-info-boxes]</div><div>[contact-form][/contact-form]</div>'),('vi',9,'Chính sách cookie',NULL,'<h3>EU Cookie Consent</h3><p>To use this website we are using Cookies and collecting some data. To be compliant with the EU GDPR we give you to choose if you allow us to use certain Cookies and to collect some Data.</p><h4>Essential Data</h4><p>The Essential Data is needed to run the Site you are visiting technically. You can not deactivate them.</p><p>- Session Cookie: PHP uses a Cookie to identify user sessions. Without this Cookie the Website is not working.</p><p>- XSRF-Token Cookie: Laravel automatically generates a CSRF \"token\" for each active user session managed by the application. This token is used to verify that the authenticated user is the one actually making the requests to the application.</p>'),('vi',10,'Tiếp thị liên kết',NULL,NULL),('vi',11,'Tuyển dụng',NULL,NULL),('vi',12,'Sắp ra mắt',NULL,'<p>Condimentum ipsum a adipiscing hac dolor set consectetur urna commodo elit parturient <br/>molestie ut nisl partu convallier ullamcorpe.</p><div>[coming-soon time=\"December 30, 2021 15:37:25\" image=\"general/coming-soon.jpg\"][/coming-soon]</div>');
/*!40000 ALTER TABLE `pages_translations` ENABLE KEYS */;
UNLOCK TABLES;

--
-- Table structure for table `password_resets`
--

DROP TABLE IF EXISTS `password_resets`;
/*!40101 SET @saved_cs_client     = @@character_set_client */;
/*!40101 SET character_set_client = utf8 */;
CREATE TABLE `password_resets` (
  `email` varchar(191) COLLATE utf8mb4_unicode_ci NOT NULL,
  `token` varchar(191) COLLATE utf8mb4_unicode_ci NOT NULL,
  `created_at` timestamp NULL DEFAULT NULL,
  KEY `password_resets_email_index` (`email`)
) ENGINE=InnoDB DEFAULT CHARSET=utf8mb4 COLLATE=utf8mb4_unicode_ci;
/*!40101 SET character_set_client = @saved_cs_client */;

--
-- Dumping data for table `password_resets`
--

LOCK TABLES `password_resets` WRITE;
/*!40000 ALTER TABLE `password_resets` DISABLE KEYS */;
/*!40000 ALTER TABLE `password_resets` ENABLE KEYS */;
UNLOCK TABLES;

--
-- Table structure for table `payments`
--

DROP TABLE IF EXISTS `payments`;
/*!40101 SET @saved_cs_client     = @@character_set_client */;
/*!40101 SET character_set_client = utf8 */;
CREATE TABLE `payments` (
  `id` bigint(20) unsigned NOT NULL AUTO_INCREMENT,
  `currency` varchar(120) COLLATE utf8mb4_unicode_ci DEFAULT NULL,
  `user_id` int(10) unsigned NOT NULL DEFAULT 0,
  `charge_id` varchar(60) COLLATE utf8mb4_unicode_ci DEFAULT NULL,
  `payment_channel` varchar(60) COLLATE utf8mb4_unicode_ci DEFAULT NULL,
  `description` varchar(255) COLLATE utf8mb4_unicode_ci DEFAULT NULL,
  `amount` decimal(15,2) unsigned NOT NULL,
  `order_id` int(10) unsigned DEFAULT NULL,
  `status` varchar(60) COLLATE utf8mb4_unicode_ci DEFAULT 'pending',
  `payment_type` varchar(191) COLLATE utf8mb4_unicode_ci DEFAULT 'confirm',
  `customer_id` int(10) unsigned DEFAULT NULL,
  `refunded_amount` decimal(15,2) unsigned DEFAULT NULL,
  `refund_note` varchar(255) COLLATE utf8mb4_unicode_ci DEFAULT NULL,
  `created_at` timestamp NULL DEFAULT NULL,
  `updated_at` timestamp NULL DEFAULT NULL,
  `customer_type` varchar(255) COLLATE utf8mb4_unicode_ci DEFAULT NULL,
  `metadata` mediumtext COLLATE utf8mb4_unicode_ci DEFAULT NULL,
  PRIMARY KEY (`id`)
) ENGINE=InnoDB AUTO_INCREMENT=54 DEFAULT CHARSET=utf8mb4 COLLATE=utf8mb4_unicode_ci;
/*!40101 SET character_set_client = @saved_cs_client */;

--
-- Dumping data for table `payments`
--

LOCK TABLES `payments` WRITE;
/*!40000 ALTER TABLE `payments` DISABLE KEYS */;
INSERT INTO `payments` VALUES (1,'USD',0,'QIVDET8GZF','mollie',NULL,1246.20,1,'completed','confirm',7,NULL,NULL,'2021-12-04 04:49:07','2021-12-04 04:49:07','Botble\\Ecommerce\\Models\\Customer',NULL),(2,'USD',0,'ICKRVTPOTH','stripe',NULL,2966.10,2,'completed','confirm',7,NULL,NULL,'2021-12-04 04:49:08','2021-12-04 04:49:08','Botble\\Ecommerce\\Models\\Customer',NULL),(3,'USD',0,'LCMI1WKIJX','paystack',NULL,1328.18,3,'completed','confirm',10,NULL,NULL,'2021-12-04 04:49:08','2021-12-04 04:49:08','Botble\\Ecommerce\\Models\\Customer',NULL),(4,'USD',0,'8DH7RFFWZQ','mollie',NULL,44.55,4,'completed','confirm',10,NULL,NULL,'2021-12-04 04:49:08','2021-12-04 04:49:08','Botble\\Ecommerce\\Models\\Customer',NULL),(5,'USD',0,'ZBX7NPZCWW','stripe',NULL,844.20,5,'completed','confirm',10,NULL,NULL,'2021-12-04 04:49:08','2021-12-04 04:49:08','Botble\\Ecommerce\\Models\\Customer',NULL),(6,'USD',0,'JDMB4IFDWI','stripe',NULL,2344.80,6,'completed','confirm',10,NULL,NULL,'2021-12-04 04:49:08','2021-12-04 04:49:08','Botble\\Ecommerce\\Models\\Customer',NULL),(7,'USD',0,'24NTX4HEX4','paystack',NULL,844.20,7,'completed','confirm',10,NULL,NULL,'2021-12-04 04:49:08','2021-12-04 04:49:08','Botble\\Ecommerce\\Models\\Customer',NULL),(8,'USD',0,'9FXMLXVYHR','stripe',NULL,1082.40,8,'completed','confirm',10,NULL,NULL,'2021-12-04 04:49:08','2021-12-04 04:49:08','Botble\\Ecommerce\\Models\\Customer',NULL),(9,'USD',0,'NH1BPRII5J','bank_transfer',NULL,1366.20,9,'pending','confirm',7,NULL,NULL,'2021-12-04 04:49:08','2021-12-04 04:49:08','Botble\\Ecommerce\\Models\\Customer',NULL),(10,'USD',0,'MFTWASZWDT','mollie',NULL,3620.80,10,'completed','confirm',7,NULL,NULL,'2021-12-04 04:49:08','2021-12-04 04:49:08','Botble\\Ecommerce\\Models\\Customer',NULL),(11,'USD',0,'L0FURC0DX2','paystack',NULL,168.53,11,'completed','confirm',7,NULL,NULL,'2021-12-04 04:49:08','2021-12-04 04:49:08','Botble\\Ecommerce\\Models\\Customer',NULL),(12,'USD',0,'RX96JTZKZJ','stripe',NULL,1246.20,12,'completed','confirm',7,NULL,NULL,'2021-12-04 04:49:08','2021-12-04 04:49:08','Botble\\Ecommerce\\Models\\Customer',NULL),(13,'USD',0,'SPYG0ZWX6D','razorpay',NULL,6458.40,13,'completed','confirm',7,NULL,NULL,'2021-12-04 04:49:08','2021-12-04 04:49:08','Botble\\Ecommerce\\Models\\Customer',NULL),(14,'USD',0,'S7KROA8X39','paypal',NULL,988.90,14,'completed','confirm',7,NULL,NULL,'2021-12-04 04:49:08','2021-12-04 04:49:08','Botble\\Ecommerce\\Models\\Customer',NULL),(15,'USD',0,'4LZR2YTOIL','stripe',NULL,1134.00,15,'completed','confirm',7,NULL,NULL,'2021-12-04 04:49:08','2021-12-04 04:49:08','Botble\\Ecommerce\\Models\\Customer',NULL),(16,'USD',0,'FZ3KISLSDX','paystack',NULL,3705.85,16,'completed','confirm',6,NULL,NULL,'2021-12-04 04:49:08','2021-12-04 04:49:08','Botble\\Ecommerce\\Models\\Customer',NULL),(17,'USD',0,'IIXGFYDAG0','sslcommerz',NULL,1205.40,17,'completed','confirm',6,NULL,NULL,'2021-12-04 04:49:08','2021-12-04 04:49:08','Botble\\Ecommerce\\Models\\Customer',NULL),(18,'USD',0,'HGG6ZMLUNY','sslcommerz',NULL,872.30,18,'completed','confirm',6,NULL,NULL,'2021-12-04 04:49:08','2021-12-04 04:49:08','Botble\\Ecommerce\\Models\\Customer',NULL),(19,'USD',0,'QZFZWGRJGK','paystack',NULL,3943.20,19,'completed','confirm',1,NULL,NULL,'2021-12-04 04:49:08','2021-12-04 04:49:08','Botble\\Ecommerce\\Models\\Customer',NULL),(20,'USD',0,'9WXELDZPAF','mollie',NULL,2786.90,20,'completed','confirm',1,NULL,NULL,'2021-12-04 04:49:08','2021-12-04 04:49:08','Botble\\Ecommerce\\Models\\Customer',NULL),(21,'USD',0,'MKGSURAH6L','bank_transfer',NULL,1674.00,21,'pending','confirm',1,NULL,NULL,'2021-12-04 04:49:08','2021-12-04 04:49:08','Botble\\Ecommerce\\Models\\Customer',NULL),(22,'USD',0,'4NDEFQOW7K','bank_transfer',NULL,988.90,22,'pending','confirm',7,NULL,NULL,'2021-12-04 04:49:08','2021-12-04 04:49:08','Botble\\Ecommerce\\Models\\Customer',NULL),(23,'USD',0,'YHDUKFW7ZA','paystack',NULL,1073.10,23,'completed','confirm',7,NULL,NULL,'2021-12-04 04:49:08','2021-12-04 04:49:08','Botble\\Ecommerce\\Models\\Customer',NULL),(24,'USD',0,'GLADXV4YUQ','stripe',NULL,3267.40,24,'completed','confirm',7,NULL,NULL,'2021-12-04 04:49:08','2021-12-04 04:49:08','Botble\\Ecommerce\\Models\\Customer',NULL),(25,'USD',0,'22SKEU9YPQ','razorpay',NULL,1246.20,25,'completed','confirm',7,NULL,NULL,'2021-12-04 04:49:08','2021-12-04 04:49:08','Botble\\Ecommerce\\Models\\Customer',NULL),(26,'USD',0,'NN0RC7YQKZ','sslcommerz',NULL,1284.80,26,'completed','confirm',7,NULL,NULL,'2021-12-04 04:49:08','2021-12-04 04:49:08','Botble\\Ecommerce\\Models\\Customer',NULL),(27,'USD',0,'P1QAOSYOO5','razorpay',NULL,565.40,27,'completed','confirm',7,NULL,NULL,'2021-12-04 04:49:08','2021-12-04 04:49:08','Botble\\Ecommerce\\Models\\Customer',NULL),(28,'USD',0,'SRM3FZM2GD','razorpay',NULL,3050.40,28,'completed','confirm',7,NULL,NULL,'2021-12-04 04:49:08','2021-12-04 04:49:08','Botble\\Ecommerce\\Models\\Customer',NULL),(29,'USD',0,'IRWEFXOKQX','bank_transfer',NULL,3620.80,29,'pending','confirm',10,NULL,NULL,'2021-12-04 04:49:08','2021-12-04 04:49:08','Botble\\Ecommerce\\Models\\Customer',NULL),(30,'USD',0,'G8ZIVJYCNX','paystack',NULL,2915.10,30,'completed','confirm',10,NULL,NULL,'2021-12-04 04:49:08','2021-12-04 04:49:08','Botble\\Ecommerce\\Models\\Customer',NULL),(31,'USD',0,'QVSXKSAAQ3','paypal',NULL,1677.90,31,'completed','confirm',10,NULL,NULL,'2021-12-04 04:49:08','2021-12-04 04:49:08','Botble\\Ecommerce\\Models\\Customer',NULL),(32,'USD',0,'NNBSA3EVA2','cod',NULL,1205.40,32,'pending','confirm',7,NULL,NULL,'2021-12-04 04:49:08','2021-12-04 04:49:08','Botble\\Ecommerce\\Models\\Customer',NULL),(33,'USD',0,'MCZDHOVYTO','paypal',NULL,2123.50,33,'completed','confirm',7,NULL,NULL,'2021-12-04 04:49:08','2021-12-04 04:49:08','Botble\\Ecommerce\\Models\\Customer',NULL),(34,'USD',0,'GMSLNAHQHU','paystack',NULL,42.00,34,'completed','confirm',7,NULL,NULL,'2021-12-04 04:49:08','2021-12-04 04:49:08','Botble\\Ecommerce\\Models\\Customer',NULL),(35,'USD',0,'UYH8TTMOZO','mollie',NULL,1887.90,35,'completed','confirm',7,NULL,NULL,'2021-12-04 04:49:08','2021-12-04 04:49:08','Botble\\Ecommerce\\Models\\Customer',NULL),(36,'USD',0,'VYTBVCHXQU','paypal',NULL,1079.40,36,'completed','confirm',7,NULL,NULL,'2021-12-04 04:49:08','2021-12-04 04:49:08','Botble\\Ecommerce\\Models\\Customer',NULL),(37,'USD',0,'GCL7SID83V','mollie',NULL,1188.60,37,'completed','confirm',6,NULL,NULL,'2021-12-04 04:49:08','2021-12-04 04:49:08','Botble\\Ecommerce\\Models\\Customer',NULL),(38,'USD',0,'FZLRAAA5SQ','mollie',NULL,1284.80,38,'completed','confirm',6,NULL,NULL,'2021-12-04 04:49:08','2021-12-04 04:49:08','Botble\\Ecommerce\\Models\\Customer',NULL),(39,'USD',0,'EBTKID3YU5','bank_transfer',NULL,1159.40,39,'pending','confirm',6,NULL,NULL,'2021-12-04 04:49:08','2021-12-04 04:49:08','Botble\\Ecommerce\\Models\\Customer',NULL),(40,'USD',0,'ZOPCRBANMK','sslcommerz',NULL,753.50,40,'completed','confirm',6,NULL,NULL,'2021-12-04 04:49:08','2021-12-04 04:49:08','Botble\\Ecommerce\\Models\\Customer',NULL),(41,'USD',0,'W5CYUH9WWI','razorpay',NULL,4537.50,41,'completed','confirm',6,NULL,NULL,'2021-12-04 04:49:08','2021-12-04 04:49:08','Botble\\Ecommerce\\Models\\Customer',NULL),(42,'USD',0,'N8SWIEA9SP','sslcommerz',NULL,85.05,42,'completed','confirm',10,NULL,NULL,'2021-12-04 04:49:08','2021-12-04 04:49:08','Botble\\Ecommerce\\Models\\Customer',NULL),(43,'USD',0,'U86D8OJICK','mollie',NULL,42.00,43,'completed','confirm',10,NULL,NULL,'2021-12-04 04:49:08','2021-12-04 04:49:08','Botble\\Ecommerce\\Models\\Customer',NULL),(44,'USD',0,'UCEDJWE4VV','paystack',NULL,1366.20,44,'completed','confirm',10,NULL,NULL,'2021-12-04 04:49:08','2021-12-04 04:49:08','Botble\\Ecommerce\\Models\\Customer',NULL),(45,'USD',0,'DRKZSYF4CH','bank_transfer',NULL,1082.40,45,'pending','confirm',10,NULL,NULL,'2021-12-04 04:49:08','2021-12-04 04:49:08','Botble\\Ecommerce\\Models\\Customer',NULL),(46,'USD',0,'Y2EJWRYCN1','sslcommerz',NULL,1779.40,46,'completed','confirm',10,NULL,NULL,'2021-12-04 04:49:08','2021-12-04 04:49:08','Botble\\Ecommerce\\Models\\Customer',NULL),(47,'USD',0,'DVGVWNLEXU','paypal',NULL,1779.40,47,'completed','confirm',10,NULL,NULL,'2021-12-04 04:49:08','2021-12-04 04:49:08','Botble\\Ecommerce\\Models\\Customer',NULL),(48,'USD',0,'S9UBIEUKD2','sslcommerz',NULL,125.55,48,'completed','confirm',1,NULL,NULL,'2021-12-04 04:49:08','2021-12-04 04:49:08','Botble\\Ecommerce\\Models\\Customer',NULL),(49,'USD',0,'XSC6TOMDFU','paypal',NULL,2123.50,49,'completed','confirm',1,NULL,NULL,'2021-12-04 04:49:08','2021-12-04 04:49:08','Botble\\Ecommerce\\Models\\Customer',NULL),(50,'USD',0,'IQ9GBOCWJE','mollie',NULL,1188.60,50,'completed','confirm',7,NULL,NULL,'2021-12-04 04:49:08','2021-12-04 04:49:08','Botble\\Ecommerce\\Models\\Customer',NULL),(51,'USD',0,'BDYDVKZLQZ','sslcommerz',NULL,1066.80,51,'completed','confirm',7,NULL,NULL,'2021-12-04 04:49:08','2021-12-04 04:49:08','Botble\\Ecommerce\\Models\\Customer',NULL),(52,'USD',0,'JCYZWMZW8M','sslcommerz',NULL,6073.60,52,'completed','confirm',7,NULL,NULL,'2021-12-04 04:49:08','2021-12-04 04:49:08','Botble\\Ecommerce\\Models\\Customer',NULL),(53,'USD',0,'IOA3WQMYBO','paypal',NULL,1665.30,53,'completed','confirm',7,NULL,NULL,'2021-12-04 04:49:08','2021-12-04 04:49:08','Botble\\Ecommerce\\Models\\Customer',NULL);
/*!40000 ALTER TABLE `payments` ENABLE KEYS */;
UNLOCK TABLES;

--
-- Table structure for table `post_categories`
--

DROP TABLE IF EXISTS `post_categories`;
/*!40101 SET @saved_cs_client     = @@character_set_client */;
/*!40101 SET character_set_client = utf8 */;
CREATE TABLE `post_categories` (
  `id` bigint(20) unsigned NOT NULL AUTO_INCREMENT,
  `category_id` int(10) unsigned NOT NULL,
  `post_id` int(10) unsigned NOT NULL,
  PRIMARY KEY (`id`)
) ENGINE=InnoDB AUTO_INCREMENT=23 DEFAULT CHARSET=utf8mb4 COLLATE=utf8mb4_unicode_ci;
/*!40101 SET character_set_client = @saved_cs_client */;

--
-- Dumping data for table `post_categories`
--

LOCK TABLES `post_categories` WRITE;
/*!40000 ALTER TABLE `post_categories` DISABLE KEYS */;
INSERT INTO `post_categories` VALUES (1,1,1),(2,4,1),(3,1,2),(4,3,2),(5,2,3),(6,4,3),(7,2,4),(8,3,4),(9,2,5),(10,3,5),(11,1,6),(12,3,6),(13,1,7),(14,4,7),(15,1,8),(16,4,8),(17,1,9),(18,3,9),(19,2,10),(20,3,10),(21,2,11),(22,4,11);
/*!40000 ALTER TABLE `post_categories` ENABLE KEYS */;
UNLOCK TABLES;

--
-- Table structure for table `post_tags`
--

DROP TABLE IF EXISTS `post_tags`;
/*!40101 SET @saved_cs_client     = @@character_set_client */;
/*!40101 SET character_set_client = utf8 */;
CREATE TABLE `post_tags` (
  `id` bigint(20) unsigned NOT NULL AUTO_INCREMENT,
  `tag_id` int(10) unsigned NOT NULL,
  `post_id` int(10) unsigned NOT NULL,
  PRIMARY KEY (`id`)
) ENGINE=InnoDB AUTO_INCREMENT=56 DEFAULT CHARSET=utf8mb4 COLLATE=utf8mb4_unicode_ci;
/*!40101 SET character_set_client = @saved_cs_client */;

--
-- Dumping data for table `post_tags`
--

LOCK TABLES `post_tags` WRITE;
/*!40000 ALTER TABLE `post_tags` DISABLE KEYS */;
INSERT INTO `post_tags` VALUES (1,1,1),(2,2,1),(3,3,1),(4,4,1),(5,5,1),(6,1,2),(7,2,2),(8,3,2),(9,4,2),(10,5,2),(11,1,3),(12,2,3),(13,3,3),(14,4,3),(15,5,3),(16,1,4),(17,2,4),(18,3,4),(19,4,4),(20,5,4),(21,1,5),(22,2,5),(23,3,5),(24,4,5),(25,5,5),(26,1,6),(27,2,6),(28,3,6),(29,4,6),(30,5,6),(31,1,7),(32,2,7),(33,3,7),(34,4,7),(35,5,7),(36,1,8),(37,2,8),(38,3,8),(39,4,8),(40,5,8),(41,1,9),(42,2,9),(43,3,9),(44,4,9),(45,5,9),(46,1,10),(47,2,10),(48,3,10),(49,4,10),(50,5,10),(51,1,11),(52,2,11),(53,3,11),(54,4,11),(55,5,11);
/*!40000 ALTER TABLE `post_tags` ENABLE KEYS */;
UNLOCK TABLES;

--
-- Table structure for table `posts`
--

DROP TABLE IF EXISTS `posts`;
/*!40101 SET @saved_cs_client     = @@character_set_client */;
/*!40101 SET character_set_client = utf8 */;
CREATE TABLE `posts` (
  `id` bigint(20) unsigned NOT NULL AUTO_INCREMENT,
  `name` varchar(255) COLLATE utf8mb4_unicode_ci NOT NULL,
  `description` varchar(400) COLLATE utf8mb4_unicode_ci DEFAULT NULL,
  `content` longtext COLLATE utf8mb4_unicode_ci DEFAULT NULL,
  `status` varchar(60) COLLATE utf8mb4_unicode_ci NOT NULL DEFAULT 'published',
  `author_id` int(11) NOT NULL,
  `author_type` varchar(255) COLLATE utf8mb4_unicode_ci NOT NULL DEFAULT 'Botble\\ACL\\Models\\User',
  `is_featured` tinyint(3) unsigned NOT NULL DEFAULT 0,
  `image` varchar(255) COLLATE utf8mb4_unicode_ci DEFAULT NULL,
  `views` int(10) unsigned NOT NULL DEFAULT 0,
  `format_type` varchar(30) COLLATE utf8mb4_unicode_ci DEFAULT NULL,
  `created_at` timestamp NULL DEFAULT NULL,
  `updated_at` timestamp NULL DEFAULT NULL,
  PRIMARY KEY (`id`)
) ENGINE=InnoDB AUTO_INCREMENT=12 DEFAULT CHARSET=utf8mb4 COLLATE=utf8mb4_unicode_ci;
/*!40101 SET character_set_client = @saved_cs_client */;

--
-- Dumping data for table `posts`
--

LOCK TABLES `posts` WRITE;
/*!40000 ALTER TABLE `posts` DISABLE KEYS */;
INSERT INTO `posts` VALUES (1,'4 Expert Tips On How To Choose The Right Men’s Wallet','You should pay more attention when you choose your wallets. There are a lot of them on the market with the different designs and styles. When you choose carefully, you would be able to buy a wallet that is catered to your needs. Not to mention that it will help to enhance your style significantly.','<p>I have seen many people underestimating the power of their wallets. To them, they are just a functional item they use to carry. As a result, they often end up with the wallets which are not really suitable for them.</p>\n\n<p>You should pay more attention when you choose your wallets. There are a lot of them on the market with the different designs and styles. When you choose carefully, you would be able to buy a wallet that is catered to your needs. Not to mention that it will help to enhance your style significantly.</p>\n\n<p style=\"text-align:center\"><img alt=\"f4\" src=\"/storage/news/1.jpg\" /></p>\n\n<p><br />\n&nbsp;</p>\n\n<p><strong><em>For all of the reason above, here are 7 expert tips to help you pick up the right men&rsquo;s wallet for you:</em></strong></p>\n\n<h4><strong>Number 1: Choose A Neat Wallet</strong></h4>\n\n<p>The wallet is an essential accessory that you should go simple. Simplicity is the best in this case. A simple and neat wallet with the plain color and even&nbsp;<strong>minimalist style</strong>&nbsp;is versatile. It can be used for both formal and casual events. In addition, that wallet will go well with most of the clothes in your wardrobe.</p>\n\n<p>Keep in mind that a wallet will tell other people about your personality and your fashion sense as much as other clothes you put on. Hence, don&rsquo;t go cheesy on your wallet or else people will think that you have a funny and particular style.</p>\n\n<p style=\"text-align:center\"><img alt=\"f5\" src=\"/storage/news/2.jpg\" /></p>\n\n<p><br />\n&nbsp;</p>\n<hr />\n<h4><strong>Number 2: Choose The Right Size For Your Wallet</strong></h4>\n\n<p>You should avoid having an over-sized wallet. Don&rsquo;t think that you need to buy a big wallet because you have a lot to carry with you. In addition, a fat wallet is very ugly. It will make it harder for you to slide the wallet into your trousers&rsquo; pocket. In addition, it will create a bulge and ruin your look.</p>\n\n<p>Before you go on to buy a new wallet, clean out your wallet and place all of the items from your wallet on a table. Throw away things that you would never need any more such as the old bills or the expired gift cards. Remember to check your wallet on a frequent basis to get rid of all of the old stuff that you don&rsquo;t need anymore.</p>\n\n<p style=\"text-align:center\"><img alt=\"f1\" src=\"/storage/news/3.jpg\" /></p>\n\n<p><br />\n&nbsp;</p>\n\n<hr />\n<h4><strong>Number 3: Don&rsquo;t Limit Your Options Of Materials</strong></h4>\n\n<p>The types and designs of wallets are not the only things that you should consider when you go out searching for your best wallet. You have more than 1 option of material rather than leather to choose from as well.</p>\n\n<p>You can experiment with other available options such as cotton, polyester and canvas. They all have their own pros and cons. As a result, they will be suitable for different needs and requirements. You should think about them all in order to choose the material which you would like the most.</p>\n\n<p style=\"text-align:center\"><img alt=\"f6\" height=\"375\" src=\"/storage/news/4.jpg\" /></p>\n\n<p><br />\n&nbsp;</p>\n\n<hr />\n<h4><strong>Number 4: Consider A Wallet As A Long Term Investment</strong></h4>\n\n<p>Your wallet is indeed an investment that you should consider spending a decent amount of time and effort on it. Another factor that you need to consider is how much you want to spend on your wallet. The price ranges of wallets on the market vary a great deal. You can find a wallet which is as cheap as about 5 to 7 dollars. On the other hand, you should expect to pay around 250 to 300 dollars for a high-quality wallet.</p>\n\n<p>In case you need a wallet to use for a long time, it is a good idea that you should invest a decent amount of money on a wallet. A high quality wallet from a reputational brand with the premium quality such as cowhide leather will last for a long time. In addition, it is an accessory to show off your fashion sense and your social status.</p>\n\n<p style=\"text-align:center\"><img alt=\"f2\" height=\"400\" src=\"/storage/news/5.jpg\" /></p>\n\n<p>&nbsp;</p>\n','published',1,'Botble\\ACL\\Models\\User',1,'news/1.jpg',2196,NULL,'2021-12-04 04:48:58','2021-12-04 04:48:58'),(2,'Sexy Clutches: How to Buy & Wear a Designer Clutch Bag','You should pay more attention when you choose your wallets. There are a lot of them on the market with the different designs and styles. When you choose carefully, you would be able to buy a wallet that is catered to your needs. Not to mention that it will help to enhance your style significantly.','<p>I have seen many people underestimating the power of their wallets. To them, they are just a functional item they use to carry. As a result, they often end up with the wallets which are not really suitable for them.</p>\n\n<p>You should pay more attention when you choose your wallets. There are a lot of them on the market with the different designs and styles. When you choose carefully, you would be able to buy a wallet that is catered to your needs. Not to mention that it will help to enhance your style significantly.</p>\n\n<p style=\"text-align:center\"><img alt=\"f4\" src=\"/storage/news/1.jpg\" /></p>\n\n<p><br />\n&nbsp;</p>\n\n<p><strong><em>For all of the reason above, here are 7 expert tips to help you pick up the right men&rsquo;s wallet for you:</em></strong></p>\n\n<h4><strong>Number 1: Choose A Neat Wallet</strong></h4>\n\n<p>The wallet is an essential accessory that you should go simple. Simplicity is the best in this case. A simple and neat wallet with the plain color and even&nbsp;<strong>minimalist style</strong>&nbsp;is versatile. It can be used for both formal and casual events. In addition, that wallet will go well with most of the clothes in your wardrobe.</p>\n\n<p>Keep in mind that a wallet will tell other people about your personality and your fashion sense as much as other clothes you put on. Hence, don&rsquo;t go cheesy on your wallet or else people will think that you have a funny and particular style.</p>\n\n<p style=\"text-align:center\"><img alt=\"f5\" src=\"/storage/news/2.jpg\" /></p>\n\n<p><br />\n&nbsp;</p>\n<hr />\n<h4><strong>Number 2: Choose The Right Size For Your Wallet</strong></h4>\n\n<p>You should avoid having an over-sized wallet. Don&rsquo;t think that you need to buy a big wallet because you have a lot to carry with you. In addition, a fat wallet is very ugly. It will make it harder for you to slide the wallet into your trousers&rsquo; pocket. In addition, it will create a bulge and ruin your look.</p>\n\n<p>Before you go on to buy a new wallet, clean out your wallet and place all of the items from your wallet on a table. Throw away things that you would never need any more such as the old bills or the expired gift cards. Remember to check your wallet on a frequent basis to get rid of all of the old stuff that you don&rsquo;t need anymore.</p>\n\n<p style=\"text-align:center\"><img alt=\"f1\" src=\"/storage/news/3.jpg\" /></p>\n\n<p><br />\n&nbsp;</p>\n\n<hr />\n<h4><strong>Number 3: Don&rsquo;t Limit Your Options Of Materials</strong></h4>\n\n<p>The types and designs of wallets are not the only things that you should consider when you go out searching for your best wallet. You have more than 1 option of material rather than leather to choose from as well.</p>\n\n<p>You can experiment with other available options such as cotton, polyester and canvas. They all have their own pros and cons. As a result, they will be suitable for different needs and requirements. You should think about them all in order to choose the material which you would like the most.</p>\n\n<p style=\"text-align:center\"><img alt=\"f6\" height=\"375\" src=\"/storage/news/4.jpg\" /></p>\n\n<p><br />\n&nbsp;</p>\n\n<hr />\n<h4><strong>Number 4: Consider A Wallet As A Long Term Investment</strong></h4>\n\n<p>Your wallet is indeed an investment that you should consider spending a decent amount of time and effort on it. Another factor that you need to consider is how much you want to spend on your wallet. The price ranges of wallets on the market vary a great deal. You can find a wallet which is as cheap as about 5 to 7 dollars. On the other hand, you should expect to pay around 250 to 300 dollars for a high-quality wallet.</p>\n\n<p>In case you need a wallet to use for a long time, it is a good idea that you should invest a decent amount of money on a wallet. A high quality wallet from a reputational brand with the premium quality such as cowhide leather will last for a long time. In addition, it is an accessory to show off your fashion sense and your social status.</p>\n\n<p style=\"text-align:center\"><img alt=\"f2\" height=\"400\" src=\"/storage/news/5.jpg\" /></p>\n\n<p>&nbsp;</p>\n','published',1,'Botble\\ACL\\Models\\User',1,'news/2.jpg',369,NULL,'2021-12-04 04:48:58','2021-12-04 04:48:58'),(3,'The Top 2020 Handbag Trends to Know','You should pay more attention when you choose your wallets. There are a lot of them on the market with the different designs and styles. When you choose carefully, you would be able to buy a wallet that is catered to your needs. Not to mention that it will help to enhance your style significantly.','<p>I have seen many people underestimating the power of their wallets. To them, they are just a functional item they use to carry. As a result, they often end up with the wallets which are not really suitable for them.</p>\n\n<p>You should pay more attention when you choose your wallets. There are a lot of them on the market with the different designs and styles. When you choose carefully, you would be able to buy a wallet that is catered to your needs. Not to mention that it will help to enhance your style significantly.</p>\n\n<p style=\"text-align:center\"><img alt=\"f4\" src=\"/storage/news/1.jpg\" /></p>\n\n<p><br />\n&nbsp;</p>\n\n<p><strong><em>For all of the reason above, here are 7 expert tips to help you pick up the right men&rsquo;s wallet for you:</em></strong></p>\n\n<h4><strong>Number 1: Choose A Neat Wallet</strong></h4>\n\n<p>The wallet is an essential accessory that you should go simple. Simplicity is the best in this case. A simple and neat wallet with the plain color and even&nbsp;<strong>minimalist style</strong>&nbsp;is versatile. It can be used for both formal and casual events. In addition, that wallet will go well with most of the clothes in your wardrobe.</p>\n\n<p>Keep in mind that a wallet will tell other people about your personality and your fashion sense as much as other clothes you put on. Hence, don&rsquo;t go cheesy on your wallet or else people will think that you have a funny and particular style.</p>\n\n<p style=\"text-align:center\"><img alt=\"f5\" src=\"/storage/news/2.jpg\" /></p>\n\n<p><br />\n&nbsp;</p>\n<hr />\n<h4><strong>Number 2: Choose The Right Size For Your Wallet</strong></h4>\n\n<p>You should avoid having an over-sized wallet. Don&rsquo;t think that you need to buy a big wallet because you have a lot to carry with you. In addition, a fat wallet is very ugly. It will make it harder for you to slide the wallet into your trousers&rsquo; pocket. In addition, it will create a bulge and ruin your look.</p>\n\n<p>Before you go on to buy a new wallet, clean out your wallet and place all of the items from your wallet on a table. Throw away things that you would never need any more such as the old bills or the expired gift cards. Remember to check your wallet on a frequent basis to get rid of all of the old stuff that you don&rsquo;t need anymore.</p>\n\n<p style=\"text-align:center\"><img alt=\"f1\" src=\"/storage/news/3.jpg\" /></p>\n\n<p><br />\n&nbsp;</p>\n\n<hr />\n<h4><strong>Number 3: Don&rsquo;t Limit Your Options Of Materials</strong></h4>\n\n<p>The types and designs of wallets are not the only things that you should consider when you go out searching for your best wallet. You have more than 1 option of material rather than leather to choose from as well.</p>\n\n<p>You can experiment with other available options such as cotton, polyester and canvas. They all have their own pros and cons. As a result, they will be suitable for different needs and requirements. You should think about them all in order to choose the material which you would like the most.</p>\n\n<p style=\"text-align:center\"><img alt=\"f6\" height=\"375\" src=\"/storage/news/4.jpg\" /></p>\n\n<p><br />\n&nbsp;</p>\n\n<hr />\n<h4><strong>Number 4: Consider A Wallet As A Long Term Investment</strong></h4>\n\n<p>Your wallet is indeed an investment that you should consider spending a decent amount of time and effort on it. Another factor that you need to consider is how much you want to spend on your wallet. The price ranges of wallets on the market vary a great deal. You can find a wallet which is as cheap as about 5 to 7 dollars. On the other hand, you should expect to pay around 250 to 300 dollars for a high-quality wallet.</p>\n\n<p>In case you need a wallet to use for a long time, it is a good idea that you should invest a decent amount of money on a wallet. A high quality wallet from a reputational brand with the premium quality such as cowhide leather will last for a long time. In addition, it is an accessory to show off your fashion sense and your social status.</p>\n\n<p style=\"text-align:center\"><img alt=\"f2\" height=\"400\" src=\"/storage/news/5.jpg\" /></p>\n\n<p>&nbsp;</p>\n','published',1,'Botble\\ACL\\Models\\User',1,'news/3.jpg',1871,NULL,'2021-12-04 04:48:58','2021-12-04 04:48:58'),(4,'How to Match the Color of Your Handbag With an Outfit','You should pay more attention when you choose your wallets. There are a lot of them on the market with the different designs and styles. When you choose carefully, you would be able to buy a wallet that is catered to your needs. Not to mention that it will help to enhance your style significantly.','<p>I have seen many people underestimating the power of their wallets. To them, they are just a functional item they use to carry. As a result, they often end up with the wallets which are not really suitable for them.</p>\n\n<p>You should pay more attention when you choose your wallets. There are a lot of them on the market with the different designs and styles. When you choose carefully, you would be able to buy a wallet that is catered to your needs. Not to mention that it will help to enhance your style significantly.</p>\n\n<p style=\"text-align:center\"><img alt=\"f4\" src=\"/storage/news/1.jpg\" /></p>\n\n<p><br />\n&nbsp;</p>\n\n<p><strong><em>For all of the reason above, here are 7 expert tips to help you pick up the right men&rsquo;s wallet for you:</em></strong></p>\n\n<h4><strong>Number 1: Choose A Neat Wallet</strong></h4>\n\n<p>The wallet is an essential accessory that you should go simple. Simplicity is the best in this case. A simple and neat wallet with the plain color and even&nbsp;<strong>minimalist style</strong>&nbsp;is versatile. It can be used for both formal and casual events. In addition, that wallet will go well with most of the clothes in your wardrobe.</p>\n\n<p>Keep in mind that a wallet will tell other people about your personality and your fashion sense as much as other clothes you put on. Hence, don&rsquo;t go cheesy on your wallet or else people will think that you have a funny and particular style.</p>\n\n<p style=\"text-align:center\"><img alt=\"f5\" src=\"/storage/news/2.jpg\" /></p>\n\n<p><br />\n&nbsp;</p>\n<hr />\n<h4><strong>Number 2: Choose The Right Size For Your Wallet</strong></h4>\n\n<p>You should avoid having an over-sized wallet. Don&rsquo;t think that you need to buy a big wallet because you have a lot to carry with you. In addition, a fat wallet is very ugly. It will make it harder for you to slide the wallet into your trousers&rsquo; pocket. In addition, it will create a bulge and ruin your look.</p>\n\n<p>Before you go on to buy a new wallet, clean out your wallet and place all of the items from your wallet on a table. Throw away things that you would never need any more such as the old bills or the expired gift cards. Remember to check your wallet on a frequent basis to get rid of all of the old stuff that you don&rsquo;t need anymore.</p>\n\n<p style=\"text-align:center\"><img alt=\"f1\" src=\"/storage/news/3.jpg\" /></p>\n\n<p><br />\n&nbsp;</p>\n\n<hr />\n<h4><strong>Number 3: Don&rsquo;t Limit Your Options Of Materials</strong></h4>\n\n<p>The types and designs of wallets are not the only things that you should consider when you go out searching for your best wallet. You have more than 1 option of material rather than leather to choose from as well.</p>\n\n<p>You can experiment with other available options such as cotton, polyester and canvas. They all have their own pros and cons. As a result, they will be suitable for different needs and requirements. You should think about them all in order to choose the material which you would like the most.</p>\n\n<p style=\"text-align:center\"><img alt=\"f6\" height=\"375\" src=\"/storage/news/4.jpg\" /></p>\n\n<p><br />\n&nbsp;</p>\n\n<hr />\n<h4><strong>Number 4: Consider A Wallet As A Long Term Investment</strong></h4>\n\n<p>Your wallet is indeed an investment that you should consider spending a decent amount of time and effort on it. Another factor that you need to consider is how much you want to spend on your wallet. The price ranges of wallets on the market vary a great deal. You can find a wallet which is as cheap as about 5 to 7 dollars. On the other hand, you should expect to pay around 250 to 300 dollars for a high-quality wallet.</p>\n\n<p>In case you need a wallet to use for a long time, it is a good idea that you should invest a decent amount of money on a wallet. A high quality wallet from a reputational brand with the premium quality such as cowhide leather will last for a long time. In addition, it is an accessory to show off your fashion sense and your social status.</p>\n\n<p style=\"text-align:center\"><img alt=\"f2\" height=\"400\" src=\"/storage/news/5.jpg\" /></p>\n\n<p>&nbsp;</p>\n','published',1,'Botble\\ACL\\Models\\User',1,'news/4.jpg',137,NULL,'2021-12-04 04:48:58','2021-12-04 04:48:58'),(5,'How to Care for Leather Bags','You should pay more attention when you choose your wallets. There are a lot of them on the market with the different designs and styles. When you choose carefully, you would be able to buy a wallet that is catered to your needs. Not to mention that it will help to enhance your style significantly.','<p>I have seen many people underestimating the power of their wallets. To them, they are just a functional item they use to carry. As a result, they often end up with the wallets which are not really suitable for them.</p>\n\n<p>You should pay more attention when you choose your wallets. There are a lot of them on the market with the different designs and styles. When you choose carefully, you would be able to buy a wallet that is catered to your needs. Not to mention that it will help to enhance your style significantly.</p>\n\n<p style=\"text-align:center\"><img alt=\"f4\" src=\"/storage/news/1.jpg\" /></p>\n\n<p><br />\n&nbsp;</p>\n\n<p><strong><em>For all of the reason above, here are 7 expert tips to help you pick up the right men&rsquo;s wallet for you:</em></strong></p>\n\n<h4><strong>Number 1: Choose A Neat Wallet</strong></h4>\n\n<p>The wallet is an essential accessory that you should go simple. Simplicity is the best in this case. A simple and neat wallet with the plain color and even&nbsp;<strong>minimalist style</strong>&nbsp;is versatile. It can be used for both formal and casual events. In addition, that wallet will go well with most of the clothes in your wardrobe.</p>\n\n<p>Keep in mind that a wallet will tell other people about your personality and your fashion sense as much as other clothes you put on. Hence, don&rsquo;t go cheesy on your wallet or else people will think that you have a funny and particular style.</p>\n\n<p style=\"text-align:center\"><img alt=\"f5\" src=\"/storage/news/2.jpg\" /></p>\n\n<p><br />\n&nbsp;</p>\n<hr />\n<h4><strong>Number 2: Choose The Right Size For Your Wallet</strong></h4>\n\n<p>You should avoid having an over-sized wallet. Don&rsquo;t think that you need to buy a big wallet because you have a lot to carry with you. In addition, a fat wallet is very ugly. It will make it harder for you to slide the wallet into your trousers&rsquo; pocket. In addition, it will create a bulge and ruin your look.</p>\n\n<p>Before you go on to buy a new wallet, clean out your wallet and place all of the items from your wallet on a table. Throw away things that you would never need any more such as the old bills or the expired gift cards. Remember to check your wallet on a frequent basis to get rid of all of the old stuff that you don&rsquo;t need anymore.</p>\n\n<p style=\"text-align:center\"><img alt=\"f1\" src=\"/storage/news/3.jpg\" /></p>\n\n<p><br />\n&nbsp;</p>\n\n<hr />\n<h4><strong>Number 3: Don&rsquo;t Limit Your Options Of Materials</strong></h4>\n\n<p>The types and designs of wallets are not the only things that you should consider when you go out searching for your best wallet. You have more than 1 option of material rather than leather to choose from as well.</p>\n\n<p>You can experiment with other available options such as cotton, polyester and canvas. They all have their own pros and cons. As a result, they will be suitable for different needs and requirements. You should think about them all in order to choose the material which you would like the most.</p>\n\n<p style=\"text-align:center\"><img alt=\"f6\" height=\"375\" src=\"/storage/news/4.jpg\" /></p>\n\n<p><br />\n&nbsp;</p>\n\n<hr />\n<h4><strong>Number 4: Consider A Wallet As A Long Term Investment</strong></h4>\n\n<p>Your wallet is indeed an investment that you should consider spending a decent amount of time and effort on it. Another factor that you need to consider is how much you want to spend on your wallet. The price ranges of wallets on the market vary a great deal. You can find a wallet which is as cheap as about 5 to 7 dollars. On the other hand, you should expect to pay around 250 to 300 dollars for a high-quality wallet.</p>\n\n<p>In case you need a wallet to use for a long time, it is a good idea that you should invest a decent amount of money on a wallet. A high quality wallet from a reputational brand with the premium quality such as cowhide leather will last for a long time. In addition, it is an accessory to show off your fashion sense and your social status.</p>\n\n<p style=\"text-align:center\"><img alt=\"f2\" height=\"400\" src=\"/storage/news/5.jpg\" /></p>\n\n<p>&nbsp;</p>\n','published',1,'Botble\\ACL\\Models\\User',1,'news/5.jpg',1783,NULL,'2021-12-04 04:48:58','2021-12-04 04:48:58'),(6,'We\'re Crushing Hard on Summer\'s 10 Biggest Bag Trends','You should pay more attention when you choose your wallets. There are a lot of them on the market with the different designs and styles. When you choose carefully, you would be able to buy a wallet that is catered to your needs. Not to mention that it will help to enhance your style significantly.','<p>I have seen many people underestimating the power of their wallets. To them, they are just a functional item they use to carry. As a result, they often end up with the wallets which are not really suitable for them.</p>\n\n<p>You should pay more attention when you choose your wallets. There are a lot of them on the market with the different designs and styles. When you choose carefully, you would be able to buy a wallet that is catered to your needs. Not to mention that it will help to enhance your style significantly.</p>\n\n<p style=\"text-align:center\"><img alt=\"f4\" src=\"/storage/news/1.jpg\" /></p>\n\n<p><br />\n&nbsp;</p>\n\n<p><strong><em>For all of the reason above, here are 7 expert tips to help you pick up the right men&rsquo;s wallet for you:</em></strong></p>\n\n<h4><strong>Number 1: Choose A Neat Wallet</strong></h4>\n\n<p>The wallet is an essential accessory that you should go simple. Simplicity is the best in this case. A simple and neat wallet with the plain color and even&nbsp;<strong>minimalist style</strong>&nbsp;is versatile. It can be used for both formal and casual events. In addition, that wallet will go well with most of the clothes in your wardrobe.</p>\n\n<p>Keep in mind that a wallet will tell other people about your personality and your fashion sense as much as other clothes you put on. Hence, don&rsquo;t go cheesy on your wallet or else people will think that you have a funny and particular style.</p>\n\n<p style=\"text-align:center\"><img alt=\"f5\" src=\"/storage/news/2.jpg\" /></p>\n\n<p><br />\n&nbsp;</p>\n<hr />\n<h4><strong>Number 2: Choose The Right Size For Your Wallet</strong></h4>\n\n<p>You should avoid having an over-sized wallet. Don&rsquo;t think that you need to buy a big wallet because you have a lot to carry with you. In addition, a fat wallet is very ugly. It will make it harder for you to slide the wallet into your trousers&rsquo; pocket. In addition, it will create a bulge and ruin your look.</p>\n\n<p>Before you go on to buy a new wallet, clean out your wallet and place all of the items from your wallet on a table. Throw away things that you would never need any more such as the old bills or the expired gift cards. Remember to check your wallet on a frequent basis to get rid of all of the old stuff that you don&rsquo;t need anymore.</p>\n\n<p style=\"text-align:center\"><img alt=\"f1\" src=\"/storage/news/3.jpg\" /></p>\n\n<p><br />\n&nbsp;</p>\n\n<hr />\n<h4><strong>Number 3: Don&rsquo;t Limit Your Options Of Materials</strong></h4>\n\n<p>The types and designs of wallets are not the only things that you should consider when you go out searching for your best wallet. You have more than 1 option of material rather than leather to choose from as well.</p>\n\n<p>You can experiment with other available options such as cotton, polyester and canvas. They all have their own pros and cons. As a result, they will be suitable for different needs and requirements. You should think about them all in order to choose the material which you would like the most.</p>\n\n<p style=\"text-align:center\"><img alt=\"f6\" height=\"375\" src=\"/storage/news/4.jpg\" /></p>\n\n<p><br />\n&nbsp;</p>\n\n<hr />\n<h4><strong>Number 4: Consider A Wallet As A Long Term Investment</strong></h4>\n\n<p>Your wallet is indeed an investment that you should consider spending a decent amount of time and effort on it. Another factor that you need to consider is how much you want to spend on your wallet. The price ranges of wallets on the market vary a great deal. You can find a wallet which is as cheap as about 5 to 7 dollars. On the other hand, you should expect to pay around 250 to 300 dollars for a high-quality wallet.</p>\n\n<p>In case you need a wallet to use for a long time, it is a good idea that you should invest a decent amount of money on a wallet. A high quality wallet from a reputational brand with the premium quality such as cowhide leather will last for a long time. In addition, it is an accessory to show off your fashion sense and your social status.</p>\n\n<p style=\"text-align:center\"><img alt=\"f2\" height=\"400\" src=\"/storage/news/5.jpg\" /></p>\n\n<p>&nbsp;</p>\n','published',1,'Botble\\ACL\\Models\\User',1,'news/6.jpg',718,NULL,'2021-12-04 04:48:58','2021-12-04 04:48:58'),(7,'Essential Qualities of Highly Successful Music','You should pay more attention when you choose your wallets. There are a lot of them on the market with the different designs and styles. When you choose carefully, you would be able to buy a wallet that is catered to your needs. Not to mention that it will help to enhance your style significantly.','<p>I have seen many people underestimating the power of their wallets. To them, they are just a functional item they use to carry. As a result, they often end up with the wallets which are not really suitable for them.</p>\n\n<p>You should pay more attention when you choose your wallets. There are a lot of them on the market with the different designs and styles. When you choose carefully, you would be able to buy a wallet that is catered to your needs. Not to mention that it will help to enhance your style significantly.</p>\n\n<p style=\"text-align:center\"><img alt=\"f4\" src=\"/storage/news/1.jpg\" /></p>\n\n<p><br />\n&nbsp;</p>\n\n<p><strong><em>For all of the reason above, here are 7 expert tips to help you pick up the right men&rsquo;s wallet for you:</em></strong></p>\n\n<h4><strong>Number 1: Choose A Neat Wallet</strong></h4>\n\n<p>The wallet is an essential accessory that you should go simple. Simplicity is the best in this case. A simple and neat wallet with the plain color and even&nbsp;<strong>minimalist style</strong>&nbsp;is versatile. It can be used for both formal and casual events. In addition, that wallet will go well with most of the clothes in your wardrobe.</p>\n\n<p>Keep in mind that a wallet will tell other people about your personality and your fashion sense as much as other clothes you put on. Hence, don&rsquo;t go cheesy on your wallet or else people will think that you have a funny and particular style.</p>\n\n<p style=\"text-align:center\"><img alt=\"f5\" src=\"/storage/news/2.jpg\" /></p>\n\n<p><br />\n&nbsp;</p>\n<hr />\n<h4><strong>Number 2: Choose The Right Size For Your Wallet</strong></h4>\n\n<p>You should avoid having an over-sized wallet. Don&rsquo;t think that you need to buy a big wallet because you have a lot to carry with you. In addition, a fat wallet is very ugly. It will make it harder for you to slide the wallet into your trousers&rsquo; pocket. In addition, it will create a bulge and ruin your look.</p>\n\n<p>Before you go on to buy a new wallet, clean out your wallet and place all of the items from your wallet on a table. Throw away things that you would never need any more such as the old bills or the expired gift cards. Remember to check your wallet on a frequent basis to get rid of all of the old stuff that you don&rsquo;t need anymore.</p>\n\n<p style=\"text-align:center\"><img alt=\"f1\" src=\"/storage/news/3.jpg\" /></p>\n\n<p><br />\n&nbsp;</p>\n\n<hr />\n<h4><strong>Number 3: Don&rsquo;t Limit Your Options Of Materials</strong></h4>\n\n<p>The types and designs of wallets are not the only things that you should consider when you go out searching for your best wallet. You have more than 1 option of material rather than leather to choose from as well.</p>\n\n<p>You can experiment with other available options such as cotton, polyester and canvas. They all have their own pros and cons. As a result, they will be suitable for different needs and requirements. You should think about them all in order to choose the material which you would like the most.</p>\n\n<p style=\"text-align:center\"><img alt=\"f6\" height=\"375\" src=\"/storage/news/4.jpg\" /></p>\n\n<p><br />\n&nbsp;</p>\n\n<hr />\n<h4><strong>Number 4: Consider A Wallet As A Long Term Investment</strong></h4>\n\n<p>Your wallet is indeed an investment that you should consider spending a decent amount of time and effort on it. Another factor that you need to consider is how much you want to spend on your wallet. The price ranges of wallets on the market vary a great deal. You can find a wallet which is as cheap as about 5 to 7 dollars. On the other hand, you should expect to pay around 250 to 300 dollars for a high-quality wallet.</p>\n\n<p>In case you need a wallet to use for a long time, it is a good idea that you should invest a decent amount of money on a wallet. A high quality wallet from a reputational brand with the premium quality such as cowhide leather will last for a long time. In addition, it is an accessory to show off your fashion sense and your social status.</p>\n\n<p style=\"text-align:center\"><img alt=\"f2\" height=\"400\" src=\"/storage/news/5.jpg\" /></p>\n\n<p>&nbsp;</p>\n','published',1,'Botble\\ACL\\Models\\User',1,'news/7.jpg',1690,NULL,'2021-12-04 04:48:58','2021-12-04 04:48:58'),(8,'9 Things I Love About Shaving My Head','You should pay more attention when you choose your wallets. There are a lot of them on the market with the different designs and styles. When you choose carefully, you would be able to buy a wallet that is catered to your needs. Not to mention that it will help to enhance your style significantly.','<p>I have seen many people underestimating the power of their wallets. To them, they are just a functional item they use to carry. As a result, they often end up with the wallets which are not really suitable for them.</p>\n\n<p>You should pay more attention when you choose your wallets. There are a lot of them on the market with the different designs and styles. When you choose carefully, you would be able to buy a wallet that is catered to your needs. Not to mention that it will help to enhance your style significantly.</p>\n\n<p style=\"text-align:center\"><img alt=\"f4\" src=\"/storage/news/1.jpg\" /></p>\n\n<p><br />\n&nbsp;</p>\n\n<p><strong><em>For all of the reason above, here are 7 expert tips to help you pick up the right men&rsquo;s wallet for you:</em></strong></p>\n\n<h4><strong>Number 1: Choose A Neat Wallet</strong></h4>\n\n<p>The wallet is an essential accessory that you should go simple. Simplicity is the best in this case. A simple and neat wallet with the plain color and even&nbsp;<strong>minimalist style</strong>&nbsp;is versatile. It can be used for both formal and casual events. In addition, that wallet will go well with most of the clothes in your wardrobe.</p>\n\n<p>Keep in mind that a wallet will tell other people about your personality and your fashion sense as much as other clothes you put on. Hence, don&rsquo;t go cheesy on your wallet or else people will think that you have a funny and particular style.</p>\n\n<p style=\"text-align:center\"><img alt=\"f5\" src=\"/storage/news/2.jpg\" /></p>\n\n<p><br />\n&nbsp;</p>\n<hr />\n<h4><strong>Number 2: Choose The Right Size For Your Wallet</strong></h4>\n\n<p>You should avoid having an over-sized wallet. Don&rsquo;t think that you need to buy a big wallet because you have a lot to carry with you. In addition, a fat wallet is very ugly. It will make it harder for you to slide the wallet into your trousers&rsquo; pocket. In addition, it will create a bulge and ruin your look.</p>\n\n<p>Before you go on to buy a new wallet, clean out your wallet and place all of the items from your wallet on a table. Throw away things that you would never need any more such as the old bills or the expired gift cards. Remember to check your wallet on a frequent basis to get rid of all of the old stuff that you don&rsquo;t need anymore.</p>\n\n<p style=\"text-align:center\"><img alt=\"f1\" src=\"/storage/news/3.jpg\" /></p>\n\n<p><br />\n&nbsp;</p>\n\n<hr />\n<h4><strong>Number 3: Don&rsquo;t Limit Your Options Of Materials</strong></h4>\n\n<p>The types and designs of wallets are not the only things that you should consider when you go out searching for your best wallet. You have more than 1 option of material rather than leather to choose from as well.</p>\n\n<p>You can experiment with other available options such as cotton, polyester and canvas. They all have their own pros and cons. As a result, they will be suitable for different needs and requirements. You should think about them all in order to choose the material which you would like the most.</p>\n\n<p style=\"text-align:center\"><img alt=\"f6\" height=\"375\" src=\"/storage/news/4.jpg\" /></p>\n\n<p><br />\n&nbsp;</p>\n\n<hr />\n<h4><strong>Number 4: Consider A Wallet As A Long Term Investment</strong></h4>\n\n<p>Your wallet is indeed an investment that you should consider spending a decent amount of time and effort on it. Another factor that you need to consider is how much you want to spend on your wallet. The price ranges of wallets on the market vary a great deal. You can find a wallet which is as cheap as about 5 to 7 dollars. On the other hand, you should expect to pay around 250 to 300 dollars for a high-quality wallet.</p>\n\n<p>In case you need a wallet to use for a long time, it is a good idea that you should invest a decent amount of money on a wallet. A high quality wallet from a reputational brand with the premium quality such as cowhide leather will last for a long time. In addition, it is an accessory to show off your fashion sense and your social status.</p>\n\n<p style=\"text-align:center\"><img alt=\"f2\" height=\"400\" src=\"/storage/news/5.jpg\" /></p>\n\n<p>&nbsp;</p>\n','published',1,'Botble\\ACL\\Models\\User',1,'news/8.jpg',643,NULL,'2021-12-04 04:48:58','2021-12-04 04:48:58'),(9,'Why Teamwork Really Makes The Dream Work','You should pay more attention when you choose your wallets. There are a lot of them on the market with the different designs and styles. When you choose carefully, you would be able to buy a wallet that is catered to your needs. Not to mention that it will help to enhance your style significantly.','<p>I have seen many people underestimating the power of their wallets. To them, they are just a functional item they use to carry. As a result, they often end up with the wallets which are not really suitable for them.</p>\n\n<p>You should pay more attention when you choose your wallets. There are a lot of them on the market with the different designs and styles. When you choose carefully, you would be able to buy a wallet that is catered to your needs. Not to mention that it will help to enhance your style significantly.</p>\n\n<p style=\"text-align:center\"><img alt=\"f4\" src=\"/storage/news/1.jpg\" /></p>\n\n<p><br />\n&nbsp;</p>\n\n<p><strong><em>For all of the reason above, here are 7 expert tips to help you pick up the right men&rsquo;s wallet for you:</em></strong></p>\n\n<h4><strong>Number 1: Choose A Neat Wallet</strong></h4>\n\n<p>The wallet is an essential accessory that you should go simple. Simplicity is the best in this case. A simple and neat wallet with the plain color and even&nbsp;<strong>minimalist style</strong>&nbsp;is versatile. It can be used for both formal and casual events. In addition, that wallet will go well with most of the clothes in your wardrobe.</p>\n\n<p>Keep in mind that a wallet will tell other people about your personality and your fashion sense as much as other clothes you put on. Hence, don&rsquo;t go cheesy on your wallet or else people will think that you have a funny and particular style.</p>\n\n<p style=\"text-align:center\"><img alt=\"f5\" src=\"/storage/news/2.jpg\" /></p>\n\n<p><br />\n&nbsp;</p>\n<hr />\n<h4><strong>Number 2: Choose The Right Size For Your Wallet</strong></h4>\n\n<p>You should avoid having an over-sized wallet. Don&rsquo;t think that you need to buy a big wallet because you have a lot to carry with you. In addition, a fat wallet is very ugly. It will make it harder for you to slide the wallet into your trousers&rsquo; pocket. In addition, it will create a bulge and ruin your look.</p>\n\n<p>Before you go on to buy a new wallet, clean out your wallet and place all of the items from your wallet on a table. Throw away things that you would never need any more such as the old bills or the expired gift cards. Remember to check your wallet on a frequent basis to get rid of all of the old stuff that you don&rsquo;t need anymore.</p>\n\n<p style=\"text-align:center\"><img alt=\"f1\" src=\"/storage/news/3.jpg\" /></p>\n\n<p><br />\n&nbsp;</p>\n\n<hr />\n<h4><strong>Number 3: Don&rsquo;t Limit Your Options Of Materials</strong></h4>\n\n<p>The types and designs of wallets are not the only things that you should consider when you go out searching for your best wallet. You have more than 1 option of material rather than leather to choose from as well.</p>\n\n<p>You can experiment with other available options such as cotton, polyester and canvas. They all have their own pros and cons. As a result, they will be suitable for different needs and requirements. You should think about them all in order to choose the material which you would like the most.</p>\n\n<p style=\"text-align:center\"><img alt=\"f6\" height=\"375\" src=\"/storage/news/4.jpg\" /></p>\n\n<p><br />\n&nbsp;</p>\n\n<hr />\n<h4><strong>Number 4: Consider A Wallet As A Long Term Investment</strong></h4>\n\n<p>Your wallet is indeed an investment that you should consider spending a decent amount of time and effort on it. Another factor that you need to consider is how much you want to spend on your wallet. The price ranges of wallets on the market vary a great deal. You can find a wallet which is as cheap as about 5 to 7 dollars. On the other hand, you should expect to pay around 250 to 300 dollars for a high-quality wallet.</p>\n\n<p>In case you need a wallet to use for a long time, it is a good idea that you should invest a decent amount of money on a wallet. A high quality wallet from a reputational brand with the premium quality such as cowhide leather will last for a long time. In addition, it is an accessory to show off your fashion sense and your social status.</p>\n\n<p style=\"text-align:center\"><img alt=\"f2\" height=\"400\" src=\"/storage/news/5.jpg\" /></p>\n\n<p>&nbsp;</p>\n','published',1,'Botble\\ACL\\Models\\User',1,'news/9.jpg',1828,NULL,'2021-12-04 04:48:58','2021-12-04 04:48:58'),(10,'The World Caters to Average People','You should pay more attention when you choose your wallets. There are a lot of them on the market with the different designs and styles. When you choose carefully, you would be able to buy a wallet that is catered to your needs. Not to mention that it will help to enhance your style significantly.','<p>I have seen many people underestimating the power of their wallets. To them, they are just a functional item they use to carry. As a result, they often end up with the wallets which are not really suitable for them.</p>\n\n<p>You should pay more attention when you choose your wallets. There are a lot of them on the market with the different designs and styles. When you choose carefully, you would be able to buy a wallet that is catered to your needs. Not to mention that it will help to enhance your style significantly.</p>\n\n<p style=\"text-align:center\"><img alt=\"f4\" src=\"/storage/news/1.jpg\" /></p>\n\n<p><br />\n&nbsp;</p>\n\n<p><strong><em>For all of the reason above, here are 7 expert tips to help you pick up the right men&rsquo;s wallet for you:</em></strong></p>\n\n<h4><strong>Number 1: Choose A Neat Wallet</strong></h4>\n\n<p>The wallet is an essential accessory that you should go simple. Simplicity is the best in this case. A simple and neat wallet with the plain color and even&nbsp;<strong>minimalist style</strong>&nbsp;is versatile. It can be used for both formal and casual events. In addition, that wallet will go well with most of the clothes in your wardrobe.</p>\n\n<p>Keep in mind that a wallet will tell other people about your personality and your fashion sense as much as other clothes you put on. Hence, don&rsquo;t go cheesy on your wallet or else people will think that you have a funny and particular style.</p>\n\n<p style=\"text-align:center\"><img alt=\"f5\" src=\"/storage/news/2.jpg\" /></p>\n\n<p><br />\n&nbsp;</p>\n<hr />\n<h4><strong>Number 2: Choose The Right Size For Your Wallet</strong></h4>\n\n<p>You should avoid having an over-sized wallet. Don&rsquo;t think that you need to buy a big wallet because you have a lot to carry with you. In addition, a fat wallet is very ugly. It will make it harder for you to slide the wallet into your trousers&rsquo; pocket. In addition, it will create a bulge and ruin your look.</p>\n\n<p>Before you go on to buy a new wallet, clean out your wallet and place all of the items from your wallet on a table. Throw away things that you would never need any more such as the old bills or the expired gift cards. Remember to check your wallet on a frequent basis to get rid of all of the old stuff that you don&rsquo;t need anymore.</p>\n\n<p style=\"text-align:center\"><img alt=\"f1\" src=\"/storage/news/3.jpg\" /></p>\n\n<p><br />\n&nbsp;</p>\n\n<hr />\n<h4><strong>Number 3: Don&rsquo;t Limit Your Options Of Materials</strong></h4>\n\n<p>The types and designs of wallets are not the only things that you should consider when you go out searching for your best wallet. You have more than 1 option of material rather than leather to choose from as well.</p>\n\n<p>You can experiment with other available options such as cotton, polyester and canvas. They all have their own pros and cons. As a result, they will be suitable for different needs and requirements. You should think about them all in order to choose the material which you would like the most.</p>\n\n<p style=\"text-align:center\"><img alt=\"f6\" height=\"375\" src=\"/storage/news/4.jpg\" /></p>\n\n<p><br />\n&nbsp;</p>\n\n<hr />\n<h4><strong>Number 4: Consider A Wallet As A Long Term Investment</strong></h4>\n\n<p>Your wallet is indeed an investment that you should consider spending a decent amount of time and effort on it. Another factor that you need to consider is how much you want to spend on your wallet. The price ranges of wallets on the market vary a great deal. You can find a wallet which is as cheap as about 5 to 7 dollars. On the other hand, you should expect to pay around 250 to 300 dollars for a high-quality wallet.</p>\n\n<p>In case you need a wallet to use for a long time, it is a good idea that you should invest a decent amount of money on a wallet. A high quality wallet from a reputational brand with the premium quality such as cowhide leather will last for a long time. In addition, it is an accessory to show off your fashion sense and your social status.</p>\n\n<p style=\"text-align:center\"><img alt=\"f2\" height=\"400\" src=\"/storage/news/5.jpg\" /></p>\n\n<p>&nbsp;</p>\n','published',1,'Botble\\ACL\\Models\\User',1,'news/10.jpg',133,NULL,'2021-12-04 04:48:58','2021-12-04 04:48:58'),(11,'The litigants on the screen are not actors','You should pay more attention when you choose your wallets. There are a lot of them on the market with the different designs and styles. When you choose carefully, you would be able to buy a wallet that is catered to your needs. Not to mention that it will help to enhance your style significantly.','<p>I have seen many people underestimating the power of their wallets. To them, they are just a functional item they use to carry. As a result, they often end up with the wallets which are not really suitable for them.</p>\n\n<p>You should pay more attention when you choose your wallets. There are a lot of them on the market with the different designs and styles. When you choose carefully, you would be able to buy a wallet that is catered to your needs. Not to mention that it will help to enhance your style significantly.</p>\n\n<p style=\"text-align:center\"><img alt=\"f4\" src=\"/storage/news/1.jpg\" /></p>\n\n<p><br />\n&nbsp;</p>\n\n<p><strong><em>For all of the reason above, here are 7 expert tips to help you pick up the right men&rsquo;s wallet for you:</em></strong></p>\n\n<h4><strong>Number 1: Choose A Neat Wallet</strong></h4>\n\n<p>The wallet is an essential accessory that you should go simple. Simplicity is the best in this case. A simple and neat wallet with the plain color and even&nbsp;<strong>minimalist style</strong>&nbsp;is versatile. It can be used for both formal and casual events. In addition, that wallet will go well with most of the clothes in your wardrobe.</p>\n\n<p>Keep in mind that a wallet will tell other people about your personality and your fashion sense as much as other clothes you put on. Hence, don&rsquo;t go cheesy on your wallet or else people will think that you have a funny and particular style.</p>\n\n<p style=\"text-align:center\"><img alt=\"f5\" src=\"/storage/news/2.jpg\" /></p>\n\n<p><br />\n&nbsp;</p>\n<hr />\n<h4><strong>Number 2: Choose The Right Size For Your Wallet</strong></h4>\n\n<p>You should avoid having an over-sized wallet. Don&rsquo;t think that you need to buy a big wallet because you have a lot to carry with you. In addition, a fat wallet is very ugly. It will make it harder for you to slide the wallet into your trousers&rsquo; pocket. In addition, it will create a bulge and ruin your look.</p>\n\n<p>Before you go on to buy a new wallet, clean out your wallet and place all of the items from your wallet on a table. Throw away things that you would never need any more such as the old bills or the expired gift cards. Remember to check your wallet on a frequent basis to get rid of all of the old stuff that you don&rsquo;t need anymore.</p>\n\n<p style=\"text-align:center\"><img alt=\"f1\" src=\"/storage/news/3.jpg\" /></p>\n\n<p><br />\n&nbsp;</p>\n\n<hr />\n<h4><strong>Number 3: Don&rsquo;t Limit Your Options Of Materials</strong></h4>\n\n<p>The types and designs of wallets are not the only things that you should consider when you go out searching for your best wallet. You have more than 1 option of material rather than leather to choose from as well.</p>\n\n<p>You can experiment with other available options such as cotton, polyester and canvas. They all have their own pros and cons. As a result, they will be suitable for different needs and requirements. You should think about them all in order to choose the material which you would like the most.</p>\n\n<p style=\"text-align:center\"><img alt=\"f6\" height=\"375\" src=\"/storage/news/4.jpg\" /></p>\n\n<p><br />\n&nbsp;</p>\n\n<hr />\n<h4><strong>Number 4: Consider A Wallet As A Long Term Investment</strong></h4>\n\n<p>Your wallet is indeed an investment that you should consider spending a decent amount of time and effort on it. Another factor that you need to consider is how much you want to spend on your wallet. The price ranges of wallets on the market vary a great deal. You can find a wallet which is as cheap as about 5 to 7 dollars. On the other hand, you should expect to pay around 250 to 300 dollars for a high-quality wallet.</p>\n\n<p>In case you need a wallet to use for a long time, it is a good idea that you should invest a decent amount of money on a wallet. A high quality wallet from a reputational brand with the premium quality such as cowhide leather will last for a long time. In addition, it is an accessory to show off your fashion sense and your social status.</p>\n\n<p style=\"text-align:center\"><img alt=\"f2\" height=\"400\" src=\"/storage/news/5.jpg\" /></p>\n\n<p>&nbsp;</p>\n','published',1,'Botble\\ACL\\Models\\User',0,'news/11.jpg',2181,NULL,'2021-12-04 04:48:58','2021-12-04 04:48:58');
/*!40000 ALTER TABLE `posts` ENABLE KEYS */;
UNLOCK TABLES;

--
-- Table structure for table `posts_translations`
--

DROP TABLE IF EXISTS `posts_translations`;
/*!40101 SET @saved_cs_client     = @@character_set_client */;
/*!40101 SET character_set_client = utf8 */;
CREATE TABLE `posts_translations` (
  `lang_code` varchar(191) COLLATE utf8mb4_unicode_ci NOT NULL,
  `posts_id` int(11) NOT NULL,
  `name` varchar(255) COLLATE utf8mb4_unicode_ci DEFAULT NULL,
  `description` varchar(400) COLLATE utf8mb4_unicode_ci DEFAULT NULL,
  `content` longtext COLLATE utf8mb4_unicode_ci DEFAULT NULL,
  PRIMARY KEY (`lang_code`,`posts_id`)
) ENGINE=InnoDB DEFAULT CHARSET=utf8mb4 COLLATE=utf8mb4_unicode_ci;
/*!40101 SET character_set_client = @saved_cs_client */;

--
-- Dumping data for table `posts_translations`
--

LOCK TABLES `posts_translations` WRITE;
/*!40000 ALTER TABLE `posts_translations` DISABLE KEYS */;
INSERT INTO `posts_translations` VALUES ('vi',1,'4 Lời khuyên của Chuyên gia về Cách Chọn Ví Nam Phù hợp','Bạn nên chú ý hơn khi chọn ví. Có rất nhiều trong số chúng trên thị trường với các mẫu mã và phong cách khác nhau. Khi bạn lựa chọn cẩn thận, bạn sẽ có thể mua một chiếc ví phù hợp với nhu cầu của bạn. Chưa kể nó sẽ giúp nâng tầm phong cách của bạn một cách đáng kể.','<p>I have seen many people underestimating the power of their wallets. To them, they are just a functional item they use to carry. As a result, they often end up with the wallets which are not really suitable for them.</p>\n\n<p>You should pay more attention when you choose your wallets. There are a lot of them on the market with the different designs and styles. When you choose carefully, you would be able to buy a wallet that is catered to your needs. Not to mention that it will help to enhance your style significantly.</p>\n\n<p style=\"text-align:center\"><img alt=\"f4\" src=\"/storage/news/1.jpg\" /></p>\n\n<p><br />\n&nbsp;</p>\n\n<p><strong><em>For all of the reason above, here are 7 expert tips to help you pick up the right men&rsquo;s wallet for you:</em></strong></p>\n\n<h4><strong>Number 1: Choose A Neat Wallet</strong></h4>\n\n<p>The wallet is an essential accessory that you should go simple. Simplicity is the best in this case. A simple and neat wallet with the plain color and even&nbsp;<strong>minimalist style</strong>&nbsp;is versatile. It can be used for both formal and casual events. In addition, that wallet will go well with most of the clothes in your wardrobe.</p>\n\n<p>Keep in mind that a wallet will tell other people about your personality and your fashion sense as much as other clothes you put on. Hence, don&rsquo;t go cheesy on your wallet or else people will think that you have a funny and particular style.</p>\n\n<p style=\"text-align:center\"><img alt=\"f5\" src=\"/storage/news/2.jpg\" /></p>\n\n<p><br />\n&nbsp;</p>\n<hr />\n<h4><strong>Number 2: Choose The Right Size For Your Wallet</strong></h4>\n\n<p>You should avoid having an over-sized wallet. Don&rsquo;t think that you need to buy a big wallet because you have a lot to carry with you. In addition, a fat wallet is very ugly. It will make it harder for you to slide the wallet into your trousers&rsquo; pocket. In addition, it will create a bulge and ruin your look.</p>\n\n<p>Before you go on to buy a new wallet, clean out your wallet and place all of the items from your wallet on a table. Throw away things that you would never need any more such as the old bills or the expired gift cards. Remember to check your wallet on a frequent basis to get rid of all of the old stuff that you don&rsquo;t need anymore.</p>\n\n<p style=\"text-align:center\"><img alt=\"f1\" src=\"/storage/news/3.jpg\" /></p>\n\n<p><br />\n&nbsp;</p>\n\n<hr />\n<h4><strong>Number 3: Don&rsquo;t Limit Your Options Of Materials</strong></h4>\n\n<p>The types and designs of wallets are not the only things that you should consider when you go out searching for your best wallet. You have more than 1 option of material rather than leather to choose from as well.</p>\n\n<p>You can experiment with other available options such as cotton, polyester and canvas. They all have their own pros and cons. As a result, they will be suitable for different needs and requirements. You should think about them all in order to choose the material which you would like the most.</p>\n\n<p style=\"text-align:center\"><img alt=\"f6\" height=\"375\" src=\"/storage/news/4.jpg\" /></p>\n\n<p><br />\n&nbsp;</p>\n\n<hr />\n<h4><strong>Number 4: Consider A Wallet As A Long Term Investment</strong></h4>\n\n<p>Your wallet is indeed an investment that you should consider spending a decent amount of time and effort on it. Another factor that you need to consider is how much you want to spend on your wallet. The price ranges of wallets on the market vary a great deal. You can find a wallet which is as cheap as about 5 to 7 dollars. On the other hand, you should expect to pay around 250 to 300 dollars for a high-quality wallet.</p>\n\n<p>In case you need a wallet to use for a long time, it is a good idea that you should invest a decent amount of money on a wallet. A high quality wallet from a reputational brand with the premium quality such as cowhide leather will last for a long time. In addition, it is an accessory to show off your fashion sense and your social status.</p>\n\n<p style=\"text-align:center\"><img alt=\"f2\" height=\"400\" src=\"/storage/news/5.jpg\" /></p>\n\n<p>&nbsp;</p>\n'),('vi',2,'Sexy Clutches: Cách Mua & Đeo Túi Clutch Thiết kế','Bạn nên chú ý hơn khi chọn ví. Có rất nhiều trong số chúng trên thị trường với các mẫu mã và phong cách khác nhau. Khi bạn lựa chọn cẩn thận, bạn sẽ có thể mua một chiếc ví phù hợp với nhu cầu của bạn. Chưa kể nó sẽ giúp nâng tầm phong cách của bạn một cách đáng kể.','<p>I have seen many people underestimating the power of their wallets. To them, they are just a functional item they use to carry. As a result, they often end up with the wallets which are not really suitable for them.</p>\n\n<p>You should pay more attention when you choose your wallets. There are a lot of them on the market with the different designs and styles. When you choose carefully, you would be able to buy a wallet that is catered to your needs. Not to mention that it will help to enhance your style significantly.</p>\n\n<p style=\"text-align:center\"><img alt=\"f4\" src=\"/storage/news/1.jpg\" /></p>\n\n<p><br />\n&nbsp;</p>\n\n<p><strong><em>For all of the reason above, here are 7 expert tips to help you pick up the right men&rsquo;s wallet for you:</em></strong></p>\n\n<h4><strong>Number 1: Choose A Neat Wallet</strong></h4>\n\n<p>The wallet is an essential accessory that you should go simple. Simplicity is the best in this case. A simple and neat wallet with the plain color and even&nbsp;<strong>minimalist style</strong>&nbsp;is versatile. It can be used for both formal and casual events. In addition, that wallet will go well with most of the clothes in your wardrobe.</p>\n\n<p>Keep in mind that a wallet will tell other people about your personality and your fashion sense as much as other clothes you put on. Hence, don&rsquo;t go cheesy on your wallet or else people will think that you have a funny and particular style.</p>\n\n<p style=\"text-align:center\"><img alt=\"f5\" src=\"/storage/news/2.jpg\" /></p>\n\n<p><br />\n&nbsp;</p>\n<hr />\n<h4><strong>Number 2: Choose The Right Size For Your Wallet</strong></h4>\n\n<p>You should avoid having an over-sized wallet. Don&rsquo;t think that you need to buy a big wallet because you have a lot to carry with you. In addition, a fat wallet is very ugly. It will make it harder for you to slide the wallet into your trousers&rsquo; pocket. In addition, it will create a bulge and ruin your look.</p>\n\n<p>Before you go on to buy a new wallet, clean out your wallet and place all of the items from your wallet on a table. Throw away things that you would never need any more such as the old bills or the expired gift cards. Remember to check your wallet on a frequent basis to get rid of all of the old stuff that you don&rsquo;t need anymore.</p>\n\n<p style=\"text-align:center\"><img alt=\"f1\" src=\"/storage/news/3.jpg\" /></p>\n\n<p><br />\n&nbsp;</p>\n\n<hr />\n<h4><strong>Number 3: Don&rsquo;t Limit Your Options Of Materials</strong></h4>\n\n<p>The types and designs of wallets are not the only things that you should consider when you go out searching for your best wallet. You have more than 1 option of material rather than leather to choose from as well.</p>\n\n<p>You can experiment with other available options such as cotton, polyester and canvas. They all have their own pros and cons. As a result, they will be suitable for different needs and requirements. You should think about them all in order to choose the material which you would like the most.</p>\n\n<p style=\"text-align:center\"><img alt=\"f6\" height=\"375\" src=\"/storage/news/4.jpg\" /></p>\n\n<p><br />\n&nbsp;</p>\n\n<hr />\n<h4><strong>Number 4: Consider A Wallet As A Long Term Investment</strong></h4>\n\n<p>Your wallet is indeed an investment that you should consider spending a decent amount of time and effort on it. Another factor that you need to consider is how much you want to spend on your wallet. The price ranges of wallets on the market vary a great deal. You can find a wallet which is as cheap as about 5 to 7 dollars. On the other hand, you should expect to pay around 250 to 300 dollars for a high-quality wallet.</p>\n\n<p>In case you need a wallet to use for a long time, it is a good idea that you should invest a decent amount of money on a wallet. A high quality wallet from a reputational brand with the premium quality such as cowhide leather will last for a long time. In addition, it is an accessory to show off your fashion sense and your social status.</p>\n\n<p style=\"text-align:center\"><img alt=\"f2\" height=\"400\" src=\"/storage/news/5.jpg\" /></p>\n\n<p>&nbsp;</p>\n'),('vi',3,'Xu hướng túi xách hàng đầu năm 2020 cần biết','Bạn nên chú ý hơn khi chọn ví. Có rất nhiều trong số chúng trên thị trường với các mẫu mã và phong cách khác nhau. Khi bạn lựa chọn cẩn thận, bạn sẽ có thể mua một chiếc ví phù hợp với nhu cầu của bạn. Chưa kể nó sẽ giúp nâng tầm phong cách của bạn một cách đáng kể.','<p>I have seen many people underestimating the power of their wallets. To them, they are just a functional item they use to carry. As a result, they often end up with the wallets which are not really suitable for them.</p>\n\n<p>You should pay more attention when you choose your wallets. There are a lot of them on the market with the different designs and styles. When you choose carefully, you would be able to buy a wallet that is catered to your needs. Not to mention that it will help to enhance your style significantly.</p>\n\n<p style=\"text-align:center\"><img alt=\"f4\" src=\"/storage/news/1.jpg\" /></p>\n\n<p><br />\n&nbsp;</p>\n\n<p><strong><em>For all of the reason above, here are 7 expert tips to help you pick up the right men&rsquo;s wallet for you:</em></strong></p>\n\n<h4><strong>Number 1: Choose A Neat Wallet</strong></h4>\n\n<p>The wallet is an essential accessory that you should go simple. Simplicity is the best in this case. A simple and neat wallet with the plain color and even&nbsp;<strong>minimalist style</strong>&nbsp;is versatile. It can be used for both formal and casual events. In addition, that wallet will go well with most of the clothes in your wardrobe.</p>\n\n<p>Keep in mind that a wallet will tell other people about your personality and your fashion sense as much as other clothes you put on. Hence, don&rsquo;t go cheesy on your wallet or else people will think that you have a funny and particular style.</p>\n\n<p style=\"text-align:center\"><img alt=\"f5\" src=\"/storage/news/2.jpg\" /></p>\n\n<p><br />\n&nbsp;</p>\n<hr />\n<h4><strong>Number 2: Choose The Right Size For Your Wallet</strong></h4>\n\n<p>You should avoid having an over-sized wallet. Don&rsquo;t think that you need to buy a big wallet because you have a lot to carry with you. In addition, a fat wallet is very ugly. It will make it harder for you to slide the wallet into your trousers&rsquo; pocket. In addition, it will create a bulge and ruin your look.</p>\n\n<p>Before you go on to buy a new wallet, clean out your wallet and place all of the items from your wallet on a table. Throw away things that you would never need any more such as the old bills or the expired gift cards. Remember to check your wallet on a frequent basis to get rid of all of the old stuff that you don&rsquo;t need anymore.</p>\n\n<p style=\"text-align:center\"><img alt=\"f1\" src=\"/storage/news/3.jpg\" /></p>\n\n<p><br />\n&nbsp;</p>\n\n<hr />\n<h4><strong>Number 3: Don&rsquo;t Limit Your Options Of Materials</strong></h4>\n\n<p>The types and designs of wallets are not the only things that you should consider when you go out searching for your best wallet. You have more than 1 option of material rather than leather to choose from as well.</p>\n\n<p>You can experiment with other available options such as cotton, polyester and canvas. They all have their own pros and cons. As a result, they will be suitable for different needs and requirements. You should think about them all in order to choose the material which you would like the most.</p>\n\n<p style=\"text-align:center\"><img alt=\"f6\" height=\"375\" src=\"/storage/news/4.jpg\" /></p>\n\n<p><br />\n&nbsp;</p>\n\n<hr />\n<h4><strong>Number 4: Consider A Wallet As A Long Term Investment</strong></h4>\n\n<p>Your wallet is indeed an investment that you should consider spending a decent amount of time and effort on it. Another factor that you need to consider is how much you want to spend on your wallet. The price ranges of wallets on the market vary a great deal. You can find a wallet which is as cheap as about 5 to 7 dollars. On the other hand, you should expect to pay around 250 to 300 dollars for a high-quality wallet.</p>\n\n<p>In case you need a wallet to use for a long time, it is a good idea that you should invest a decent amount of money on a wallet. A high quality wallet from a reputational brand with the premium quality such as cowhide leather will last for a long time. In addition, it is an accessory to show off your fashion sense and your social status.</p>\n\n<p style=\"text-align:center\"><img alt=\"f2\" height=\"400\" src=\"/storage/news/5.jpg\" /></p>\n\n<p>&nbsp;</p>\n'),('vi',4,'Cách Phối Màu Túi Xách Của Bạn Với Trang Phục','Bạn nên chú ý hơn khi chọn ví. Có rất nhiều trong số chúng trên thị trường với các mẫu mã và phong cách khác nhau. Khi bạn lựa chọn cẩn thận, bạn sẽ có thể mua một chiếc ví phù hợp với nhu cầu của bạn. Chưa kể nó sẽ giúp nâng tầm phong cách của bạn một cách đáng kể.','<p>I have seen many people underestimating the power of their wallets. To them, they are just a functional item they use to carry. As a result, they often end up with the wallets which are not really suitable for them.</p>\n\n<p>You should pay more attention when you choose your wallets. There are a lot of them on the market with the different designs and styles. When you choose carefully, you would be able to buy a wallet that is catered to your needs. Not to mention that it will help to enhance your style significantly.</p>\n\n<p style=\"text-align:center\"><img alt=\"f4\" src=\"/storage/news/1.jpg\" /></p>\n\n<p><br />\n&nbsp;</p>\n\n<p><strong><em>For all of the reason above, here are 7 expert tips to help you pick up the right men&rsquo;s wallet for you:</em></strong></p>\n\n<h4><strong>Number 1: Choose A Neat Wallet</strong></h4>\n\n<p>The wallet is an essential accessory that you should go simple. Simplicity is the best in this case. A simple and neat wallet with the plain color and even&nbsp;<strong>minimalist style</strong>&nbsp;is versatile. It can be used for both formal and casual events. In addition, that wallet will go well with most of the clothes in your wardrobe.</p>\n\n<p>Keep in mind that a wallet will tell other people about your personality and your fashion sense as much as other clothes you put on. Hence, don&rsquo;t go cheesy on your wallet or else people will think that you have a funny and particular style.</p>\n\n<p style=\"text-align:center\"><img alt=\"f5\" src=\"/storage/news/2.jpg\" /></p>\n\n<p><br />\n&nbsp;</p>\n<hr />\n<h4><strong>Number 2: Choose The Right Size For Your Wallet</strong></h4>\n\n<p>You should avoid having an over-sized wallet. Don&rsquo;t think that you need to buy a big wallet because you have a lot to carry with you. In addition, a fat wallet is very ugly. It will make it harder for you to slide the wallet into your trousers&rsquo; pocket. In addition, it will create a bulge and ruin your look.</p>\n\n<p>Before you go on to buy a new wallet, clean out your wallet and place all of the items from your wallet on a table. Throw away things that you would never need any more such as the old bills or the expired gift cards. Remember to check your wallet on a frequent basis to get rid of all of the old stuff that you don&rsquo;t need anymore.</p>\n\n<p style=\"text-align:center\"><img alt=\"f1\" src=\"/storage/news/3.jpg\" /></p>\n\n<p><br />\n&nbsp;</p>\n\n<hr />\n<h4><strong>Number 3: Don&rsquo;t Limit Your Options Of Materials</strong></h4>\n\n<p>The types and designs of wallets are not the only things that you should consider when you go out searching for your best wallet. You have more than 1 option of material rather than leather to choose from as well.</p>\n\n<p>You can experiment with other available options such as cotton, polyester and canvas. They all have their own pros and cons. As a result, they will be suitable for different needs and requirements. You should think about them all in order to choose the material which you would like the most.</p>\n\n<p style=\"text-align:center\"><img alt=\"f6\" height=\"375\" src=\"/storage/news/4.jpg\" /></p>\n\n<p><br />\n&nbsp;</p>\n\n<hr />\n<h4><strong>Number 4: Consider A Wallet As A Long Term Investment</strong></h4>\n\n<p>Your wallet is indeed an investment that you should consider spending a decent amount of time and effort on it. Another factor that you need to consider is how much you want to spend on your wallet. The price ranges of wallets on the market vary a great deal. You can find a wallet which is as cheap as about 5 to 7 dollars. On the other hand, you should expect to pay around 250 to 300 dollars for a high-quality wallet.</p>\n\n<p>In case you need a wallet to use for a long time, it is a good idea that you should invest a decent amount of money on a wallet. A high quality wallet from a reputational brand with the premium quality such as cowhide leather will last for a long time. In addition, it is an accessory to show off your fashion sense and your social status.</p>\n\n<p style=\"text-align:center\"><img alt=\"f2\" height=\"400\" src=\"/storage/news/5.jpg\" /></p>\n\n<p>&nbsp;</p>\n'),('vi',5,'Cách Chăm sóc Túi Da','Bạn nên chú ý hơn khi chọn ví. Có rất nhiều trong số chúng trên thị trường với các mẫu mã và phong cách khác nhau. Khi bạn lựa chọn cẩn thận, bạn sẽ có thể mua một chiếc ví phù hợp với nhu cầu của bạn. Chưa kể nó sẽ giúp nâng tầm phong cách của bạn một cách đáng kể.','<p>I have seen many people underestimating the power of their wallets. To them, they are just a functional item they use to carry. As a result, they often end up with the wallets which are not really suitable for them.</p>\n\n<p>You should pay more attention when you choose your wallets. There are a lot of them on the market with the different designs and styles. When you choose carefully, you would be able to buy a wallet that is catered to your needs. Not to mention that it will help to enhance your style significantly.</p>\n\n<p style=\"text-align:center\"><img alt=\"f4\" src=\"/storage/news/1.jpg\" /></p>\n\n<p><br />\n&nbsp;</p>\n\n<p><strong><em>For all of the reason above, here are 7 expert tips to help you pick up the right men&rsquo;s wallet for you:</em></strong></p>\n\n<h4><strong>Number 1: Choose A Neat Wallet</strong></h4>\n\n<p>The wallet is an essential accessory that you should go simple. Simplicity is the best in this case. A simple and neat wallet with the plain color and even&nbsp;<strong>minimalist style</strong>&nbsp;is versatile. It can be used for both formal and casual events. In addition, that wallet will go well with most of the clothes in your wardrobe.</p>\n\n<p>Keep in mind that a wallet will tell other people about your personality and your fashion sense as much as other clothes you put on. Hence, don&rsquo;t go cheesy on your wallet or else people will think that you have a funny and particular style.</p>\n\n<p style=\"text-align:center\"><img alt=\"f5\" src=\"/storage/news/2.jpg\" /></p>\n\n<p><br />\n&nbsp;</p>\n<hr />\n<h4><strong>Number 2: Choose The Right Size For Your Wallet</strong></h4>\n\n<p>You should avoid having an over-sized wallet. Don&rsquo;t think that you need to buy a big wallet because you have a lot to carry with you. In addition, a fat wallet is very ugly. It will make it harder for you to slide the wallet into your trousers&rsquo; pocket. In addition, it will create a bulge and ruin your look.</p>\n\n<p>Before you go on to buy a new wallet, clean out your wallet and place all of the items from your wallet on a table. Throw away things that you would never need any more such as the old bills or the expired gift cards. Remember to check your wallet on a frequent basis to get rid of all of the old stuff that you don&rsquo;t need anymore.</p>\n\n<p style=\"text-align:center\"><img alt=\"f1\" src=\"/storage/news/3.jpg\" /></p>\n\n<p><br />\n&nbsp;</p>\n\n<hr />\n<h4><strong>Number 3: Don&rsquo;t Limit Your Options Of Materials</strong></h4>\n\n<p>The types and designs of wallets are not the only things that you should consider when you go out searching for your best wallet. You have more than 1 option of material rather than leather to choose from as well.</p>\n\n<p>You can experiment with other available options such as cotton, polyester and canvas. They all have their own pros and cons. As a result, they will be suitable for different needs and requirements. You should think about them all in order to choose the material which you would like the most.</p>\n\n<p style=\"text-align:center\"><img alt=\"f6\" height=\"375\" src=\"/storage/news/4.jpg\" /></p>\n\n<p><br />\n&nbsp;</p>\n\n<hr />\n<h4><strong>Number 4: Consider A Wallet As A Long Term Investment</strong></h4>\n\n<p>Your wallet is indeed an investment that you should consider spending a decent amount of time and effort on it. Another factor that you need to consider is how much you want to spend on your wallet. The price ranges of wallets on the market vary a great deal. You can find a wallet which is as cheap as about 5 to 7 dollars. On the other hand, you should expect to pay around 250 to 300 dollars for a high-quality wallet.</p>\n\n<p>In case you need a wallet to use for a long time, it is a good idea that you should invest a decent amount of money on a wallet. A high quality wallet from a reputational brand with the premium quality such as cowhide leather will last for a long time. In addition, it is an accessory to show off your fashion sense and your social status.</p>\n\n<p style=\"text-align:center\"><img alt=\"f2\" height=\"400\" src=\"/storage/news/5.jpg\" /></p>\n\n<p>&nbsp;</p>\n'),('vi',6,'Chúng tôi đang nghiền ngẫm 10 xu hướng túi lớn nhất của mùa hè','Bạn nên chú ý hơn khi chọn ví. Có rất nhiều trong số chúng trên thị trường với các mẫu mã và phong cách khác nhau. Khi bạn lựa chọn cẩn thận, bạn sẽ có thể mua một chiếc ví phù hợp với nhu cầu của bạn. Chưa kể nó sẽ giúp nâng tầm phong cách của bạn một cách đáng kể.','<p>I have seen many people underestimating the power of their wallets. To them, they are just a functional item they use to carry. As a result, they often end up with the wallets which are not really suitable for them.</p>\n\n<p>You should pay more attention when you choose your wallets. There are a lot of them on the market with the different designs and styles. When you choose carefully, you would be able to buy a wallet that is catered to your needs. Not to mention that it will help to enhance your style significantly.</p>\n\n<p style=\"text-align:center\"><img alt=\"f4\" src=\"/storage/news/1.jpg\" /></p>\n\n<p><br />\n&nbsp;</p>\n\n<p><strong><em>For all of the reason above, here are 7 expert tips to help you pick up the right men&rsquo;s wallet for you:</em></strong></p>\n\n<h4><strong>Number 1: Choose A Neat Wallet</strong></h4>\n\n<p>The wallet is an essential accessory that you should go simple. Simplicity is the best in this case. A simple and neat wallet with the plain color and even&nbsp;<strong>minimalist style</strong>&nbsp;is versatile. It can be used for both formal and casual events. In addition, that wallet will go well with most of the clothes in your wardrobe.</p>\n\n<p>Keep in mind that a wallet will tell other people about your personality and your fashion sense as much as other clothes you put on. Hence, don&rsquo;t go cheesy on your wallet or else people will think that you have a funny and particular style.</p>\n\n<p style=\"text-align:center\"><img alt=\"f5\" src=\"/storage/news/2.jpg\" /></p>\n\n<p><br />\n&nbsp;</p>\n<hr />\n<h4><strong>Number 2: Choose The Right Size For Your Wallet</strong></h4>\n\n<p>You should avoid having an over-sized wallet. Don&rsquo;t think that you need to buy a big wallet because you have a lot to carry with you. In addition, a fat wallet is very ugly. It will make it harder for you to slide the wallet into your trousers&rsquo; pocket. In addition, it will create a bulge and ruin your look.</p>\n\n<p>Before you go on to buy a new wallet, clean out your wallet and place all of the items from your wallet on a table. Throw away things that you would never need any more such as the old bills or the expired gift cards. Remember to check your wallet on a frequent basis to get rid of all of the old stuff that you don&rsquo;t need anymore.</p>\n\n<p style=\"text-align:center\"><img alt=\"f1\" src=\"/storage/news/3.jpg\" /></p>\n\n<p><br />\n&nbsp;</p>\n\n<hr />\n<h4><strong>Number 3: Don&rsquo;t Limit Your Options Of Materials</strong></h4>\n\n<p>The types and designs of wallets are not the only things that you should consider when you go out searching for your best wallet. You have more than 1 option of material rather than leather to choose from as well.</p>\n\n<p>You can experiment with other available options such as cotton, polyester and canvas. They all have their own pros and cons. As a result, they will be suitable for different needs and requirements. You should think about them all in order to choose the material which you would like the most.</p>\n\n<p style=\"text-align:center\"><img alt=\"f6\" height=\"375\" src=\"/storage/news/4.jpg\" /></p>\n\n<p><br />\n&nbsp;</p>\n\n<hr />\n<h4><strong>Number 4: Consider A Wallet As A Long Term Investment</strong></h4>\n\n<p>Your wallet is indeed an investment that you should consider spending a decent amount of time and effort on it. Another factor that you need to consider is how much you want to spend on your wallet. The price ranges of wallets on the market vary a great deal. You can find a wallet which is as cheap as about 5 to 7 dollars. On the other hand, you should expect to pay around 250 to 300 dollars for a high-quality wallet.</p>\n\n<p>In case you need a wallet to use for a long time, it is a good idea that you should invest a decent amount of money on a wallet. A high quality wallet from a reputational brand with the premium quality such as cowhide leather will last for a long time. In addition, it is an accessory to show off your fashion sense and your social status.</p>\n\n<p style=\"text-align:center\"><img alt=\"f2\" height=\"400\" src=\"/storage/news/5.jpg\" /></p>\n\n<p>&nbsp;</p>\n'),('vi',7,'Những phẩm chất cần thiết của âm nhạc thành công cao','Bạn nên chú ý hơn khi chọn ví. Có rất nhiều trong số chúng trên thị trường với các mẫu mã và phong cách khác nhau. Khi bạn lựa chọn cẩn thận, bạn sẽ có thể mua một chiếc ví phù hợp với nhu cầu của bạn. Chưa kể nó sẽ giúp nâng tầm phong cách của bạn một cách đáng kể.','<p>I have seen many people underestimating the power of their wallets. To them, they are just a functional item they use to carry. As a result, they often end up with the wallets which are not really suitable for them.</p>\n\n<p>You should pay more attention when you choose your wallets. There are a lot of them on the market with the different designs and styles. When you choose carefully, you would be able to buy a wallet that is catered to your needs. Not to mention that it will help to enhance your style significantly.</p>\n\n<p style=\"text-align:center\"><img alt=\"f4\" src=\"/storage/news/1.jpg\" /></p>\n\n<p><br />\n&nbsp;</p>\n\n<p><strong><em>For all of the reason above, here are 7 expert tips to help you pick up the right men&rsquo;s wallet for you:</em></strong></p>\n\n<h4><strong>Number 1: Choose A Neat Wallet</strong></h4>\n\n<p>The wallet is an essential accessory that you should go simple. Simplicity is the best in this case. A simple and neat wallet with the plain color and even&nbsp;<strong>minimalist style</strong>&nbsp;is versatile. It can be used for both formal and casual events. In addition, that wallet will go well with most of the clothes in your wardrobe.</p>\n\n<p>Keep in mind that a wallet will tell other people about your personality and your fashion sense as much as other clothes you put on. Hence, don&rsquo;t go cheesy on your wallet or else people will think that you have a funny and particular style.</p>\n\n<p style=\"text-align:center\"><img alt=\"f5\" src=\"/storage/news/2.jpg\" /></p>\n\n<p><br />\n&nbsp;</p>\n<hr />\n<h4><strong>Number 2: Choose The Right Size For Your Wallet</strong></h4>\n\n<p>You should avoid having an over-sized wallet. Don&rsquo;t think that you need to buy a big wallet because you have a lot to carry with you. In addition, a fat wallet is very ugly. It will make it harder for you to slide the wallet into your trousers&rsquo; pocket. In addition, it will create a bulge and ruin your look.</p>\n\n<p>Before you go on to buy a new wallet, clean out your wallet and place all of the items from your wallet on a table. Throw away things that you would never need any more such as the old bills or the expired gift cards. Remember to check your wallet on a frequent basis to get rid of all of the old stuff that you don&rsquo;t need anymore.</p>\n\n<p style=\"text-align:center\"><img alt=\"f1\" src=\"/storage/news/3.jpg\" /></p>\n\n<p><br />\n&nbsp;</p>\n\n<hr />\n<h4><strong>Number 3: Don&rsquo;t Limit Your Options Of Materials</strong></h4>\n\n<p>The types and designs of wallets are not the only things that you should consider when you go out searching for your best wallet. You have more than 1 option of material rather than leather to choose from as well.</p>\n\n<p>You can experiment with other available options such as cotton, polyester and canvas. They all have their own pros and cons. As a result, they will be suitable for different needs and requirements. You should think about them all in order to choose the material which you would like the most.</p>\n\n<p style=\"text-align:center\"><img alt=\"f6\" height=\"375\" src=\"/storage/news/4.jpg\" /></p>\n\n<p><br />\n&nbsp;</p>\n\n<hr />\n<h4><strong>Number 4: Consider A Wallet As A Long Term Investment</strong></h4>\n\n<p>Your wallet is indeed an investment that you should consider spending a decent amount of time and effort on it. Another factor that you need to consider is how much you want to spend on your wallet. The price ranges of wallets on the market vary a great deal. You can find a wallet which is as cheap as about 5 to 7 dollars. On the other hand, you should expect to pay around 250 to 300 dollars for a high-quality wallet.</p>\n\n<p>In case you need a wallet to use for a long time, it is a good idea that you should invest a decent amount of money on a wallet. A high quality wallet from a reputational brand with the premium quality such as cowhide leather will last for a long time. In addition, it is an accessory to show off your fashion sense and your social status.</p>\n\n<p style=\"text-align:center\"><img alt=\"f2\" height=\"400\" src=\"/storage/news/5.jpg\" /></p>\n\n<p>&nbsp;</p>\n'),('vi',8,'9 điều tôi thích khi cạo đầu','Bạn nên chú ý hơn khi chọn ví. Có rất nhiều trong số chúng trên thị trường với các mẫu mã và phong cách khác nhau. Khi bạn lựa chọn cẩn thận, bạn sẽ có thể mua một chiếc ví phù hợp với nhu cầu của bạn. Chưa kể nó sẽ giúp nâng tầm phong cách của bạn một cách đáng kể.','<p>I have seen many people underestimating the power of their wallets. To them, they are just a functional item they use to carry. As a result, they often end up with the wallets which are not really suitable for them.</p>\n\n<p>You should pay more attention when you choose your wallets. There are a lot of them on the market with the different designs and styles. When you choose carefully, you would be able to buy a wallet that is catered to your needs. Not to mention that it will help to enhance your style significantly.</p>\n\n<p style=\"text-align:center\"><img alt=\"f4\" src=\"/storage/news/1.jpg\" /></p>\n\n<p><br />\n&nbsp;</p>\n\n<p><strong><em>For all of the reason above, here are 7 expert tips to help you pick up the right men&rsquo;s wallet for you:</em></strong></p>\n\n<h4><strong>Number 1: Choose A Neat Wallet</strong></h4>\n\n<p>The wallet is an essential accessory that you should go simple. Simplicity is the best in this case. A simple and neat wallet with the plain color and even&nbsp;<strong>minimalist style</strong>&nbsp;is versatile. It can be used for both formal and casual events. In addition, that wallet will go well with most of the clothes in your wardrobe.</p>\n\n<p>Keep in mind that a wallet will tell other people about your personality and your fashion sense as much as other clothes you put on. Hence, don&rsquo;t go cheesy on your wallet or else people will think that you have a funny and particular style.</p>\n\n<p style=\"text-align:center\"><img alt=\"f5\" src=\"/storage/news/2.jpg\" /></p>\n\n<p><br />\n&nbsp;</p>\n<hr />\n<h4><strong>Number 2: Choose The Right Size For Your Wallet</strong></h4>\n\n<p>You should avoid having an over-sized wallet. Don&rsquo;t think that you need to buy a big wallet because you have a lot to carry with you. In addition, a fat wallet is very ugly. It will make it harder for you to slide the wallet into your trousers&rsquo; pocket. In addition, it will create a bulge and ruin your look.</p>\n\n<p>Before you go on to buy a new wallet, clean out your wallet and place all of the items from your wallet on a table. Throw away things that you would never need any more such as the old bills or the expired gift cards. Remember to check your wallet on a frequent basis to get rid of all of the old stuff that you don&rsquo;t need anymore.</p>\n\n<p style=\"text-align:center\"><img alt=\"f1\" src=\"/storage/news/3.jpg\" /></p>\n\n<p><br />\n&nbsp;</p>\n\n<hr />\n<h4><strong>Number 3: Don&rsquo;t Limit Your Options Of Materials</strong></h4>\n\n<p>The types and designs of wallets are not the only things that you should consider when you go out searching for your best wallet. You have more than 1 option of material rather than leather to choose from as well.</p>\n\n<p>You can experiment with other available options such as cotton, polyester and canvas. They all have their own pros and cons. As a result, they will be suitable for different needs and requirements. You should think about them all in order to choose the material which you would like the most.</p>\n\n<p style=\"text-align:center\"><img alt=\"f6\" height=\"375\" src=\"/storage/news/4.jpg\" /></p>\n\n<p><br />\n&nbsp;</p>\n\n<hr />\n<h4><strong>Number 4: Consider A Wallet As A Long Term Investment</strong></h4>\n\n<p>Your wallet is indeed an investment that you should consider spending a decent amount of time and effort on it. Another factor that you need to consider is how much you want to spend on your wallet. The price ranges of wallets on the market vary a great deal. You can find a wallet which is as cheap as about 5 to 7 dollars. On the other hand, you should expect to pay around 250 to 300 dollars for a high-quality wallet.</p>\n\n<p>In case you need a wallet to use for a long time, it is a good idea that you should invest a decent amount of money on a wallet. A high quality wallet from a reputational brand with the premium quality such as cowhide leather will last for a long time. In addition, it is an accessory to show off your fashion sense and your social status.</p>\n\n<p style=\"text-align:center\"><img alt=\"f2\" height=\"400\" src=\"/storage/news/5.jpg\" /></p>\n\n<p>&nbsp;</p>\n'),('vi',9,'Tại sao làm việc theo nhóm thực sự biến giấc mơ thành công','Bạn nên chú ý hơn khi chọn ví. Có rất nhiều trong số chúng trên thị trường với các mẫu mã và phong cách khác nhau. Khi bạn lựa chọn cẩn thận, bạn sẽ có thể mua một chiếc ví phù hợp với nhu cầu của bạn. Chưa kể nó sẽ giúp nâng tầm phong cách của bạn một cách đáng kể.','<p>I have seen many people underestimating the power of their wallets. To them, they are just a functional item they use to carry. As a result, they often end up with the wallets which are not really suitable for them.</p>\n\n<p>You should pay more attention when you choose your wallets. There are a lot of them on the market with the different designs and styles. When you choose carefully, you would be able to buy a wallet that is catered to your needs. Not to mention that it will help to enhance your style significantly.</p>\n\n<p style=\"text-align:center\"><img alt=\"f4\" src=\"/storage/news/1.jpg\" /></p>\n\n<p><br />\n&nbsp;</p>\n\n<p><strong><em>For all of the reason above, here are 7 expert tips to help you pick up the right men&rsquo;s wallet for you:</em></strong></p>\n\n<h4><strong>Number 1: Choose A Neat Wallet</strong></h4>\n\n<p>The wallet is an essential accessory that you should go simple. Simplicity is the best in this case. A simple and neat wallet with the plain color and even&nbsp;<strong>minimalist style</strong>&nbsp;is versatile. It can be used for both formal and casual events. In addition, that wallet will go well with most of the clothes in your wardrobe.</p>\n\n<p>Keep in mind that a wallet will tell other people about your personality and your fashion sense as much as other clothes you put on. Hence, don&rsquo;t go cheesy on your wallet or else people will think that you have a funny and particular style.</p>\n\n<p style=\"text-align:center\"><img alt=\"f5\" src=\"/storage/news/2.jpg\" /></p>\n\n<p><br />\n&nbsp;</p>\n<hr />\n<h4><strong>Number 2: Choose The Right Size For Your Wallet</strong></h4>\n\n<p>You should avoid having an over-sized wallet. Don&rsquo;t think that you need to buy a big wallet because you have a lot to carry with you. In addition, a fat wallet is very ugly. It will make it harder for you to slide the wallet into your trousers&rsquo; pocket. In addition, it will create a bulge and ruin your look.</p>\n\n<p>Before you go on to buy a new wallet, clean out your wallet and place all of the items from your wallet on a table. Throw away things that you would never need any more such as the old bills or the expired gift cards. Remember to check your wallet on a frequent basis to get rid of all of the old stuff that you don&rsquo;t need anymore.</p>\n\n<p style=\"text-align:center\"><img alt=\"f1\" src=\"/storage/news/3.jpg\" /></p>\n\n<p><br />\n&nbsp;</p>\n\n<hr />\n<h4><strong>Number 3: Don&rsquo;t Limit Your Options Of Materials</strong></h4>\n\n<p>The types and designs of wallets are not the only things that you should consider when you go out searching for your best wallet. You have more than 1 option of material rather than leather to choose from as well.</p>\n\n<p>You can experiment with other available options such as cotton, polyester and canvas. They all have their own pros and cons. As a result, they will be suitable for different needs and requirements. You should think about them all in order to choose the material which you would like the most.</p>\n\n<p style=\"text-align:center\"><img alt=\"f6\" height=\"375\" src=\"/storage/news/4.jpg\" /></p>\n\n<p><br />\n&nbsp;</p>\n\n<hr />\n<h4><strong>Number 4: Consider A Wallet As A Long Term Investment</strong></h4>\n\n<p>Your wallet is indeed an investment that you should consider spending a decent amount of time and effort on it. Another factor that you need to consider is how much you want to spend on your wallet. The price ranges of wallets on the market vary a great deal. You can find a wallet which is as cheap as about 5 to 7 dollars. On the other hand, you should expect to pay around 250 to 300 dollars for a high-quality wallet.</p>\n\n<p>In case you need a wallet to use for a long time, it is a good idea that you should invest a decent amount of money on a wallet. A high quality wallet from a reputational brand with the premium quality such as cowhide leather will last for a long time. In addition, it is an accessory to show off your fashion sense and your social status.</p>\n\n<p style=\"text-align:center\"><img alt=\"f2\" height=\"400\" src=\"/storage/news/5.jpg\" /></p>\n\n<p>&nbsp;</p>\n'),('vi',10,'Thế giới phục vụ cho những người trung bình','Bạn nên chú ý hơn khi chọn ví. Có rất nhiều trong số chúng trên thị trường với các mẫu mã và phong cách khác nhau. Khi bạn lựa chọn cẩn thận, bạn sẽ có thể mua một chiếc ví phù hợp với nhu cầu của bạn. Chưa kể nó sẽ giúp nâng tầm phong cách của bạn một cách đáng kể.','<p>I have seen many people underestimating the power of their wallets. To them, they are just a functional item they use to carry. As a result, they often end up with the wallets which are not really suitable for them.</p>\n\n<p>You should pay more attention when you choose your wallets. There are a lot of them on the market with the different designs and styles. When you choose carefully, you would be able to buy a wallet that is catered to your needs. Not to mention that it will help to enhance your style significantly.</p>\n\n<p style=\"text-align:center\"><img alt=\"f4\" src=\"/storage/news/1.jpg\" /></p>\n\n<p><br />\n&nbsp;</p>\n\n<p><strong><em>For all of the reason above, here are 7 expert tips to help you pick up the right men&rsquo;s wallet for you:</em></strong></p>\n\n<h4><strong>Number 1: Choose A Neat Wallet</strong></h4>\n\n<p>The wallet is an essential accessory that you should go simple. Simplicity is the best in this case. A simple and neat wallet with the plain color and even&nbsp;<strong>minimalist style</strong>&nbsp;is versatile. It can be used for both formal and casual events. In addition, that wallet will go well with most of the clothes in your wardrobe.</p>\n\n<p>Keep in mind that a wallet will tell other people about your personality and your fashion sense as much as other clothes you put on. Hence, don&rsquo;t go cheesy on your wallet or else people will think that you have a funny and particular style.</p>\n\n<p style=\"text-align:center\"><img alt=\"f5\" src=\"/storage/news/2.jpg\" /></p>\n\n<p><br />\n&nbsp;</p>\n<hr />\n<h4><strong>Number 2: Choose The Right Size For Your Wallet</strong></h4>\n\n<p>You should avoid having an over-sized wallet. Don&rsquo;t think that you need to buy a big wallet because you have a lot to carry with you. In addition, a fat wallet is very ugly. It will make it harder for you to slide the wallet into your trousers&rsquo; pocket. In addition, it will create a bulge and ruin your look.</p>\n\n<p>Before you go on to buy a new wallet, clean out your wallet and place all of the items from your wallet on a table. Throw away things that you would never need any more such as the old bills or the expired gift cards. Remember to check your wallet on a frequent basis to get rid of all of the old stuff that you don&rsquo;t need anymore.</p>\n\n<p style=\"text-align:center\"><img alt=\"f1\" src=\"/storage/news/3.jpg\" /></p>\n\n<p><br />\n&nbsp;</p>\n\n<hr />\n<h4><strong>Number 3: Don&rsquo;t Limit Your Options Of Materials</strong></h4>\n\n<p>The types and designs of wallets are not the only things that you should consider when you go out searching for your best wallet. You have more than 1 option of material rather than leather to choose from as well.</p>\n\n<p>You can experiment with other available options such as cotton, polyester and canvas. They all have their own pros and cons. As a result, they will be suitable for different needs and requirements. You should think about them all in order to choose the material which you would like the most.</p>\n\n<p style=\"text-align:center\"><img alt=\"f6\" height=\"375\" src=\"/storage/news/4.jpg\" /></p>\n\n<p><br />\n&nbsp;</p>\n\n<hr />\n<h4><strong>Number 4: Consider A Wallet As A Long Term Investment</strong></h4>\n\n<p>Your wallet is indeed an investment that you should consider spending a decent amount of time and effort on it. Another factor that you need to consider is how much you want to spend on your wallet. The price ranges of wallets on the market vary a great deal. You can find a wallet which is as cheap as about 5 to 7 dollars. On the other hand, you should expect to pay around 250 to 300 dollars for a high-quality wallet.</p>\n\n<p>In case you need a wallet to use for a long time, it is a good idea that you should invest a decent amount of money on a wallet. A high quality wallet from a reputational brand with the premium quality such as cowhide leather will last for a long time. In addition, it is an accessory to show off your fashion sense and your social status.</p>\n\n<p style=\"text-align:center\"><img alt=\"f2\" height=\"400\" src=\"/storage/news/5.jpg\" /></p>\n\n<p>&nbsp;</p>\n'),('vi',11,'Các đương sự trên màn hình không phải là diễn viên','Bạn nên chú ý hơn khi chọn ví. Có rất nhiều trong số chúng trên thị trường với các mẫu mã và phong cách khác nhau. Khi bạn lựa chọn cẩn thận, bạn sẽ có thể mua một chiếc ví phù hợp với nhu cầu của bạn. Chưa kể nó sẽ giúp nâng tầm phong cách của bạn một cách đáng kể.','<p>I have seen many people underestimating the power of their wallets. To them, they are just a functional item they use to carry. As a result, they often end up with the wallets which are not really suitable for them.</p>\n\n<p>You should pay more attention when you choose your wallets. There are a lot of them on the market with the different designs and styles. When you choose carefully, you would be able to buy a wallet that is catered to your needs. Not to mention that it will help to enhance your style significantly.</p>\n\n<p style=\"text-align:center\"><img alt=\"f4\" src=\"/storage/news/1.jpg\" /></p>\n\n<p><br />\n&nbsp;</p>\n\n<p><strong><em>For all of the reason above, here are 7 expert tips to help you pick up the right men&rsquo;s wallet for you:</em></strong></p>\n\n<h4><strong>Number 1: Choose A Neat Wallet</strong></h4>\n\n<p>The wallet is an essential accessory that you should go simple. Simplicity is the best in this case. A simple and neat wallet with the plain color and even&nbsp;<strong>minimalist style</strong>&nbsp;is versatile. It can be used for both formal and casual events. In addition, that wallet will go well with most of the clothes in your wardrobe.</p>\n\n<p>Keep in mind that a wallet will tell other people about your personality and your fashion sense as much as other clothes you put on. Hence, don&rsquo;t go cheesy on your wallet or else people will think that you have a funny and particular style.</p>\n\n<p style=\"text-align:center\"><img alt=\"f5\" src=\"/storage/news/2.jpg\" /></p>\n\n<p><br />\n&nbsp;</p>\n<hr />\n<h4><strong>Number 2: Choose The Right Size For Your Wallet</strong></h4>\n\n<p>You should avoid having an over-sized wallet. Don&rsquo;t think that you need to buy a big wallet because you have a lot to carry with you. In addition, a fat wallet is very ugly. It will make it harder for you to slide the wallet into your trousers&rsquo; pocket. In addition, it will create a bulge and ruin your look.</p>\n\n<p>Before you go on to buy a new wallet, clean out your wallet and place all of the items from your wallet on a table. Throw away things that you would never need any more such as the old bills or the expired gift cards. Remember to check your wallet on a frequent basis to get rid of all of the old stuff that you don&rsquo;t need anymore.</p>\n\n<p style=\"text-align:center\"><img alt=\"f1\" src=\"/storage/news/3.jpg\" /></p>\n\n<p><br />\n&nbsp;</p>\n\n<hr />\n<h4><strong>Number 3: Don&rsquo;t Limit Your Options Of Materials</strong></h4>\n\n<p>The types and designs of wallets are not the only things that you should consider when you go out searching for your best wallet. You have more than 1 option of material rather than leather to choose from as well.</p>\n\n<p>You can experiment with other available options such as cotton, polyester and canvas. They all have their own pros and cons. As a result, they will be suitable for different needs and requirements. You should think about them all in order to choose the material which you would like the most.</p>\n\n<p style=\"text-align:center\"><img alt=\"f6\" height=\"375\" src=\"/storage/news/4.jpg\" /></p>\n\n<p><br />\n&nbsp;</p>\n\n<hr />\n<h4><strong>Number 4: Consider A Wallet As A Long Term Investment</strong></h4>\n\n<p>Your wallet is indeed an investment that you should consider spending a decent amount of time and effort on it. Another factor that you need to consider is how much you want to spend on your wallet. The price ranges of wallets on the market vary a great deal. You can find a wallet which is as cheap as about 5 to 7 dollars. On the other hand, you should expect to pay around 250 to 300 dollars for a high-quality wallet.</p>\n\n<p>In case you need a wallet to use for a long time, it is a good idea that you should invest a decent amount of money on a wallet. A high quality wallet from a reputational brand with the premium quality such as cowhide leather will last for a long time. In addition, it is an accessory to show off your fashion sense and your social status.</p>\n\n<p style=\"text-align:center\"><img alt=\"f2\" height=\"400\" src=\"/storage/news/5.jpg\" /></p>\n\n<p>&nbsp;</p>\n');
/*!40000 ALTER TABLE `posts_translations` ENABLE KEYS */;
UNLOCK TABLES;

--
-- Table structure for table `revisions`
--

DROP TABLE IF EXISTS `revisions`;
/*!40101 SET @saved_cs_client     = @@character_set_client */;
/*!40101 SET character_set_client = utf8 */;
CREATE TABLE `revisions` (
  `id` bigint(20) unsigned NOT NULL AUTO_INCREMENT,
  `revisionable_type` varchar(191) COLLATE utf8mb4_unicode_ci NOT NULL,
  `revisionable_id` int(11) NOT NULL,
  `user_id` int(11) DEFAULT NULL,
  `key` varchar(191) COLLATE utf8mb4_unicode_ci NOT NULL,
  `old_value` text COLLATE utf8mb4_unicode_ci DEFAULT NULL,
  `new_value` text COLLATE utf8mb4_unicode_ci DEFAULT NULL,
  `created_at` timestamp NULL DEFAULT NULL,
  `updated_at` timestamp NULL DEFAULT NULL,
  PRIMARY KEY (`id`),
  KEY `revisions_revisionable_id_revisionable_type_index` (`revisionable_id`,`revisionable_type`)
) ENGINE=InnoDB DEFAULT CHARSET=utf8mb4 COLLATE=utf8mb4_unicode_ci;
/*!40101 SET character_set_client = @saved_cs_client */;

--
-- Dumping data for table `revisions`
--

LOCK TABLES `revisions` WRITE;
/*!40000 ALTER TABLE `revisions` DISABLE KEYS */;
/*!40000 ALTER TABLE `revisions` ENABLE KEYS */;
UNLOCK TABLES;

--
-- Table structure for table `role_users`
--

DROP TABLE IF EXISTS `role_users`;
/*!40101 SET @saved_cs_client     = @@character_set_client */;
/*!40101 SET character_set_client = utf8 */;
CREATE TABLE `role_users` (
  `id` bigint(20) unsigned NOT NULL AUTO_INCREMENT,
  `user_id` int(10) unsigned NOT NULL,
  `role_id` int(10) unsigned NOT NULL,
  `created_at` timestamp NULL DEFAULT NULL,
  `updated_at` timestamp NULL DEFAULT NULL,
  PRIMARY KEY (`id`),
  KEY `role_users_user_id_index` (`user_id`),
  KEY `role_users_role_id_index` (`role_id`)
) ENGINE=InnoDB DEFAULT CHARSET=utf8mb4 COLLATE=utf8mb4_unicode_ci;
/*!40101 SET character_set_client = @saved_cs_client */;

--
-- Dumping data for table `role_users`
--

LOCK TABLES `role_users` WRITE;
/*!40000 ALTER TABLE `role_users` DISABLE KEYS */;
/*!40000 ALTER TABLE `role_users` ENABLE KEYS */;
UNLOCK TABLES;

--
-- Table structure for table `roles`
--

DROP TABLE IF EXISTS `roles`;
/*!40101 SET @saved_cs_client     = @@character_set_client */;
/*!40101 SET character_set_client = utf8 */;
CREATE TABLE `roles` (
  `id` bigint(20) unsigned NOT NULL AUTO_INCREMENT,
  `slug` varchar(120) COLLATE utf8mb4_unicode_ci NOT NULL,
  `name` varchar(120) COLLATE utf8mb4_unicode_ci NOT NULL,
  `permissions` text COLLATE utf8mb4_unicode_ci DEFAULT NULL,
  `description` varchar(255) COLLATE utf8mb4_unicode_ci DEFAULT NULL,
  `is_default` tinyint(3) unsigned NOT NULL DEFAULT 0,
  `created_by` int(10) unsigned NOT NULL,
  `updated_by` int(10) unsigned NOT NULL,
  `created_at` timestamp NULL DEFAULT NULL,
  `updated_at` timestamp NULL DEFAULT NULL,
  PRIMARY KEY (`id`),
  UNIQUE KEY `roles_slug_unique` (`slug`),
  KEY `roles_created_by_index` (`created_by`),
  KEY `roles_updated_by_index` (`updated_by`)
) ENGINE=InnoDB DEFAULT CHARSET=utf8mb4 COLLATE=utf8mb4_unicode_ci;
/*!40101 SET character_set_client = @saved_cs_client */;

--
-- Dumping data for table `roles`
--

LOCK TABLES `roles` WRITE;
/*!40000 ALTER TABLE `roles` DISABLE KEYS */;
/*!40000 ALTER TABLE `roles` ENABLE KEYS */;
UNLOCK TABLES;

--
-- Table structure for table `settings`
--

DROP TABLE IF EXISTS `settings`;
/*!40101 SET @saved_cs_client     = @@character_set_client */;
/*!40101 SET character_set_client = utf8 */;
CREATE TABLE `settings` (
  `id` bigint(20) unsigned NOT NULL AUTO_INCREMENT,
  `key` varchar(191) COLLATE utf8mb4_unicode_ci NOT NULL,
  `value` text COLLATE utf8mb4_unicode_ci DEFAULT NULL,
  `created_at` timestamp NULL DEFAULT NULL,
  `updated_at` timestamp NULL DEFAULT NULL,
  PRIMARY KEY (`id`),
  UNIQUE KEY `settings_key_unique` (`key`)
) ENGINE=InnoDB AUTO_INCREMENT=192 DEFAULT CHARSET=utf8mb4 COLLATE=utf8mb4_unicode_ci;
/*!40101 SET character_set_client = @saved_cs_client */;

--
-- Dumping data for table `settings`
--

LOCK TABLES `settings` WRITE;
/*!40000 ALTER TABLE `settings` DISABLE KEYS */;
INSERT INTO `settings` VALUES (1,'activated_plugins','[\"language\",\"language-advanced\",\"ads\",\"analytics\",\"audit-log\",\"backup\",\"blog\",\"captcha\",\"contact\",\"cookie-consent\",\"ecommerce\",\"faq\",\"marketplace\",\"mollie\",\"newsletter\",\"payment\",\"paystack\",\"razorpay\",\"simple-slider\",\"social-login\",\"sslcommerz\",\"translation\"]',NULL,NULL),(2,'payment_cod_status','1',NULL,NULL),(3,'payment_bank_transfer_status','1',NULL,NULL),(8,'simple_slider_using_assets','0',NULL,NULL),(10,'permalink-botble-blog-models-post','blog',NULL,NULL),(11,'permalink-botble-blog-models-category','blog',NULL,NULL),(12,'payment_cod_description','Please pay money directly to the postman, if you choose cash on delivery method (COD).',NULL,NULL),(13,'payment_bank_transfer_description','Please send money to our bank account: ACB - 1990 404 19.',NULL,NULL),(14,'plugins_ecommerce_customer_new_order_status','0',NULL,NULL),(15,'plugins_ecommerce_admin_new_order_status','0',NULL,NULL),(22,'theme','martfury',NULL,NULL),(23,'admin_logo','general/logo-light.png',NULL,NULL),(97,'language_hide_default','1',NULL,NULL),(98,'language_switcher_display','dropdown',NULL,NULL),(99,'language_display','all',NULL,NULL),(100,'language_hide_languages','[]',NULL,NULL),(102,'media_random_hash','e18d6bae1c4416d86ce9cffc76b3a08a',NULL,NULL),(111,'ecommerce_store_name','Martfury',NULL,NULL),(112,'ecommerce_store_phone','1800979769',NULL,NULL),(113,'ecommerce_store_address','502 New Street',NULL,NULL),(114,'ecommerce_store_state','Brighton VIC',NULL,NULL),(115,'ecommerce_store_city','Brighton VIC',NULL,NULL),(116,'ecommerce_store_country','AU',NULL,NULL),(117,'theme-martfury-site_title','Martfury - Laravel Ecommerce system',NULL,NULL),(118,'theme-martfury-copyright','© 2021 Martfury. All Rights Reserved.',NULL,NULL),(119,'theme-martfury-favicon','general/favicon.png',NULL,NULL),(120,'theme-martfury-logo','general/logo.png',NULL,NULL),(121,'theme-martfury-welcome_message','Welcome to Martfury Online Shopping Store!',NULL,NULL),(122,'theme-martfury-address','502 New Street, Brighton VIC, Australia',NULL,NULL),(123,'theme-martfury-hotline','1800 97 97 69',NULL,NULL),(124,'theme-martfury-email','contact@martfury.co',NULL,NULL),(125,'theme-martfury-payment_methods','[\"general\\/payment-method-1.jpg\",\"general\\/payment-method-2.jpg\",\"general\\/payment-method-3.jpg\",\"general\\/payment-method-4.jpg\",\"general\\/payment-method-5.jpg\"]',NULL,NULL),(126,'theme-martfury-newsletter_image','general/newsletter.jpg',NULL,NULL),(127,'theme-martfury-homepage_id','1',NULL,NULL),(128,'theme-martfury-blog_page_id','6',NULL,NULL),(129,'theme-martfury-cookie_consent_message','Your experience on this site will be improved by allowing cookies ',NULL,NULL),(130,'theme-martfury-cookie_consent_learn_more_url','http://martfury.test/cookie-policy',NULL,NULL),(131,'theme-martfury-cookie_consent_learn_more_text','Cookie Policy',NULL,NULL),(132,'theme-martfury-number_of_products_per_page','40',NULL,NULL),(133,'theme-martfury-product_feature_1_title','Shipping worldwide',NULL,NULL),(134,'theme-martfury-product_feature_1_icon','icon-network',NULL,NULL),(135,'theme-martfury-product_feature_2_title','Free 7-day return if eligible, so easy',NULL,NULL),(136,'theme-martfury-product_feature_2_icon','icon-3d-rotate',NULL,NULL),(137,'theme-martfury-product_feature_3_title','Supplier give bills for this product.',NULL,NULL),(138,'theme-martfury-product_feature_3_icon','icon-receipt',NULL,NULL),(139,'theme-martfury-product_feature_4_title','Pay online or when receiving goods',NULL,NULL),(140,'theme-martfury-product_feature_4_icon','icon-credit-card',NULL,NULL),(141,'theme-martfury-contact_info_box_1_title','Contact Directly',NULL,NULL),(142,'theme-martfury-contact_info_box_1_subtitle','contact@martfury.com',NULL,NULL),(143,'theme-martfury-contact_info_box_1_details','(+004) 912-3548-07',NULL,NULL),(144,'theme-martfury-contact_info_box_2_title','Headquarters',NULL,NULL),(145,'theme-martfury-contact_info_box_2_subtitle','17 Queen St, Southbank, Melbourne 10560, Australia',NULL,NULL),(146,'theme-martfury-contact_info_box_2_details','',NULL,NULL),(147,'theme-martfury-contact_info_box_3_title','Work With Us',NULL,NULL),(148,'theme-martfury-contact_info_box_3_subtitle','Send your CV to our email:',NULL,NULL),(149,'theme-martfury-contact_info_box_3_details','career@martfury.com',NULL,NULL),(150,'theme-martfury-contact_info_box_4_title','Customer Service',NULL,NULL),(151,'theme-martfury-contact_info_box_4_subtitle','customercare@martfury.com',NULL,NULL),(152,'theme-martfury-contact_info_box_4_details','(800) 843-2446',NULL,NULL),(153,'theme-martfury-contact_info_box_5_title','Media Relations',NULL,NULL),(154,'theme-martfury-contact_info_box_5_subtitle','media@martfury.com',NULL,NULL),(155,'theme-martfury-contact_info_box_5_details','(801) 947-3564',NULL,NULL),(156,'theme-martfury-contact_info_box_6_title','Vendor Support',NULL,NULL),(157,'theme-martfury-contact_info_box_6_subtitle','vendorsupport@martfury.com',NULL,NULL),(158,'theme-martfury-contact_info_box_6_details','(801) 947-3100',NULL,NULL),(159,'theme-martfury-number_of_cross_sale_products_in_cart_page','7',NULL,NULL),(160,'theme-martfury-logo_in_the_checkout_page','general/logo-dark.png',NULL,NULL),(161,'theme-martfury-logo_in_invoices','general/logo-dark.png',NULL,NULL),(162,'theme-martfury-logo_vendor_dashboard','general/logo-dark.png',NULL,NULL),(165,'theme-martfury-social-name-1','Facebook',NULL,NULL),(166,'theme-martfury-social-url-1','https://www.facebook.com/',NULL,NULL),(167,'theme-martfury-social-icon-1','fa-facebook',NULL,NULL),(168,'theme-martfury-social-color-1','#3b5999',NULL,NULL),(169,'theme-martfury-social-name-2','Twitter',NULL,NULL),(170,'theme-martfury-social-url-2','https://www.twitter.com/',NULL,NULL),(171,'theme-martfury-social-icon-2','fa-twitter',NULL,NULL),(172,'theme-martfury-social-color-2','#55ACF9',NULL,NULL),(173,'theme-martfury-social-name-3','Instagram',NULL,NULL),(174,'theme-martfury-social-url-3','https://www.instagram.com/',NULL,NULL),(175,'theme-martfury-social-icon-3','fa-instagram',NULL,NULL),(176,'theme-martfury-social-color-3','#E1306C',NULL,NULL),(177,'theme-martfury-social-name-4','Youtube',NULL,NULL),(178,'theme-martfury-social-url-4','https://www.youtube.com/',NULL,NULL),(179,'theme-martfury-social-icon-4','fa-youtube',NULL,NULL),(180,'theme-martfury-social-color-4','#FF0000',NULL,NULL),(181,'theme-martfury-vi-copyright','© 2021 Martfury. Tất cả quyền đã được bảo hộ.',NULL,NULL),(182,'theme-martfury-vi-welcome_message','Chào mừng đến với Martfury - Cửa Hàng Mua Sắm Online!',NULL,NULL),(183,'theme-martfury-vi-homepage_id','1',NULL,NULL),(184,'theme-martfury-vi-blog_page_id','6',NULL,NULL),(185,'theme-martfury-vi-cookie_consent_message','Trải nghiệm của bạn trên trang web này sẽ được cải thiện bằng cách cho phép cookie ',NULL,NULL),(186,'theme-martfury-vi-cookie_consent_learn_more_url','http://martfury.test/cookie-policy',NULL,NULL),(187,'theme-martfury-vi-cookie_consent_learn_more_text','Chính sách cookie',NULL,NULL),(188,'theme-martfury-vi-product_feature_1_title','Vận chuyển toàn cầu',NULL,NULL),(189,'theme-martfury-vi-product_feature_2_title','Miễn phí hoàn hàng 7 ngày',NULL,NULL),(190,'theme-martfury-vi-product_feature_3_title','Nhà cung cấp sẽ cấp hóa đơn cho sản phẩm này',NULL,NULL),(191,'theme-martfury-vi-product_feature_4_title','Thanh toán online hoặc trực tiếp',NULL,NULL);
/*!40000 ALTER TABLE `settings` ENABLE KEYS */;
UNLOCK TABLES;

--
-- Table structure for table `simple_slider_items`
--

DROP TABLE IF EXISTS `simple_slider_items`;
/*!40101 SET @saved_cs_client     = @@character_set_client */;
/*!40101 SET character_set_client = utf8 */;
CREATE TABLE `simple_slider_items` (
  `id` bigint(20) unsigned NOT NULL AUTO_INCREMENT,
  `simple_slider_id` int(10) unsigned NOT NULL,
  `title` varchar(255) COLLATE utf8mb4_unicode_ci DEFAULT NULL,
  `image` varchar(255) COLLATE utf8mb4_unicode_ci NOT NULL,
  `link` varchar(255) COLLATE utf8mb4_unicode_ci DEFAULT NULL,
  `description` text COLLATE utf8mb4_unicode_ci DEFAULT NULL,
  `order` int(10) unsigned NOT NULL DEFAULT 0,
  `created_at` timestamp NULL DEFAULT NULL,
  `updated_at` timestamp NULL DEFAULT NULL,
  PRIMARY KEY (`id`)
) ENGINE=InnoDB AUTO_INCREMENT=7 DEFAULT CHARSET=utf8mb4 COLLATE=utf8mb4_unicode_ci;
/*!40101 SET character_set_client = @saved_cs_client */;

--
-- Dumping data for table `simple_slider_items`
--

LOCK TABLES `simple_slider_items` WRITE;
/*!40000 ALTER TABLE `simple_slider_items` DISABLE KEYS */;
INSERT INTO `simple_slider_items` VALUES (1,1,'Slider 1','sliders/1.jpg','/products',NULL,1,'2021-12-04 04:48:59','2021-12-04 04:48:59'),(2,1,'Slider 2','sliders/2.jpg','/products',NULL,2,'2021-12-04 04:48:59','2021-12-04 04:48:59'),(3,1,'Slider 3','sliders/3.jpg','/products',NULL,3,'2021-12-04 04:48:59','2021-12-04 04:48:59'),(4,2,'Slider 1','sliders/1.jpg','/products',NULL,1,'2021-12-04 04:48:59','2021-12-04 04:48:59'),(5,2,'Slider 2','sliders/2.jpg','/products',NULL,2,'2021-12-04 04:48:59','2021-12-04 04:48:59'),(6,2,'Slider 3','sliders/3.jpg','/products',NULL,3,'2021-12-04 04:48:59','2021-12-04 04:48:59');
/*!40000 ALTER TABLE `simple_slider_items` ENABLE KEYS */;
UNLOCK TABLES;

--
-- Table structure for table `simple_sliders`
--

DROP TABLE IF EXISTS `simple_sliders`;
/*!40101 SET @saved_cs_client     = @@character_set_client */;
/*!40101 SET character_set_client = utf8 */;
CREATE TABLE `simple_sliders` (
  `id` bigint(20) unsigned NOT NULL AUTO_INCREMENT,
  `name` varchar(120) COLLATE utf8mb4_unicode_ci NOT NULL,
  `key` varchar(120) COLLATE utf8mb4_unicode_ci NOT NULL,
  `description` varchar(255) COLLATE utf8mb4_unicode_ci DEFAULT NULL,
  `status` varchar(60) COLLATE utf8mb4_unicode_ci NOT NULL DEFAULT 'published',
  `created_at` timestamp NULL DEFAULT NULL,
  `updated_at` timestamp NULL DEFAULT NULL,
  PRIMARY KEY (`id`)
) ENGINE=InnoDB AUTO_INCREMENT=3 DEFAULT CHARSET=utf8mb4 COLLATE=utf8mb4_unicode_ci;
/*!40101 SET character_set_client = @saved_cs_client */;

--
-- Dumping data for table `simple_sliders`
--

LOCK TABLES `simple_sliders` WRITE;
/*!40000 ALTER TABLE `simple_sliders` DISABLE KEYS */;
INSERT INTO `simple_sliders` VALUES (1,'Home slider','home-slider','The main slider on homepage','published','2021-12-04 04:48:59','2021-12-04 04:48:59'),(2,'Slider trang chủ','slider-trang-chu','Slider chính trên trang chủ','published','2021-12-04 04:48:59','2021-12-04 04:48:59');
/*!40000 ALTER TABLE `simple_sliders` ENABLE KEYS */;
UNLOCK TABLES;

--
-- Table structure for table `slugs`
--

DROP TABLE IF EXISTS `slugs`;
/*!40101 SET @saved_cs_client     = @@character_set_client */;
/*!40101 SET character_set_client = utf8 */;
CREATE TABLE `slugs` (
  `id` bigint(20) unsigned NOT NULL AUTO_INCREMENT,
  `key` varchar(255) COLLATE utf8mb4_unicode_ci NOT NULL,
  `reference_id` int(10) unsigned NOT NULL,
  `reference_type` varchar(255) COLLATE utf8mb4_unicode_ci NOT NULL,
  `prefix` varchar(120) COLLATE utf8mb4_unicode_ci DEFAULT '',
  `created_at` timestamp NULL DEFAULT NULL,
  `updated_at` timestamp NULL DEFAULT NULL,
  PRIMARY KEY (`id`)
) ENGINE=InnoDB AUTO_INCREMENT=112 DEFAULT CHARSET=utf8mb4 COLLATE=utf8mb4_unicode_ci;
/*!40101 SET character_set_client = @saved_cs_client */;

--
-- Dumping data for table `slugs`
--

LOCK TABLES `slugs` WRITE;
/*!40000 ALTER TABLE `slugs` DISABLE KEYS */;
INSERT INTO `slugs` VALUES (1,'fashion-live',1,'Botble\\Ecommerce\\Models\\Brand','brands','2021-12-04 04:48:34','2021-12-04 04:48:34'),(2,'hand-crafted',2,'Botble\\Ecommerce\\Models\\Brand','brands','2021-12-04 04:48:34','2021-12-04 04:48:34'),(3,'mestonix',3,'Botble\\Ecommerce\\Models\\Brand','brands','2021-12-04 04:48:34','2021-12-04 04:48:34'),(4,'sunshine',4,'Botble\\Ecommerce\\Models\\Brand','brands','2021-12-04 04:48:34','2021-12-04 04:48:34'),(5,'pure',5,'Botble\\Ecommerce\\Models\\Brand','brands','2021-12-04 04:48:34','2021-12-04 04:48:34'),(6,'anfold',6,'Botble\\Ecommerce\\Models\\Brand','brands','2021-12-04 04:48:34','2021-12-04 04:48:34'),(7,'automotive',7,'Botble\\Ecommerce\\Models\\Brand','brands','2021-12-04 04:48:34','2021-12-04 04:48:34'),(8,'hot-promotions',1,'Botble\\Ecommerce\\Models\\ProductCategory','product-categories','2021-12-04 04:48:35','2021-12-04 04:48:35'),(9,'electronics',2,'Botble\\Ecommerce\\Models\\ProductCategory','product-categories','2021-12-04 04:48:35','2021-12-04 04:48:35'),(10,'consumer-electronic',3,'Botble\\Ecommerce\\Models\\ProductCategory','product-categories','2021-12-04 04:48:35','2021-12-04 04:48:35'),(11,'home-audio-theaters',4,'Botble\\Ecommerce\\Models\\ProductCategory','product-categories','2021-12-04 04:48:35','2021-12-04 04:48:35'),(12,'tv-videos',5,'Botble\\Ecommerce\\Models\\ProductCategory','product-categories','2021-12-04 04:48:35','2021-12-04 04:48:35'),(13,'camera-photos-videos',6,'Botble\\Ecommerce\\Models\\ProductCategory','product-categories','2021-12-04 04:48:35','2021-12-04 04:48:35'),(14,'cellphones-accessories',7,'Botble\\Ecommerce\\Models\\ProductCategory','product-categories','2021-12-04 04:48:35','2021-12-04 04:48:35'),(15,'headphones',8,'Botble\\Ecommerce\\Models\\ProductCategory','product-categories','2021-12-04 04:48:35','2021-12-04 04:48:35'),(16,'videos-games',9,'Botble\\Ecommerce\\Models\\ProductCategory','product-categories','2021-12-04 04:48:35','2021-12-04 04:48:35'),(17,'wireless-speakers',10,'Botble\\Ecommerce\\Models\\ProductCategory','product-categories','2021-12-04 04:48:35','2021-12-04 04:48:35'),(18,'office-electronic',11,'Botble\\Ecommerce\\Models\\ProductCategory','product-categories','2021-12-04 04:48:35','2021-12-04 04:48:35'),(19,'accessories-parts',12,'Botble\\Ecommerce\\Models\\ProductCategory','product-categories','2021-12-04 04:48:35','2021-12-04 04:48:35'),(20,'digital-cables',13,'Botble\\Ecommerce\\Models\\ProductCategory','product-categories','2021-12-04 04:48:35','2021-12-04 04:48:35'),(21,'audio-video-cables',14,'Botble\\Ecommerce\\Models\\ProductCategory','product-categories','2021-12-04 04:48:35','2021-12-04 04:48:35'),(22,'batteries',15,'Botble\\Ecommerce\\Models\\ProductCategory','product-categories','2021-12-04 04:48:35','2021-12-04 04:48:35'),(23,'clothing',16,'Botble\\Ecommerce\\Models\\ProductCategory','product-categories','2021-12-04 04:48:35','2021-12-04 04:48:35'),(24,'computers',17,'Botble\\Ecommerce\\Models\\ProductCategory','product-categories','2021-12-04 04:48:35','2021-12-04 04:48:35'),(25,'computer-technologies',18,'Botble\\Ecommerce\\Models\\ProductCategory','product-categories','2021-12-04 04:48:35','2021-12-04 04:48:35'),(26,'computer-tablets',19,'Botble\\Ecommerce\\Models\\ProductCategory','product-categories','2021-12-04 04:48:35','2021-12-04 04:48:35'),(27,'laptop',20,'Botble\\Ecommerce\\Models\\ProductCategory','product-categories','2021-12-04 04:48:35','2021-12-04 04:48:35'),(28,'monitors',21,'Botble\\Ecommerce\\Models\\ProductCategory','product-categories','2021-12-04 04:48:35','2021-12-04 04:48:35'),(29,'computer-components',22,'Botble\\Ecommerce\\Models\\ProductCategory','product-categories','2021-12-04 04:48:35','2021-12-04 04:48:35'),(30,'networking',23,'Botble\\Ecommerce\\Models\\ProductCategory','product-categories','2021-12-04 04:48:35','2021-12-04 04:48:35'),(31,'drive-storages',24,'Botble\\Ecommerce\\Models\\ProductCategory','product-categories','2021-12-04 04:48:35','2021-12-04 04:48:35'),(32,'gaming-laptop',25,'Botble\\Ecommerce\\Models\\ProductCategory','product-categories','2021-12-04 04:48:35','2021-12-04 04:48:35'),(33,'security-protection',26,'Botble\\Ecommerce\\Models\\ProductCategory','product-categories','2021-12-04 04:48:35','2021-12-04 04:48:35'),(34,'accessories',27,'Botble\\Ecommerce\\Models\\ProductCategory','product-categories','2021-12-04 04:48:35','2021-12-04 04:48:35'),(35,'home-kitchen',28,'Botble\\Ecommerce\\Models\\ProductCategory','product-categories','2021-12-04 04:48:35','2021-12-04 04:48:35'),(36,'health-beauty',29,'Botble\\Ecommerce\\Models\\ProductCategory','product-categories','2021-12-04 04:48:35','2021-12-04 04:48:35'),(37,'jewelry-watch',30,'Botble\\Ecommerce\\Models\\ProductCategory','product-categories','2021-12-04 04:48:35','2021-12-04 04:48:35'),(38,'technology-toys',31,'Botble\\Ecommerce\\Models\\ProductCategory','product-categories','2021-12-04 04:48:35','2021-12-04 04:48:35'),(39,'phones',32,'Botble\\Ecommerce\\Models\\ProductCategory','product-categories','2021-12-04 04:48:35','2021-12-04 04:48:35'),(40,'babies-moms',33,'Botble\\Ecommerce\\Models\\ProductCategory','product-categories','2021-12-04 04:48:35','2021-12-04 04:48:35'),(41,'sport-outdoor',34,'Botble\\Ecommerce\\Models\\ProductCategory','product-categories','2021-12-04 04:48:35','2021-12-04 04:48:35'),(42,'books-office',35,'Botble\\Ecommerce\\Models\\ProductCategory','product-categories','2021-12-04 04:48:35','2021-12-04 04:48:35'),(43,'cars-motorcycles',36,'Botble\\Ecommerce\\Models\\ProductCategory','product-categories','2021-12-04 04:48:35','2021-12-04 04:48:35'),(44,'home-improvements',37,'Botble\\Ecommerce\\Models\\ProductCategory','product-categories','2021-12-04 04:48:35','2021-12-04 04:48:35'),(45,'dual-camera-20mp',1,'Botble\\Ecommerce\\Models\\Product','products','2021-12-04 04:48:48','2021-12-04 04:48:48'),(46,'smart-watches',2,'Botble\\Ecommerce\\Models\\Product','products','2021-12-04 04:48:48','2021-12-04 04:48:48'),(47,'beat-headphone',3,'Botble\\Ecommerce\\Models\\Product','products','2021-12-04 04:48:48','2021-12-04 04:48:48'),(48,'red-black-headphone',4,'Botble\\Ecommerce\\Models\\Product','products','2021-12-04 04:48:48','2021-12-04 04:48:48'),(49,'smart-watch-external',5,'Botble\\Ecommerce\\Models\\Product','products','2021-12-04 04:48:48','2021-12-04 04:48:48'),(50,'nikon-hd-camera',6,'Botble\\Ecommerce\\Models\\Product','products','2021-12-04 04:48:48','2021-12-04 04:48:48'),(51,'audio-equipment',7,'Botble\\Ecommerce\\Models\\Product','products','2021-12-04 04:48:48','2021-12-04 04:48:48'),(52,'smart-televisions',8,'Botble\\Ecommerce\\Models\\Product','products','2021-12-04 04:48:48','2021-12-04 04:48:48'),(53,'samsung-smart-phone',9,'Botble\\Ecommerce\\Models\\Product','products','2021-12-04 04:48:48','2021-12-04 04:48:48'),(54,'herschel-leather-duffle-bag-in-brown-color',10,'Botble\\Ecommerce\\Models\\Product','products','2021-12-04 04:48:48','2021-12-04 04:48:48'),(55,'xbox-one-wireless-controller-black-color',11,'Botble\\Ecommerce\\Models\\Product','products','2021-12-04 04:48:48','2021-12-04 04:48:48'),(56,'epsion-plaster-printer',12,'Botble\\Ecommerce\\Models\\Product','products','2021-12-04 04:48:49','2021-12-04 04:48:49'),(57,'sound-intone-i65-earphone-white-version',13,'Botble\\Ecommerce\\Models\\Product','products','2021-12-04 04:48:49','2021-12-04 04:48:49'),(58,'bo-play-mini-bluetooth-speaker',14,'Botble\\Ecommerce\\Models\\Product','products','2021-12-04 04:48:49','2021-12-04 04:48:49'),(59,'apple-macbook-air-retina-133-inch-laptop',15,'Botble\\Ecommerce\\Models\\Product','products','2021-12-04 04:48:49','2021-12-04 04:48:49'),(60,'apple-macbook-air-retina-12-inch-laptop',16,'Botble\\Ecommerce\\Models\\Product','products','2021-12-04 04:48:49','2021-12-04 04:48:49'),(61,'samsung-gear-vr-virtual-reality-headset',17,'Botble\\Ecommerce\\Models\\Product','products','2021-12-04 04:48:49','2021-12-04 04:48:49'),(62,'aveeno-moisturizing-body-shower-450ml',18,'Botble\\Ecommerce\\Models\\Product','products','2021-12-04 04:48:49','2021-12-04 04:48:49'),(63,'nyx-beauty-couton-pallete-makeup-12',19,'Botble\\Ecommerce\\Models\\Product','products','2021-12-04 04:48:49','2021-12-04 04:48:49'),(64,'nyx-beauty-couton-pallete-makeup-12',20,'Botble\\Ecommerce\\Models\\Product','products','2021-12-04 04:48:49','2021-12-04 04:48:49'),(65,'mvmth-classical-leather-watch-in-black',21,'Botble\\Ecommerce\\Models\\Product','products','2021-12-04 04:48:49','2021-12-04 04:48:49'),(66,'baxter-care-hair-kit-for-bearded-mens',22,'Botble\\Ecommerce\\Models\\Product','products','2021-12-04 04:48:49','2021-12-04 04:48:49'),(67,'ciate-palemore-lipstick-bold-red-color',23,'Botble\\Ecommerce\\Models\\Product','products','2021-12-04 04:48:49','2021-12-04 04:48:49'),(68,'electronic',1,'Botble\\Ecommerce\\Models\\ProductTag','product-tags','2021-12-04 04:48:53','2021-12-04 04:48:53'),(69,'mobile',2,'Botble\\Ecommerce\\Models\\ProductTag','product-tags','2021-12-04 04:48:53','2021-12-04 04:48:53'),(70,'iphone',3,'Botble\\Ecommerce\\Models\\ProductTag','product-tags','2021-12-04 04:48:53','2021-12-04 04:48:53'),(71,'printer',4,'Botble\\Ecommerce\\Models\\ProductTag','product-tags','2021-12-04 04:48:53','2021-12-04 04:48:53'),(72,'office',5,'Botble\\Ecommerce\\Models\\ProductTag','product-tags','2021-12-04 04:48:53','2021-12-04 04:48:53'),(73,'it',6,'Botble\\Ecommerce\\Models\\ProductTag','product-tags','2021-12-04 04:48:53','2021-12-04 04:48:53'),(74,'ecommerce',1,'Botble\\Blog\\Models\\Category','blog','2021-12-04 04:48:58','2021-12-04 04:49:01'),(75,'fashion',2,'Botble\\Blog\\Models\\Category','blog','2021-12-04 04:48:58','2021-12-04 04:49:01'),(76,'electronic',3,'Botble\\Blog\\Models\\Category','blog','2021-12-04 04:48:58','2021-12-04 04:49:01'),(77,'commercial',4,'Botble\\Blog\\Models\\Category','blog','2021-12-04 04:48:58','2021-12-04 04:49:01'),(78,'general',1,'Botble\\Blog\\Models\\Tag','tag','2021-12-04 04:48:58','2021-12-04 04:48:58'),(79,'design',2,'Botble\\Blog\\Models\\Tag','tag','2021-12-04 04:48:58','2021-12-04 04:48:58'),(80,'fashion',3,'Botble\\Blog\\Models\\Tag','tag','2021-12-04 04:48:58','2021-12-04 04:48:58'),(81,'branding',4,'Botble\\Blog\\Models\\Tag','tag','2021-12-04 04:48:58','2021-12-04 04:48:58'),(82,'modern',5,'Botble\\Blog\\Models\\Tag','tag','2021-12-04 04:48:58','2021-12-04 04:48:58'),(83,'4-expert-tips-on-how-to-choose-the-right-mens-wallet',1,'Botble\\Blog\\Models\\Post','blog','2021-12-04 04:48:58','2021-12-04 04:49:01'),(84,'sexy-clutches-how-to-buy-wear-a-designer-clutch-bag',2,'Botble\\Blog\\Models\\Post','blog','2021-12-04 04:48:58','2021-12-04 04:49:01'),(85,'the-top-2020-handbag-trends-to-know',3,'Botble\\Blog\\Models\\Post','blog','2021-12-04 04:48:58','2021-12-04 04:49:01'),(86,'how-to-match-the-color-of-your-handbag-with-an-outfit',4,'Botble\\Blog\\Models\\Post','blog','2021-12-04 04:48:58','2021-12-04 04:49:01'),(87,'how-to-care-for-leather-bags',5,'Botble\\Blog\\Models\\Post','blog','2021-12-04 04:48:58','2021-12-04 04:49:01'),(88,'were-crushing-hard-on-summers-10-biggest-bag-trends',6,'Botble\\Blog\\Models\\Post','blog','2021-12-04 04:48:58','2021-12-04 04:49:01'),(89,'essential-qualities-of-highly-successful-music',7,'Botble\\Blog\\Models\\Post','blog','2021-12-04 04:48:58','2021-12-04 04:49:01'),(90,'9-things-i-love-about-shaving-my-head',8,'Botble\\Blog\\Models\\Post','blog','2021-12-04 04:48:58','2021-12-04 04:49:01'),(91,'why-teamwork-really-makes-the-dream-work',9,'Botble\\Blog\\Models\\Post','blog','2021-12-04 04:48:58','2021-12-04 04:49:01'),(92,'the-world-caters-to-average-people',10,'Botble\\Blog\\Models\\Post','blog','2021-12-04 04:48:58','2021-12-04 04:49:01'),(93,'the-litigants-on-the-screen-are-not-actors',11,'Botble\\Blog\\Models\\Post','blog','2021-12-04 04:48:58','2021-12-04 04:49:01'),(94,'home',1,'Botble\\Page\\Models\\Page','','2021-12-04 04:48:59','2021-12-04 04:48:59'),(95,'about-us',2,'Botble\\Page\\Models\\Page','','2021-12-04 04:49:00','2021-12-04 04:49:00'),(96,'terms-of-use',3,'Botble\\Page\\Models\\Page','','2021-12-04 04:49:00','2021-12-04 04:49:00'),(97,'terms-conditions',4,'Botble\\Page\\Models\\Page','','2021-12-04 04:49:00','2021-12-04 04:49:00'),(98,'refund-policy',5,'Botble\\Page\\Models\\Page','','2021-12-04 04:49:00','2021-12-04 04:49:00'),(99,'blog',6,'Botble\\Page\\Models\\Page','','2021-12-04 04:49:00','2021-12-04 04:49:00'),(100,'faqs',7,'Botble\\Page\\Models\\Page','','2021-12-04 04:49:00','2021-12-04 04:49:00'),(101,'contact',8,'Botble\\Page\\Models\\Page','','2021-12-04 04:49:00','2021-12-04 04:49:00'),(102,'cookie-policy',9,'Botble\\Page\\Models\\Page','','2021-12-04 04:49:00','2021-12-04 04:49:00'),(103,'affiliate',10,'Botble\\Page\\Models\\Page','','2021-12-04 04:49:00','2021-12-04 04:49:00'),(104,'career',11,'Botble\\Page\\Models\\Page','','2021-12-04 04:49:00','2021-12-04 04:49:00'),(105,'coming-soon',12,'Botble\\Page\\Models\\Page','','2021-12-04 04:49:00','2021-12-04 04:49:00'),(106,'gopro',1,'Botble\\Marketplace\\Models\\Store','stores','2021-12-04 04:49:07','2021-12-04 04:49:07'),(107,'global-office',2,'Botble\\Marketplace\\Models\\Store','stores','2021-12-04 04:49:07','2021-12-04 04:49:07'),(108,'young-shop',3,'Botble\\Marketplace\\Models\\Store','stores','2021-12-04 04:49:07','2021-12-04 04:49:07'),(109,'global-store',4,'Botble\\Marketplace\\Models\\Store','stores','2021-12-04 04:49:07','2021-12-04 04:49:07'),(110,'roberts-store',5,'Botble\\Marketplace\\Models\\Store','stores','2021-12-04 04:49:07','2021-12-04 04:49:07'),(111,'stouffer',6,'Botble\\Marketplace\\Models\\Store','stores','2021-12-04 04:49:07','2021-12-04 04:49:07');
/*!40000 ALTER TABLE `slugs` ENABLE KEYS */;
UNLOCK TABLES;

--
-- Table structure for table `tags`
--

DROP TABLE IF EXISTS `tags`;
/*!40101 SET @saved_cs_client     = @@character_set_client */;
/*!40101 SET character_set_client = utf8 */;
CREATE TABLE `tags` (
  `id` bigint(20) unsigned NOT NULL AUTO_INCREMENT,
  `name` varchar(120) COLLATE utf8mb4_unicode_ci NOT NULL,
  `author_id` int(11) NOT NULL,
  `author_type` varchar(255) COLLATE utf8mb4_unicode_ci NOT NULL DEFAULT 'Botble\\ACL\\Models\\User',
  `description` varchar(400) COLLATE utf8mb4_unicode_ci DEFAULT '',
  `status` varchar(60) COLLATE utf8mb4_unicode_ci NOT NULL DEFAULT 'published',
  `created_at` timestamp NULL DEFAULT NULL,
  `updated_at` timestamp NULL DEFAULT NULL,
  PRIMARY KEY (`id`)
) ENGINE=InnoDB AUTO_INCREMENT=6 DEFAULT CHARSET=utf8mb4 COLLATE=utf8mb4_unicode_ci;
/*!40101 SET character_set_client = @saved_cs_client */;

--
-- Dumping data for table `tags`
--

LOCK TABLES `tags` WRITE;
/*!40000 ALTER TABLE `tags` DISABLE KEYS */;
INSERT INTO `tags` VALUES (1,'General',1,'Botble\\ACL\\Models\\User','','published','2021-12-04 04:48:58','2021-12-04 04:48:58'),(2,'Design',1,'Botble\\ACL\\Models\\User','','published','2021-12-04 04:48:58','2021-12-04 04:48:58'),(3,'Fashion',1,'Botble\\ACL\\Models\\User','','published','2021-12-04 04:48:58','2021-12-04 04:48:58'),(4,'Branding',1,'Botble\\ACL\\Models\\User','','published','2021-12-04 04:48:58','2021-12-04 04:48:58'),(5,'Modern',1,'Botble\\ACL\\Models\\User','','published','2021-12-04 04:48:58','2021-12-04 04:48:58');
/*!40000 ALTER TABLE `tags` ENABLE KEYS */;
UNLOCK TABLES;

--
-- Table structure for table `tags_translations`
--

DROP TABLE IF EXISTS `tags_translations`;
/*!40101 SET @saved_cs_client     = @@character_set_client */;
/*!40101 SET character_set_client = utf8 */;
CREATE TABLE `tags_translations` (
  `lang_code` varchar(191) COLLATE utf8mb4_unicode_ci NOT NULL,
  `tags_id` int(11) NOT NULL,
  `name` varchar(255) COLLATE utf8mb4_unicode_ci DEFAULT NULL,
  `description` varchar(400) COLLATE utf8mb4_unicode_ci DEFAULT NULL,
  PRIMARY KEY (`lang_code`,`tags_id`)
) ENGINE=InnoDB DEFAULT CHARSET=utf8mb4 COLLATE=utf8mb4_unicode_ci;
/*!40101 SET character_set_client = @saved_cs_client */;

--
-- Dumping data for table `tags_translations`
--

LOCK TABLES `tags_translations` WRITE;
/*!40000 ALTER TABLE `tags_translations` DISABLE KEYS */;
INSERT INTO `tags_translations` VALUES ('vi',1,'Chung',NULL),('vi',2,'Thiết kế',NULL),('vi',3,'Thời trang',NULL),('vi',4,'Thương hiệu',NULL),('vi',5,'Hiện đại',NULL);
/*!40000 ALTER TABLE `tags_translations` ENABLE KEYS */;
UNLOCK TABLES;

--
-- Table structure for table `translations`
--

DROP TABLE IF EXISTS `translations`;
/*!40101 SET @saved_cs_client     = @@character_set_client */;
/*!40101 SET character_set_client = utf8 */;
CREATE TABLE `translations` (
  `id` bigint(20) unsigned NOT NULL AUTO_INCREMENT,
  `status` int(11) NOT NULL DEFAULT 0,
  `locale` varchar(191) COLLATE utf8mb4_unicode_ci NOT NULL,
  `group` varchar(191) COLLATE utf8mb4_unicode_ci NOT NULL,
  `key` varchar(191) COLLATE utf8mb4_unicode_ci NOT NULL,
  `value` text COLLATE utf8mb4_unicode_ci DEFAULT NULL,
  `created_at` timestamp NULL DEFAULT NULL,
  `updated_at` timestamp NULL DEFAULT NULL,
  PRIMARY KEY (`id`)
) ENGINE=InnoDB AUTO_INCREMENT=4219 DEFAULT CHARSET=utf8mb4 COLLATE=utf8mb4_unicode_ci;
/*!40101 SET character_set_client = @saved_cs_client */;

--
-- Dumping data for table `translations`
--

LOCK TABLES `translations` WRITE;
/*!40000 ALTER TABLE `translations` DISABLE KEYS */;
INSERT INTO `translations` VALUES (1,0,'en','auth','failed','These credentials do not match our records.','2021-12-18 03:21:30','2021-12-18 03:22:10'),(2,0,'en','auth','password','The provided password is incorrect.','2021-12-18 03:21:30','2021-12-18 03:22:10'),(3,0,'en','auth','throttle','Too many login attempts. Please try again in :seconds seconds.','2021-12-18 03:21:30','2021-12-18 03:22:10'),(4,0,'en','pagination','previous','&laquo; Previous','2021-12-18 03:21:30','2021-12-18 03:22:10'),(5,0,'en','pagination','next','Next &raquo;','2021-12-18 03:21:30','2021-12-18 03:22:10'),(6,0,'en','passwords','reset','Your password has been reset!','2021-12-18 03:21:30','2021-12-18 03:22:11'),(7,0,'en','passwords','sent','We have emailed your password reset link!','2021-12-18 03:21:31','2021-12-18 03:22:11'),(8,0,'en','passwords','throttled','Please wait before retrying.','2021-12-18 03:21:31','2021-12-18 03:22:11'),(9,0,'en','passwords','token','This password reset token is invalid.','2021-12-18 03:21:31','2021-12-18 03:22:11'),(10,0,'en','passwords','user','We can\'t find a user with that email address.','2021-12-18 03:21:31','2021-12-18 03:22:11'),(11,0,'en','validation','accepted','The :attribute must be accepted.','2021-12-18 03:21:31','2021-12-18 03:22:11'),(12,0,'en','validation','accepted_if','The :attribute must be accepted when :other is :value.','2021-12-18 03:21:31','2021-12-18 03:22:11'),(13,0,'en','validation','active_url','The :attribute is not a valid URL.','2021-12-18 03:21:31','2021-12-18 03:22:11'),(14,0,'en','validation','after','The :attribute must be a date after :date.','2021-12-18 03:21:31','2021-12-18 03:22:11'),(15,0,'en','validation','after_or_equal','The :attribute must be a date after or equal to :date.','2021-12-18 03:21:31','2021-12-18 03:22:11'),(16,0,'en','validation','alpha','The :attribute must only contain letters.','2021-12-18 03:21:31','2021-12-18 03:22:11'),(17,0,'en','validation','alpha_dash','The :attribute must only contain letters, numbers, dashes and underscores.','2021-12-18 03:21:31','2021-12-18 03:22:11'),(18,0,'en','validation','alpha_num','The :attribute must only contain letters and numbers.','2021-12-18 03:21:31','2021-12-18 03:22:11'),(19,0,'en','validation','array','The :attribute must be an array.','2021-12-18 03:21:31','2021-12-18 03:22:11'),(20,0,'en','validation','before','The :attribute must be a date before :date.','2021-12-18 03:21:31','2021-12-18 03:22:11'),(21,0,'en','validation','before_or_equal','The :attribute must be a date before or equal to :date.','2021-12-18 03:21:31','2021-12-18 03:22:11'),(22,0,'en','validation','between.numeric','The :attribute must be between :min and :max.','2021-12-18 03:21:31','2021-12-18 03:22:11'),(23,0,'en','validation','between.file','The :attribute must be between :min and :max kilobytes.','2021-12-18 03:21:31','2021-12-18 03:22:11'),(24,0,'en','validation','between.string','The :attribute must be between :min and :max characters.','2021-12-18 03:21:31','2021-12-18 03:22:11'),(25,0,'en','validation','between.array','The :attribute must have between :min and :max items.','2021-12-18 03:21:31','2021-12-18 03:22:11'),(26,0,'en','validation','boolean','The :attribute field must be true or false.','2021-12-18 03:21:31','2021-12-18 03:22:11'),(27,0,'en','validation','confirmed','The :attribute confirmation does not match.','2021-12-18 03:21:31','2021-12-18 03:22:11'),(28,0,'en','validation','current_password','The password is incorrect.','2021-12-18 03:21:31','2021-12-18 03:22:11'),(29,0,'en','validation','date','The :attribute is not a valid date.','2021-12-18 03:21:31','2021-12-18 03:22:11'),(30,0,'en','validation','date_equals','The :attribute must be a date equal to :date.','2021-12-18 03:21:31','2021-12-18 03:22:11'),(31,0,'en','validation','date_format','The :attribute does not match the format :format.','2021-12-18 03:21:31','2021-12-18 03:22:11'),(32,0,'en','validation','declined','The :attribute must be declined.','2021-12-18 03:21:31','2021-12-18 03:22:11'),(33,0,'en','validation','declined_if','The :attribute must be declined when :other is :value.','2021-12-18 03:21:31','2021-12-18 03:22:11'),(34,0,'en','validation','different','The :attribute and :other must be different.','2021-12-18 03:21:31','2021-12-18 03:22:11'),(35,0,'en','validation','digits','The :attribute must be :digits digits.','2021-12-18 03:21:31','2021-12-18 03:22:11'),(36,0,'en','validation','digits_between','The :attribute must be between :min and :max digits.','2021-12-18 03:21:31','2021-12-18 03:22:11'),(37,0,'en','validation','dimensions','The :attribute has invalid image dimensions.','2021-12-18 03:21:31','2021-12-18 03:22:11'),(38,0,'en','validation','distinct','The :attribute field has a duplicate value.','2021-12-18 03:21:31','2021-12-18 03:22:11'),(39,0,'en','validation','email','The :attribute must be a valid email address.','2021-12-18 03:21:31','2021-12-18 03:22:11'),(40,0,'en','validation','ends_with','The :attribute must end with one of the following: :values.','2021-12-18 03:21:31','2021-12-18 03:22:11'),(41,0,'en','validation','exists','The selected :attribute is invalid.','2021-12-18 03:21:31','2021-12-18 03:22:11'),(42,0,'en','validation','file','The :attribute must be a file.','2021-12-18 03:21:31','2021-12-18 03:22:11'),(43,0,'en','validation','filled','The :attribute field must have a value.','2021-12-18 03:21:31','2021-12-18 03:22:11'),(44,0,'en','validation','gt.numeric','The :attribute must be greater than :value.','2021-12-18 03:21:31','2021-12-18 03:22:11'),(45,0,'en','validation','gt.file','The :attribute must be greater than :value kilobytes.','2021-12-18 03:21:31','2021-12-18 03:22:11'),(46,0,'en','validation','gt.string','The :attribute must be greater than :value characters.','2021-12-18 03:21:31','2021-12-18 03:22:11'),(47,0,'en','validation','gt.array','The :attribute must have more than :value items.','2021-12-18 03:21:31','2021-12-18 03:22:11'),(48,0,'en','validation','gte.numeric','The :attribute must be greater than or equal to :value.','2021-12-18 03:21:31','2021-12-18 03:22:11'),(49,0,'en','validation','gte.file','The :attribute must be greater than or equal to :value kilobytes.','2021-12-18 03:21:31','2021-12-18 03:22:11'),(50,0,'en','validation','gte.string','The :attribute must be greater than or equal to :value characters.','2021-12-18 03:21:31','2021-12-18 03:22:11'),(51,0,'en','validation','gte.array','The :attribute must have :value items or more.','2021-12-18 03:21:31','2021-12-18 03:22:11'),(52,0,'en','validation','image','The :attribute must be an image.','2021-12-18 03:21:31','2021-12-18 03:22:11'),(53,0,'en','validation','in','The selected :attribute is invalid.','2021-12-18 03:21:31','2021-12-18 03:22:11'),(54,0,'en','validation','in_array','The :attribute field does not exist in :other.','2021-12-18 03:21:31','2021-12-18 03:22:11'),(55,0,'en','validation','integer','The :attribute must be an integer.','2021-12-18 03:21:31','2021-12-18 03:22:11'),(56,0,'en','validation','ip','The :attribute must be a valid IP address.','2021-12-18 03:21:31','2021-12-18 03:22:11'),(57,0,'en','validation','ipv4','The :attribute must be a valid IPv4 address.','2021-12-18 03:21:31','2021-12-18 03:22:11'),(58,0,'en','validation','ipv6','The :attribute must be a valid IPv6 address.','2021-12-18 03:21:31','2021-12-18 03:22:11'),(59,0,'en','validation','json','The :attribute must be a valid JSON string.','2021-12-18 03:21:31','2021-12-18 03:22:11'),(60,0,'en','validation','lt.numeric','The :attribute must be less than :value.','2021-12-18 03:21:31','2021-12-18 03:22:11'),(61,0,'en','validation','lt.file','The :attribute must be less than :value kilobytes.','2021-12-18 03:21:31','2021-12-18 03:22:11'),(62,0,'en','validation','lt.string','The :attribute must be less than :value characters.','2021-12-18 03:21:31','2021-12-18 03:22:11'),(63,0,'en','validation','lt.array','The :attribute must have less than :value items.','2021-12-18 03:21:31','2021-12-18 03:22:11'),(64,0,'en','validation','lte.numeric','The :attribute must be less than or equal to :value.','2021-12-18 03:21:31','2021-12-18 03:22:11'),(65,0,'en','validation','lte.file','The :attribute must be less than or equal to :value kilobytes.','2021-12-18 03:21:31','2021-12-18 03:22:11'),(66,0,'en','validation','lte.string','The :attribute must be less than or equal to :value characters.','2021-12-18 03:21:31','2021-12-18 03:22:11'),(67,0,'en','validation','lte.array','The :attribute must not have more than :value items.','2021-12-18 03:21:31','2021-12-18 03:22:11'),(68,0,'en','validation','max.numeric','The :attribute must not be greater than :max.','2021-12-18 03:21:31','2021-12-18 03:22:11'),(69,0,'en','validation','max.file','The :attribute must not be greater than :max kilobytes.','2021-12-18 03:21:31','2021-12-18 03:22:11'),(70,0,'en','validation','max.string','The :attribute must not be greater than :max characters.','2021-12-18 03:21:31','2021-12-18 03:22:11'),(71,0,'en','validation','max.array','The :attribute must not have more than :max items.','2021-12-18 03:21:31','2021-12-18 03:22:11'),(72,0,'en','validation','mimes','The :attribute must be a file of type: :values.','2021-12-18 03:21:31','2021-12-18 03:22:11'),(73,0,'en','validation','mimetypes','The :attribute must be a file of type: :values.','2021-12-18 03:21:31','2021-12-18 03:22:11'),(74,0,'en','validation','min.numeric','The :attribute must be at least :min.','2021-12-18 03:21:31','2021-12-18 03:22:11'),(75,0,'en','validation','min.file','The :attribute must be at least :min kilobytes.','2021-12-18 03:21:31','2021-12-18 03:22:11'),(76,0,'en','validation','min.string','The :attribute must be at least :min characters.','2021-12-18 03:21:31','2021-12-18 03:22:11'),(77,0,'en','validation','min.array','The :attribute must have at least :min items.','2021-12-18 03:21:31','2021-12-18 03:22:11'),(78,0,'en','validation','multiple_of','The :attribute must be a multiple of :value.','2021-12-18 03:21:31','2021-12-18 03:22:11'),(79,0,'en','validation','not_in','The selected :attribute is invalid.','2021-12-18 03:21:31','2021-12-18 03:22:11'),(80,0,'en','validation','not_regex','The :attribute format is invalid.','2021-12-18 03:21:31','2021-12-18 03:22:11'),(81,0,'en','validation','numeric','The :attribute must be a number.','2021-12-18 03:21:31','2021-12-18 03:22:11'),(82,0,'en','validation','password','The password is incorrect.','2021-12-18 03:21:31','2021-12-18 03:22:11'),(83,0,'en','validation','present','The :attribute field must be present.','2021-12-18 03:21:31','2021-12-18 03:22:11'),(84,0,'en','validation','prohibited','The :attribute field is prohibited.','2021-12-18 03:21:31','2021-12-18 03:22:11'),(85,0,'en','validation','prohibited_if','The :attribute field is prohibited when :other is :value.','2021-12-18 03:21:31','2021-12-18 03:22:11'),(86,0,'en','validation','prohibited_unless','The :attribute field is prohibited unless :other is in :values.','2021-12-18 03:21:31','2021-12-18 03:22:11'),(87,0,'en','validation','prohibits','The :attribute field prohibits :other from being present.','2021-12-18 03:21:31','2021-12-18 03:22:11'),(88,0,'en','validation','regex','The :attribute format is invalid.','2021-12-18 03:21:31','2021-12-18 03:22:11'),(89,0,'en','validation','required','The :attribute field is required.','2021-12-18 03:21:31','2021-12-18 03:22:11'),(90,0,'en','validation','required_if','The :attribute field is required when :other is :value.','2021-12-18 03:21:31','2021-12-18 03:22:11'),(91,0,'en','validation','required_unless','The :attribute field is required unless :other is in :values.','2021-12-18 03:21:31','2021-12-18 03:22:11'),(92,0,'en','validation','required_with','The :attribute field is required when :values is present.','2021-12-18 03:21:31','2021-12-18 03:22:11'),(93,0,'en','validation','required_with_all','The :attribute field is required when :values are present.','2021-12-18 03:21:31','2021-12-18 03:22:11'),(94,0,'en','validation','required_without','The :attribute field is required when :values is not present.','2021-12-18 03:21:31','2021-12-18 03:22:11'),(95,0,'en','validation','required_without_all','The :attribute field is required when none of :values are present.','2021-12-18 03:21:31','2021-12-18 03:22:11'),(96,0,'en','validation','same','The :attribute and :other must match.','2021-12-18 03:21:31','2021-12-18 03:22:11'),(97,0,'en','validation','size.numeric','The :attribute must be :size.','2021-12-18 03:21:31','2021-12-18 03:22:11'),(98,0,'en','validation','size.file','The :attribute must be :size kilobytes.','2021-12-18 03:21:31','2021-12-18 03:22:11'),(99,0,'en','validation','size.string','The :attribute must be :size characters.','2021-12-18 03:21:31','2021-12-18 03:22:11'),(100,0,'en','validation','size.array','The :attribute must contain :size items.','2021-12-18 03:21:31','2021-12-18 03:22:11'),(101,0,'en','validation','starts_with','The :attribute must start with one of the following: :values.','2021-12-18 03:21:31','2021-12-18 03:22:11'),(102,0,'en','validation','string','The :attribute must be a string.','2021-12-18 03:21:31','2021-12-18 03:22:11'),(103,0,'en','validation','timezone','The :attribute must be a valid timezone.','2021-12-18 03:21:31','2021-12-18 03:22:11'),(104,0,'en','validation','unique','The :attribute has already been taken.','2021-12-18 03:21:31','2021-12-18 03:22:11'),(105,0,'en','validation','uploaded','The :attribute failed to upload.','2021-12-18 03:21:31','2021-12-18 03:22:11'),(106,0,'en','validation','url','The :attribute must be a valid URL.','2021-12-18 03:21:31','2021-12-18 03:22:11'),(107,0,'en','validation','uuid','The :attribute must be a valid UUID.','2021-12-18 03:21:31','2021-12-18 03:22:11'),(108,0,'en','validation','custom.attribute-name.rule-name','custom-message','2021-12-18 03:21:31','2021-12-18 03:22:11'),(109,0,'en','core/acl/api','api_clients','API Clients','2021-12-18 03:21:31','2021-12-18 03:22:11'),(110,0,'en','core/acl/api','create_new_client','Create new client','2021-12-18 03:21:31','2021-12-18 03:22:11'),(111,0,'en','core/acl/api','create_new_client_success','Create new client successfully!','2021-12-18 03:21:31','2021-12-18 03:22:11'),(112,0,'en','core/acl/api','edit_client','Edit client \":name\"','2021-12-18 03:21:31','2021-12-18 03:22:11'),(113,0,'en','core/acl/api','edit_client_success','Updated client successfully!','2021-12-18 03:21:31','2021-12-18 03:22:11'),(114,0,'en','core/acl/api','delete_success','Deleted client successfully!','2021-12-18 03:21:31','2021-12-18 03:22:11'),(115,0,'en','core/acl/api','confirm_delete_title','Confirm delete client \":name\"','2021-12-18 03:21:31','2021-12-18 03:22:11'),(116,0,'en','core/acl/api','confirm_delete_description','Do you really want to delete client \":name\"?','2021-12-18 03:21:31','2021-12-18 03:22:11'),(117,0,'en','core/acl/api','cancel_delete','No','2021-12-18 03:21:31','2021-12-18 03:22:11'),(118,0,'en','core/acl/api','continue_delete','Yes, let\'s delete it!','2021-12-18 03:21:31','2021-12-18 03:22:11'),(119,0,'en','core/acl/api','name','Name','2021-12-18 03:21:31','2021-12-18 03:22:11'),(120,0,'en','core/acl/api','cancel','Cancel','2021-12-18 03:21:31','2021-12-18 03:22:11'),(121,0,'en','core/acl/api','save','Save','2021-12-18 03:21:31','2021-12-18 03:22:11'),(122,0,'en','core/acl/api','edit','Edit','2021-12-18 03:21:31','2021-12-18 03:22:11'),(123,0,'en','core/acl/api','delete','Delete','2021-12-18 03:21:31','2021-12-18 03:22:11'),(124,0,'en','core/acl/api','client_id','Client ID','2021-12-18 03:21:31','2021-12-18 03:22:11'),(125,0,'en','core/acl/api','secret','Secret','2021-12-18 03:21:31','2021-12-18 03:22:11'),(126,0,'en','core/acl/auth','login.username','Email/Username','2021-12-18 03:21:31','2021-12-18 03:22:11'),(127,0,'en','core/acl/auth','login.email','Email','2021-12-18 03:21:31','2021-12-18 03:22:11'),(128,0,'en','core/acl/auth','login.password','Password','2021-12-18 03:21:31','2021-12-18 03:22:11'),(129,0,'en','core/acl/auth','login.title','User Login','2021-12-18 03:21:31','2021-12-18 03:22:11'),(130,0,'en','core/acl/auth','login.remember','Remember me?','2021-12-18 03:21:31','2021-12-18 03:22:11'),(131,0,'en','core/acl/auth','login.login','Sign in','2021-12-18 03:21:31','2021-12-18 03:22:11'),(132,0,'en','core/acl/auth','login.placeholder.username','Please enter your username','2021-12-18 03:21:31','2021-12-18 03:22:11'),(133,0,'en','core/acl/auth','login.placeholder.email','Please enter your email','2021-12-18 03:21:31','2021-12-18 03:22:11'),(134,0,'en','core/acl/auth','login.success','Login successfully!','2021-12-18 03:21:31','2021-12-18 03:22:11'),(135,0,'en','core/acl/auth','login.fail','Wrong username or password.','2021-12-18 03:21:31','2021-12-18 03:22:11'),(136,0,'en','core/acl/auth','login.not_active','Your account has not been activated yet!','2021-12-18 03:21:31','2021-12-18 03:22:11'),(137,0,'en','core/acl/auth','login.banned','This account is banned.','2021-12-18 03:21:31','2021-12-18 03:22:11'),(138,0,'en','core/acl/auth','login.logout_success','Logout successfully!','2021-12-18 03:21:31','2021-12-18 03:22:11'),(139,0,'en','core/acl/auth','login.dont_have_account','You don\'t have account on this system, please contact administrator for more information!','2021-12-18 03:21:31','2021-12-18 03:22:11'),(140,0,'en','core/acl/auth','forgot_password.title','Forgot Password','2021-12-18 03:21:31','2021-12-18 03:22:11'),(141,0,'en','core/acl/auth','forgot_password.message','<p>Have you forgotten your password?</p><p>Please enter your email account. System will send a email with active link to reset your password.</p>','2021-12-18 03:21:31','2021-12-18 03:22:11'),(142,0,'en','core/acl/auth','forgot_password.submit','Submit','2021-12-18 03:21:31','2021-12-18 03:22:11'),(143,0,'en','core/acl/auth','reset.new_password','New password','2021-12-18 03:21:31','2021-12-18 03:22:11'),(144,0,'en','core/acl/auth','reset.password_confirmation','Confirm new password','2021-12-18 03:21:31','2021-12-18 03:22:11'),(145,0,'en','core/acl/auth','reset.email','Email','2021-12-18 03:21:31','2021-12-18 03:22:11'),(146,0,'en','core/acl/auth','reset.title','Reset your password','2021-12-18 03:21:31','2021-12-18 03:22:11'),(147,0,'en','core/acl/auth','reset.update','Update','2021-12-18 03:21:31','2021-12-18 03:22:11'),(148,0,'en','core/acl/auth','reset.wrong_token','This link is invalid or expired. Please try using reset form again.','2021-12-18 03:21:31','2021-12-18 03:22:11'),(149,0,'en','core/acl/auth','reset.user_not_found','This username is not exist.','2021-12-18 03:21:31','2021-12-18 03:22:11'),(150,0,'en','core/acl/auth','reset.success','Reset password successfully!','2021-12-18 03:21:31','2021-12-18 03:22:11'),(151,0,'en','core/acl/auth','reset.fail','Token is invalid, the reset password link has been expired!','2021-12-18 03:21:31','2021-12-18 03:22:11'),(152,0,'en','core/acl/auth','reset.reset.title','Email reset password','2021-12-18 03:21:31','2021-12-18 03:22:11'),(153,0,'en','core/acl/auth','reset.send.success','A email was sent to your email account. Please check and complete this action.','2021-12-18 03:21:31','2021-12-18 03:22:11'),(154,0,'en','core/acl/auth','reset.send.fail','Can not send email in this time. Please try again later.','2021-12-18 03:21:31','2021-12-18 03:22:11'),(155,0,'en','core/acl/auth','reset.new-password','New password','2021-12-18 03:21:31','2021-12-18 03:22:11'),(156,0,'en','core/acl/auth','email.reminder.title','Email reset password','2021-12-18 03:21:31','2021-12-18 03:22:11'),(157,0,'en','core/acl/auth','password_confirmation','Password confirm','2021-12-18 03:21:31','2021-12-18 03:22:11'),(158,0,'en','core/acl/auth','failed','Failed','2021-12-18 03:21:31','2021-12-18 03:22:11'),(159,0,'en','core/acl/auth','throttle','Throttle','2021-12-18 03:21:31','2021-12-18 03:22:11'),(160,0,'en','core/acl/auth','not_member','Not a member yet?','2021-12-18 03:21:31','2021-12-18 03:22:11'),(161,0,'en','core/acl/auth','register_now','Register now','2021-12-18 03:21:31','2021-12-18 03:22:11'),(162,0,'en','core/acl/auth','lost_your_password','Lost your password?','2021-12-18 03:21:31','2021-12-18 03:22:11'),(163,0,'en','core/acl/auth','login_title','Admin','2021-12-18 03:21:31','2021-12-18 03:22:11'),(164,0,'en','core/acl/auth','login_via_social','Login with social networks','2021-12-18 03:21:31','2021-12-18 03:22:11'),(165,0,'en','core/acl/auth','back_to_login','Back to login page','2021-12-18 03:21:31','2021-12-18 03:22:11'),(166,0,'en','core/acl/auth','sign_in_below','Sign In Below','2021-12-18 03:21:31','2021-12-18 03:22:11'),(167,0,'en','core/acl/auth','languages','Languages','2021-12-18 03:21:31','2021-12-18 03:22:11'),(168,0,'en','core/acl/auth','reset_password','Reset Password','2021-12-18 03:21:31','2021-12-18 03:22:11'),(169,0,'en','core/acl/auth','settings.email.title','ACL','2021-12-18 03:21:31','2021-12-18 03:22:11'),(170,0,'en','core/acl/auth','settings.email.description','ACL email configuration','2021-12-18 03:21:31','2021-12-18 03:22:11'),(171,0,'en','core/acl/permissions','notices.role_in_use','Cannot delete this role, it is still in use!','2021-12-18 03:21:31','2021-12-18 03:22:11'),(172,0,'en','core/acl/permissions','notices.role_delete_belong_user','You are not able to delete this role; it belongs to someone else!','2021-12-18 03:21:31','2021-12-18 03:22:11'),(173,0,'en','core/acl/permissions','notices.role_edit_belong_user','You are not able to edit this role; it belongs to someone else!','2021-12-18 03:21:31','2021-12-18 03:22:11'),(174,0,'en','core/acl/permissions','notices.delete_global_role','You are not allowed to delete global roles!','2021-12-18 03:21:31','2021-12-18 03:22:11'),(175,0,'en','core/acl/permissions','notices.delete_success','The selected role was deleted successfully!','2021-12-18 03:21:31','2021-12-18 03:22:11'),(176,0,'en','core/acl/permissions','notices.modified_success','The selected role was modified successfully!','2021-12-18 03:21:31','2021-12-18 03:22:11'),(177,0,'en','core/acl/permissions','notices.create_success','The new role was successfully created','2021-12-18 03:21:31','2021-12-18 03:22:11'),(178,0,'en','core/acl/permissions','notices.duplicated_success','The selected role was duplicated successfully','2021-12-18 03:21:31','2021-12-18 03:22:11'),(179,0,'en','core/acl/permissions','notices.no_select','Please select at least one record to take this action!','2021-12-18 03:21:31','2021-12-18 03:22:11'),(180,0,'en','core/acl/permissions','notices.not_found','Role not found','2021-12-18 03:21:31','2021-12-18 03:22:11'),(181,0,'en','core/acl/permissions','name','Name','2021-12-18 03:21:31','2021-12-18 03:22:11'),(182,0,'en','core/acl/permissions','current_role','Current Role','2021-12-18 03:21:31','2021-12-18 03:22:11'),(183,0,'en','core/acl/permissions','no_role_assigned','No role assigned','2021-12-18 03:21:31','2021-12-18 03:22:11'),(184,0,'en','core/acl/permissions','role_assigned','Assigned Role','2021-12-18 03:21:31','2021-12-18 03:22:11'),(185,0,'en','core/acl/permissions','create_role','Create New Role','2021-12-18 03:21:31','2021-12-18 03:22:11'),(186,0,'en','core/acl/permissions','role_name','Name','2021-12-18 03:21:31','2021-12-18 03:22:11'),(187,0,'en','core/acl/permissions','role_description','Description','2021-12-18 03:21:31','2021-12-18 03:22:11'),(188,0,'en','core/acl/permissions','permission_flags','Permission Flags','2021-12-18 03:21:31','2021-12-18 03:22:11'),(189,0,'en','core/acl/permissions','cancel','Cancel','2021-12-18 03:21:31','2021-12-18 03:22:11'),(190,0,'en','core/acl/permissions','reset','Reset','2021-12-18 03:21:31','2021-12-18 03:22:11'),(191,0,'en','core/acl/permissions','save','Save','2021-12-18 03:21:31','2021-12-18 03:22:11'),(192,0,'en','core/acl/permissions','global_role_msg','This is a global role and cannot be modified.  You can use the Duplicate button to make a copy of this role that you can then modify.','2021-12-18 03:21:31','2021-12-18 03:22:11'),(193,0,'en','core/acl/permissions','details','Details','2021-12-18 03:21:31','2021-12-18 03:22:11'),(194,0,'en','core/acl/permissions','duplicate','Duplicate','2021-12-18 03:21:31','2021-12-18 03:22:11'),(195,0,'en','core/acl/permissions','all','All Permissions','2021-12-18 03:21:31','2021-12-18 03:22:11'),(196,0,'en','core/acl/permissions','list_role','List Roles','2021-12-18 03:21:31','2021-12-18 03:22:11'),(197,0,'en','core/acl/permissions','created_on','Created On','2021-12-18 03:21:31','2021-12-18 03:22:11'),(198,0,'en','core/acl/permissions','created_by','Created By','2021-12-18 03:21:31','2021-12-18 03:22:11'),(199,0,'en','core/acl/permissions','actions','Actions','2021-12-18 03:21:31','2021-12-18 03:22:11'),(200,0,'en','core/acl/permissions','role_in_use','Cannot delete this role, it is still in use!','2021-12-18 03:21:31','2021-12-18 03:22:11'),(201,0,'en','core/acl/permissions','role_delete_belong_user','You are not able to delete this role; it belongs to someone else!','2021-12-18 03:21:31','2021-12-18 03:22:11'),(202,0,'en','core/acl/permissions','delete_global_role','Can not delete global role','2021-12-18 03:21:31','2021-12-18 03:22:11'),(203,0,'en','core/acl/permissions','delete_success','Delete role successfully','2021-12-18 03:21:31','2021-12-18 03:22:11'),(204,0,'en','core/acl/permissions','no_select','Please select at least one role to take this action!','2021-12-18 03:21:31','2021-12-18 03:22:11'),(205,0,'en','core/acl/permissions','not_found','No role found!','2021-12-18 03:21:31','2021-12-18 03:22:11'),(206,0,'en','core/acl/permissions','role_edit_belong_user','You are not able to edit this role; it belongs to someone else!','2021-12-18 03:21:31','2021-12-18 03:22:11'),(207,0,'en','core/acl/permissions','modified_success','Modified successfully','2021-12-18 03:21:31','2021-12-18 03:22:11'),(208,0,'en','core/acl/permissions','create_success','Create successfully','2021-12-18 03:21:31','2021-12-18 03:22:11'),(209,0,'en','core/acl/permissions','duplicated_success','Duplicated successfully','2021-12-18 03:21:31','2021-12-18 03:22:11'),(210,0,'en','core/acl/permissions','options','Options','2021-12-18 03:21:31','2021-12-18 03:22:11'),(211,0,'en','core/acl/permissions','access_denied_message','You are not allowed to do this action','2021-12-18 03:21:31','2021-12-18 03:22:11'),(212,0,'en','core/acl/permissions','roles','Roles','2021-12-18 03:21:31','2021-12-18 03:22:11'),(213,0,'en','core/acl/permissions','role_permission','Roles and Permissions','2021-12-18 03:21:31','2021-12-18 03:22:11'),(214,0,'en','core/acl/permissions','user_management','User Management','2021-12-18 03:21:31','2021-12-18 03:22:11'),(215,0,'en','core/acl/permissions','super_user_management','Super User Management','2021-12-18 03:21:31','2021-12-18 03:22:11'),(216,0,'en','core/acl/permissions','action_unauthorized','This action is unauthorized.','2021-12-18 03:21:31','2021-12-18 03:22:11'),(217,0,'en','core/acl/reminders','password','Passwords must be at least six characters and match the confirmation.','2021-12-18 03:21:31','2021-12-18 03:22:11'),(218,0,'en','core/acl/reminders','user','We can\'t find a user with that e-mail address.','2021-12-18 03:21:31','2021-12-18 03:22:11'),(219,0,'en','core/acl/reminders','token','This password reset token is invalid.','2021-12-18 03:21:31','2021-12-18 03:22:11'),(220,0,'en','core/acl/reminders','sent','Password reminder sent!','2021-12-18 03:21:31','2021-12-18 03:22:11'),(221,0,'en','core/acl/reminders','reset','Password has been reset!','2021-12-18 03:21:31','2021-12-18 03:22:11'),(222,0,'en','core/acl/users','delete_user_logged_in','Can\'t delete this user. This user is logged on!','2021-12-18 03:21:31','2021-12-18 03:22:11'),(223,0,'en','core/acl/users','no_select','Please select at least one record to take this action!','2021-12-18 03:21:31','2021-12-18 03:22:11'),(224,0,'en','core/acl/users','lock_user_logged_in','Can\'t lock this user. This user is logged on!','2021-12-18 03:21:31','2021-12-18 03:22:11'),(225,0,'en','core/acl/users','update_success','Update status successfully!','2021-12-18 03:21:31','2021-12-18 03:22:11'),(226,0,'en','core/acl/users','save_setting_failed','Something went wrong when save your setting','2021-12-18 03:21:31','2021-12-18 03:22:11'),(227,0,'en','core/acl/users','not_found','User not found','2021-12-18 03:21:31','2021-12-18 03:22:11'),(228,0,'en','core/acl/users','email_exist','That email address already belongs to an existing account','2021-12-18 03:21:31','2021-12-18 03:22:11'),(229,0,'en','core/acl/users','username_exist','That username address already belongs to an existing account','2021-12-18 03:21:31','2021-12-18 03:22:11'),(230,0,'en','core/acl/users','update_profile_success','Your profile changes were successfully saved','2021-12-18 03:21:31','2021-12-18 03:22:11'),(231,0,'en','core/acl/users','password_update_success','Password successfully changed','2021-12-18 03:21:31','2021-12-18 03:22:11'),(232,0,'en','core/acl/users','current_password_not_valid','Current password is not valid','2021-12-18 03:21:31','2021-12-18 03:22:11'),(233,0,'en','core/acl/users','user_exist_in','User is already a member','2021-12-18 03:21:31','2021-12-18 03:22:11'),(234,0,'en','core/acl/users','email','Email','2021-12-18 03:21:31','2021-12-18 03:22:11'),(235,0,'en','core/acl/users','role','Role','2021-12-18 03:21:31','2021-12-18 03:22:11'),(236,0,'en','core/acl/users','username','Username','2021-12-18 03:21:31','2021-12-18 03:22:11'),(237,0,'en','core/acl/users','last_name','Last Name','2021-12-18 03:21:31','2021-12-18 03:22:11'),(238,0,'en','core/acl/users','first_name','First Name','2021-12-18 03:21:31','2021-12-18 03:22:11'),(239,0,'en','core/acl/users','message','Message','2021-12-18 03:21:31','2021-12-18 03:22:11'),(240,0,'en','core/acl/users','cancel_btn','Cancel','2021-12-18 03:21:31','2021-12-18 03:22:11'),(241,0,'en','core/acl/users','change_password','Change password','2021-12-18 03:21:31','2021-12-18 03:22:11'),(242,0,'en','core/acl/users','current_password','Current password','2021-12-18 03:21:31','2021-12-18 03:22:11'),(243,0,'en','core/acl/users','new_password','New Password','2021-12-18 03:21:31','2021-12-18 03:22:11'),(244,0,'en','core/acl/users','confirm_new_password','Confirm New Password','2021-12-18 03:21:31','2021-12-18 03:22:11'),(245,0,'en','core/acl/users','password','Password','2021-12-18 03:21:31','2021-12-18 03:22:11'),(246,0,'en','core/acl/users','save','Save','2021-12-18 03:21:31','2021-12-18 03:22:11'),(247,0,'en','core/acl/users','cannot_delete','User could not be deleted','2021-12-18 03:21:31','2021-12-18 03:22:11'),(248,0,'en','core/acl/users','deleted','User deleted','2021-12-18 03:21:31','2021-12-18 03:22:11'),(249,0,'en','core/acl/users','last_login','Last Login','2021-12-18 03:21:31','2021-12-18 03:22:11'),(250,0,'en','core/acl/users','error_update_profile_image','Error when update profile image','2021-12-18 03:21:31','2021-12-18 03:22:11'),(251,0,'en','core/acl/users','email_reminder_template','<h3>Hello :name</h3><p>The system has received a request to restore the password for your account, to complete this task please click the link below.</p><p><a href=\":link\">Reset password now</a></p><p>If not you ask recover password, please ignore this email.</p><p>This email is valid for 60 minutes after receiving the email.</p>','2021-12-18 03:21:31','2021-12-18 03:22:11'),(252,0,'en','core/acl/users','change_profile_image','Change Profile Image','2021-12-18 03:21:31','2021-12-18 03:22:11'),(253,0,'en','core/acl/users','new_image','New Image','2021-12-18 03:21:31','2021-12-18 03:22:11'),(254,0,'en','core/acl/users','loading','Loading','2021-12-18 03:21:31','2021-12-18 03:22:11'),(255,0,'en','core/acl/users','close','Close','2021-12-18 03:21:31','2021-12-18 03:22:11'),(256,0,'en','core/acl/users','update','Update','2021-12-18 03:21:31','2021-12-18 03:22:11'),(257,0,'en','core/acl/users','read_image_failed','Failed to read the image file','2021-12-18 03:21:31','2021-12-18 03:22:11'),(258,0,'en','core/acl/users','users','Users','2021-12-18 03:21:31','2021-12-18 03:22:11'),(259,0,'en','core/acl/users','update_avatar_success','Update profile image successfully!','2021-12-18 03:21:31','2021-12-18 03:22:11'),(260,0,'en','core/acl/users','info.title','User profile','2021-12-18 03:21:31','2021-12-18 03:22:11'),(261,0,'en','core/acl/users','info.first_name','First Name','2021-12-18 03:21:31','2021-12-18 03:22:11'),(262,0,'en','core/acl/users','info.last_name','Last Name','2021-12-18 03:21:31','2021-12-18 03:22:11'),(263,0,'en','core/acl/users','info.email','Email','2021-12-18 03:21:31','2021-12-18 03:22:11'),(264,0,'en','core/acl/users','info.second_email','Secondary Email','2021-12-18 03:21:31','2021-12-18 03:22:11'),(265,0,'en','core/acl/users','info.address','Address','2021-12-18 03:21:31','2021-12-18 03:22:11'),(266,0,'en','core/acl/users','info.second_address','Secondary Address','2021-12-18 03:21:31','2021-12-18 03:22:11'),(267,0,'en','core/acl/users','info.birth_day','Date of birth','2021-12-18 03:21:31','2021-12-18 03:22:11'),(268,0,'en','core/acl/users','info.job','Job Position','2021-12-18 03:21:31','2021-12-18 03:22:11'),(269,0,'en','core/acl/users','info.mobile_number','Mobile Number','2021-12-18 03:21:31','2021-12-18 03:22:11'),(270,0,'en','core/acl/users','info.second_mobile_number','Secondary Phone','2021-12-18 03:21:31','2021-12-18 03:22:11'),(271,0,'en','core/acl/users','info.interes','Interests','2021-12-18 03:21:31','2021-12-18 03:22:11'),(272,0,'en','core/acl/users','info.about','About','2021-12-18 03:21:31','2021-12-18 03:22:11'),(273,0,'en','core/acl/users','gender.title','Gender','2021-12-18 03:21:31','2021-12-18 03:22:11'),(274,0,'en','core/acl/users','gender.male','Male','2021-12-18 03:21:31','2021-12-18 03:22:11'),(275,0,'en','core/acl/users','gender.female','Female','2021-12-18 03:21:31','2021-12-18 03:22:11'),(276,0,'en','core/acl/users','total_users','Total users','2021-12-18 03:21:31','2021-12-18 03:22:11'),(277,0,'en','core/acl/users','statuses.activated','Activated','2021-12-18 03:21:31','2021-12-18 03:22:11'),(278,0,'en','core/acl/users','statuses.deactivated','Deactivated','2021-12-18 03:21:31','2021-12-18 03:22:11'),(279,0,'en','core/acl/users','make_super','Make super','2021-12-18 03:21:31','2021-12-18 03:22:11'),(280,0,'en','core/acl/users','remove_super','Remove super','2021-12-18 03:21:31','2021-12-18 03:22:11'),(281,0,'en','core/acl/users','is_super','Is super?','2021-12-18 03:21:31','2021-12-18 03:22:11'),(282,0,'en','core/acl/users','email_placeholder','Ex: example@gmail.com','2021-12-18 03:21:31','2021-12-18 03:22:11'),(283,0,'en','core/acl/users','password_confirmation','Re-type password','2021-12-18 03:21:31','2021-12-18 03:22:11'),(284,0,'en','core/acl/users','select_role','Select role','2021-12-18 03:21:31','2021-12-18 03:22:11'),(285,0,'en','core/acl/users','create_new_user','Create a new user','2021-12-18 03:21:31','2021-12-18 03:22:11'),(286,0,'en','core/acl/users','cannot_delete_super_user','Permission denied. Cannot delete a super user!','2021-12-18 03:21:31','2021-12-18 03:22:11'),(287,0,'en','core/acl/users','assigned_role','Assigned Role','2021-12-18 03:21:31','2021-12-18 03:22:11'),(288,0,'en','core/acl/users','no_role_assigned','No role assigned','2021-12-18 03:21:31','2021-12-18 03:22:11'),(289,0,'en','core/acl/users','view_user_profile','View user\'s profile','2021-12-18 03:21:31','2021-12-18 03:22:11'),(290,0,'vi','core/acl/auth','login.username','Tên truy cập','2021-12-18 03:21:31','2021-12-18 03:22:11'),(291,0,'vi','core/acl/auth','login.password','Mật khẩu','2021-12-18 03:21:31','2021-12-18 03:22:11'),(292,0,'vi','core/acl/auth','login.title','Đăng nhập vào quản trị','2021-12-18 03:21:31','2021-12-18 03:22:11'),(293,0,'vi','core/acl/auth','login.remember','Nhớ mật khẩu?','2021-12-18 03:21:31','2021-12-18 03:22:11'),(294,0,'vi','core/acl/auth','login.login','Đăng nhập','2021-12-18 03:21:31','2021-12-18 03:22:11'),(295,0,'vi','core/acl/auth','login.placeholder.username','Vui lòng nhập tên truy cập','2021-12-18 03:21:31','2021-12-18 03:22:11'),(296,0,'vi','core/acl/auth','login.placeholder.email','Vui lòng nhập email','2021-12-18 03:21:31','2021-12-18 03:22:11'),(297,0,'vi','core/acl/auth','login.success','Đăng nhập thành công!','2021-12-18 03:21:31','2021-12-18 03:22:11'),(298,0,'vi','core/acl/auth','login.fail','Sai tên truy cập hoặc mật khẩu.','2021-12-18 03:21:31','2021-12-18 03:22:11'),(299,0,'vi','core/acl/auth','login.not_active','Tài khoản của bạn chưa được kích hoạt!','2021-12-18 03:21:31','2021-12-18 03:22:11'),(300,0,'vi','core/acl/auth','login.banned','Tài khoản này đã bị khóa.','2021-12-18 03:21:31','2021-12-18 03:22:11'),(301,0,'vi','core/acl/auth','login.logout_success','Đăng xuất thành công!','2021-12-18 03:21:31','2021-12-18 03:22:11'),(302,0,'vi','core/acl/auth','login.dont_have_account','Bạn không có tài khoản trong hệ thống, vui lòng liên hệ quản trị viên!','2021-12-18 03:21:31','2021-12-18 03:22:11'),(303,0,'vi','core/acl/auth','login.email','Email','2021-12-18 03:21:31','2021-12-18 03:22:11'),(304,0,'vi','core/acl/auth','forgot_password.title','Quên mật khẩu','2021-12-18 03:21:31','2021-12-18 03:22:11'),(305,0,'vi','core/acl/auth','forgot_password.message','<p>Quên mật khẩu?</p><p>Vui lòng nhập email đăng nhập tài khoản của bạn để hệ thống gửi liên kết khôi phục mật khẩu.</p>','2021-12-18 03:21:31','2021-12-18 03:22:11'),(306,0,'vi','core/acl/auth','forgot_password.submit','Hoàn tất','2021-12-18 03:21:31','2021-12-18 03:22:11'),(307,0,'vi','core/acl/auth','reset.new_password','Mật khẩu mới','2021-12-18 03:21:31','2021-12-18 03:22:11'),(308,0,'vi','core/acl/auth','reset.title','Khôi phục mật khẩu','2021-12-18 03:21:31','2021-12-18 03:22:11'),(309,0,'vi','core/acl/auth','reset.update','Cập nhật','2021-12-18 03:21:31','2021-12-18 03:22:11'),(310,0,'vi','core/acl/auth','reset.wrong_token','Liên kết này không chính xác hoặc đã hết hiệu lực, vui lòng yêu cầu khôi phục mật khẩu lại!','2021-12-18 03:21:31','2021-12-18 03:22:11'),(311,0,'vi','core/acl/auth','reset.user_not_found','Tên đăng nhập không tồn tại.','2021-12-18 03:21:31','2021-12-18 03:22:11'),(312,0,'vi','core/acl/auth','reset.success','Khôi phục mật khẩu thành công!','2021-12-18 03:21:31','2021-12-18 03:22:11'),(313,0,'vi','core/acl/auth','reset.fail','Token không hợp lệ hoặc liên kết khôi phục mật khẩu đã hết thời gian hiệu lực!','2021-12-18 03:21:31','2021-12-18 03:22:11'),(314,0,'vi','core/acl/auth','reset.reset.title','Email khôi phục mật khẩu','2021-12-18 03:21:31','2021-12-18 03:22:11'),(315,0,'vi','core/acl/auth','reset.send.success','Một email khôi phục mật khẩu đã được gửi tới email của bạn, vui lòng kiểm tra và hoàn tất yêu cầu.','2021-12-18 03:21:31','2021-12-18 03:22:11'),(316,0,'vi','core/acl/auth','reset.send.fail','Không thể gửi email trong lúc này. Vui lòng thực hiện lại sau.','2021-12-18 03:21:31','2021-12-18 03:22:11'),(317,0,'vi','core/acl/auth','reset.new-password','Mật khẩu mới','2021-12-18 03:21:31','2021-12-18 03:22:11'),(318,0,'vi','core/acl/auth','reset.email','Email','2021-12-18 03:21:31','2021-12-18 03:22:11'),(319,0,'vi','core/acl/auth','email.reminder.title','Email khôi phục mật khẩu','2021-12-18 03:21:31','2021-12-18 03:22:11'),(320,0,'vi','core/acl/auth','failed','Không thành công','2021-12-18 03:21:31','2021-12-18 03:22:11'),(321,0,'vi','core/acl/auth','throttle','Throttle','2021-12-18 03:21:31','2021-12-18 03:22:11'),(322,0,'vi','core/acl/auth','back_to_login','Quay lại trang đăng nhập','2021-12-18 03:21:31','2021-12-18 03:22:11'),(323,0,'vi','core/acl/auth','login_title','Đăng nhập vào quản trị','2021-12-18 03:21:31','2021-12-18 03:22:11'),(324,0,'vi','core/acl/auth','login_via_social','Đăng nhập thông qua mạng xã hội','2021-12-18 03:21:31','2021-12-18 03:22:11'),(325,0,'vi','core/acl/auth','lost_your_password','Quên mật khẩu?','2021-12-18 03:21:31','2021-12-18 03:22:11'),(326,0,'vi','core/acl/auth','not_member','Chưa là thành viên?','2021-12-18 03:21:31','2021-12-18 03:22:11'),(327,0,'vi','core/acl/auth','register_now','Đăng ký ngay','2021-12-18 03:21:31','2021-12-18 03:22:11'),(328,0,'vi','core/acl/permissions','notices.role_in_use','Không thể xóa quyền người dùng này vì nó đang được sử dụng!','2021-12-18 03:21:31','2021-12-18 03:22:11'),(329,0,'vi','core/acl/permissions','notices.role_delete_belong_user','Không thể xóa quyền hạn này vì nó thuộc về người khác!','2021-12-18 03:21:31','2021-12-18 03:22:11'),(330,0,'vi','core/acl/permissions','notices.role_edit_belong_user','Bạn không được phép sửa quyền này vì nó thuộc về người khác','2021-12-18 03:21:31','2021-12-18 03:22:11'),(331,0,'vi','core/acl/permissions','notices.delete_global_role','Bạn không thể xóa quyền người dùng hệ thống!','2021-12-18 03:21:31','2021-12-18 03:22:11'),(332,0,'vi','core/acl/permissions','notices.delete_success','Quyền người dùng đã được xóa!','2021-12-18 03:21:31','2021-12-18 03:22:11'),(333,0,'vi','core/acl/permissions','notices.modified_success','Quyền người dùng đã được cập nhật thành công!','2021-12-18 03:21:31','2021-12-18 03:22:11'),(334,0,'vi','core/acl/permissions','notices.create_success','Quyền người dùng mới đã được tạo thành công!','2021-12-18 03:21:31','2021-12-18 03:22:11'),(335,0,'vi','core/acl/permissions','notices.duplicated_success','Quyền người dùng đã được sao chép thành công!','2021-12-18 03:21:31','2021-12-18 03:22:11'),(336,0,'vi','core/acl/permissions','notices.no_select','Hãy chọn ít nhất một quyền người dùng để thực hiện hành động này!','2021-12-18 03:21:31','2021-12-18 03:22:11'),(337,0,'vi','core/acl/permissions','notices.not_found','Không tìm thấy quyền người dùng này','2021-12-18 03:21:31','2021-12-18 03:22:11'),(338,0,'vi','core/acl/permissions','name','Tên','2021-12-18 03:21:31','2021-12-18 03:22:11'),(339,0,'vi','core/acl/permissions','current_role','Quyền hiện tại','2021-12-18 03:21:31','2021-12-18 03:22:11'),(340,0,'vi','core/acl/permissions','no_role_assigned','Không có quyền hạn nào','2021-12-18 03:21:31','2021-12-18 03:22:11'),(341,0,'vi','core/acl/permissions','role_assigned','Quyền đã được gán','2021-12-18 03:21:31','2021-12-18 03:22:11'),(342,0,'vi','core/acl/permissions','create_role','Tạo quyền mới','2021-12-18 03:21:31','2021-12-18 03:22:11'),(343,0,'vi','core/acl/permissions','role_name','Tên','2021-12-18 03:21:31','2021-12-18 03:22:11'),(344,0,'vi','core/acl/permissions','role_description','Mô tả','2021-12-18 03:21:31','2021-12-18 03:22:11'),(345,0,'vi','core/acl/permissions','permission_flags','Cờ đánh dấu quyền hạn','2021-12-18 03:21:31','2021-12-18 03:22:11'),(346,0,'vi','core/acl/permissions','cancel','Hủy bỏ','2021-12-18 03:21:31','2021-12-18 03:22:11'),(347,0,'vi','core/acl/permissions','reset','Làm lại','2021-12-18 03:21:31','2021-12-18 03:22:11'),(348,0,'vi','core/acl/permissions','save','Lưu','2021-12-18 03:21:31','2021-12-18 03:22:11'),(349,0,'vi','core/acl/permissions','global_role_msg','Đây là một phân quyền toàn cục và không thể thay đổi.  Bạn có thể sử dụng nút \"Nhân bản\" để tạo một bản sao chép cho phân quyền này và chỉnh sửa.','2021-12-18 03:21:31','2021-12-18 03:22:11'),(350,0,'vi','core/acl/permissions','details','Chi tiết','2021-12-18 03:21:31','2021-12-18 03:22:11'),(351,0,'vi','core/acl/permissions','duplicate','Nhân bản','2021-12-18 03:21:31','2021-12-18 03:22:11'),(352,0,'vi','core/acl/permissions','all','Tất cả phân quyền','2021-12-18 03:21:31','2021-12-18 03:22:11'),(353,0,'vi','core/acl/permissions','list_role','Danh sách quyền','2021-12-18 03:21:31','2021-12-18 03:22:11'),(354,0,'vi','core/acl/permissions','created_on','Ngày tạo','2021-12-18 03:21:31','2021-12-18 03:22:11'),(355,0,'vi','core/acl/permissions','created_by','Được tạo bởi','2021-12-18 03:21:31','2021-12-18 03:22:11'),(356,0,'vi','core/acl/permissions','actions','Tác vụ','2021-12-18 03:21:31','2021-12-18 03:22:11'),(357,0,'vi','core/acl/permissions','create_success','Tạo thành công!','2021-12-18 03:21:31','2021-12-18 03:22:11'),(358,0,'vi','core/acl/permissions','delete_global_role','Không thể xóa quyền hệ thống','2021-12-18 03:21:31','2021-12-18 03:22:11'),(359,0,'vi','core/acl/permissions','delete_success','Xóa quyền thành công','2021-12-18 03:21:31','2021-12-18 03:22:11'),(360,0,'vi','core/acl/permissions','duplicated_success','Nhân bản thành công','2021-12-18 03:21:31','2021-12-18 03:22:11'),(361,0,'vi','core/acl/permissions','modified_success','Sửa thành công','2021-12-18 03:21:31','2021-12-18 03:22:11'),(362,0,'vi','core/acl/permissions','no_select','Hãy chọn ít nhất một quyền để thực hiện hành động này!','2021-12-18 03:21:31','2021-12-18 03:22:11'),(363,0,'vi','core/acl/permissions','not_found','Không tìm thấy quyền thành viên nào!','2021-12-18 03:21:31','2021-12-18 03:22:11'),(364,0,'vi','core/acl/permissions','options','Tùy chọn','2021-12-18 03:21:31','2021-12-18 03:22:11'),(365,0,'vi','core/acl/permissions','role_delete_belong_user','Không thể xóa quyền hạn này vì nó thuộc về người khác!','2021-12-18 03:21:31','2021-12-18 03:22:11'),(366,0,'vi','core/acl/permissions','role_edit_belong_user','Bạn không được phép sửa quyền này vì nó thuộc về người khác','2021-12-18 03:21:31','2021-12-18 03:22:11'),(367,0,'vi','core/acl/permissions','role_in_use','Không thể xóa quyền người dùng này vì nó đang được sử dụng!','2021-12-18 03:21:31','2021-12-18 03:22:11'),(368,0,'vi','core/acl/permissions','access_denied_message','Bạn không có quyền sử dụng chức năng này!','2021-12-18 03:21:31','2021-12-18 03:22:11'),(369,0,'vi','core/acl/permissions','roles','Quyền','2021-12-18 03:21:31','2021-12-18 03:22:11'),(370,0,'vi','core/acl/permissions','role_permission','Nhóm và phân quyền','2021-12-18 03:21:31','2021-12-18 03:22:11'),(371,0,'vi','core/acl/permissions','user_management','Quản lý người dùng hệ thống','2021-12-18 03:21:31','2021-12-18 03:22:11'),(372,0,'vi','core/acl/permissions','super_user_management','Quản lý người dùng cấp cao','2021-12-18 03:21:31','2021-12-18 03:22:11'),(373,0,'vi','core/acl/reminders','password','Mật khẩu phải ít nhất 6 kí tự và trùng khớp với mật khẩu xác nhận.','2021-12-18 03:21:31','2021-12-18 03:22:11'),(374,0,'vi','core/acl/reminders','user','Hệ thống không thể tìm thấy tài khoản với email này.','2021-12-18 03:21:31','2021-12-18 03:22:11'),(375,0,'vi','core/acl/reminders','token','Mã khôi phục mật khẩu này không hợp lệ.','2021-12-18 03:21:31','2021-12-18 03:22:11'),(376,0,'vi','core/acl/reminders','sent','Liên kết khôi phục mật khẩu đã được gửi!','2021-12-18 03:21:31','2021-12-18 03:22:11'),(377,0,'vi','core/acl/reminders','reset','Mật khẩu đã được thay đổi!','2021-12-18 03:21:31','2021-12-18 03:22:11'),(378,0,'vi','core/acl/users','delete_user_logged_in','Không thể xóa người dùng đang đăng nhập hệ thống!','2021-12-18 03:21:31','2021-12-18 03:22:11'),(379,0,'vi','core/acl/users','no_select','Hãy chọn ít nhất một trường để thực hiện hành động này!','2021-12-18 03:21:31','2021-12-18 03:22:11'),(380,0,'vi','core/acl/users','lock_user_logged_in','Không thể khóa người dùng đang đăng nhập hệ thống!','2021-12-18 03:21:31','2021-12-18 03:22:11'),(381,0,'vi','core/acl/users','update_success','Cập nhật trạng thái thành công!','2021-12-18 03:21:31','2021-12-18 03:22:11'),(382,0,'vi','core/acl/users','save_setting_failed','Có lỗi xảy ra trong quá trình lưu cài đặt của người dùng','2021-12-18 03:21:31','2021-12-18 03:22:11'),(383,0,'vi','core/acl/users','not_found','Không tìm thấy người dùng','2021-12-18 03:21:31','2021-12-18 03:22:11'),(384,0,'vi','core/acl/users','email_exist','Email này đã được sử dụng bởi người dùng khác trong hệ thống','2021-12-18 03:21:31','2021-12-18 03:22:11'),(385,0,'vi','core/acl/users','username_exist','Tên đăng nhập này đã được sử dụng bởi người dùng khác trong hệ thống','2021-12-18 03:21:31','2021-12-18 03:22:11'),(386,0,'vi','core/acl/users','update_profile_success','Thông tin tài khoản của bạn đã được cập nhật thành công','2021-12-18 03:21:31','2021-12-18 03:22:11'),(387,0,'vi','core/acl/users','password_update_success','Cập nhật mật khẩu thành công','2021-12-18 03:21:31','2021-12-18 03:22:11'),(388,0,'vi','core/acl/users','current_password_not_valid','Mật khẩu hiện tại không chính xác','2021-12-18 03:21:31','2021-12-18 03:22:11'),(389,0,'vi','core/acl/users','user_exist_in','Người dùng đã là thành viên','2021-12-18 03:21:31','2021-12-18 03:22:11'),(390,0,'vi','core/acl/users','email','Email','2021-12-18 03:21:31','2021-12-18 03:22:11'),(391,0,'vi','core/acl/users','username','Tên đăng nhập','2021-12-18 03:21:31','2021-12-18 03:22:11'),(392,0,'vi','core/acl/users','role','Phân quyền','2021-12-18 03:21:31','2021-12-18 03:22:11'),(393,0,'vi','core/acl/users','first_name','Họ','2021-12-18 03:21:31','2021-12-18 03:22:11'),(394,0,'vi','core/acl/users','last_name','Tên','2021-12-18 03:21:31','2021-12-18 03:22:11'),(395,0,'vi','core/acl/users','message','Thông điệp','2021-12-18 03:21:31','2021-12-18 03:22:11'),(396,0,'vi','core/acl/users','cancel_btn','Hủy bỏ','2021-12-18 03:21:31','2021-12-18 03:22:11'),(397,0,'vi','core/acl/users','password','Mật khẩu','2021-12-18 03:21:31','2021-12-18 03:22:11'),(398,0,'vi','core/acl/users','new_password','Mật khẩu mới','2021-12-18 03:21:31','2021-12-18 03:22:11'),(399,0,'vi','core/acl/users','save','Lưu','2021-12-18 03:21:31','2021-12-18 03:22:11'),(400,0,'vi','core/acl/users','confirm_new_password','Xác nhận mật khẩu mới','2021-12-18 03:21:31','2021-12-18 03:22:11'),(401,0,'vi','core/acl/users','deleted','Xóa thành viên thành công','2021-12-18 03:21:31','2021-12-18 03:22:11'),(402,0,'vi','core/acl/users','cannot_delete','Không thể xóa thành viên','2021-12-18 03:21:31','2021-12-18 03:22:11'),(403,0,'vi','core/acl/users','last_login','Lần cuối đăng nhập','2021-12-18 03:21:31','2021-12-18 03:22:11'),(404,0,'vi','core/acl/users','error_update_profile_image','Có lỗi trong quá trình đổi ảnh đại diện','2021-12-18 03:21:31','2021-12-18 03:22:11'),(405,0,'vi','core/acl/users','email_reminder_template','<h3>Xin chào :name</h3><p>Hệ thống vừa nhận được yêu cầu khôi phục mật khẩu cho tài khoản của bạn, để hoàn tất tác vụ này vui lòng click vào đường link bên dưới.</p><p><a href=\":link\">Khôi phục mật khẩu</a></p><p>Nếu không phải bạn yêu cầu khôi phục mật khẩu, vui lòng bỏ qua email này.</p><p>Email này có giá trị trong vòng 60 phút kể từ lúc nhận được email.</p>','2021-12-18 03:21:31','2021-12-18 03:22:11'),(406,0,'vi','core/acl/users','change_profile_image','Thay đổi ảnh đại diện','2021-12-18 03:21:31','2021-12-18 03:22:11'),(407,0,'vi','core/acl/users','new_image','Ảnh mới','2021-12-18 03:21:31','2021-12-18 03:22:11'),(408,0,'vi','core/acl/users','loading','Đang tải','2021-12-18 03:21:31','2021-12-18 03:22:11'),(409,0,'vi','core/acl/users','close','Đóng','2021-12-18 03:21:31','2021-12-18 03:22:11'),(410,0,'vi','core/acl/users','update','Cập nhật','2021-12-18 03:21:31','2021-12-18 03:22:11'),(411,0,'vi','core/acl/users','read_image_failed','Không đọc được nội dung của hình ảnh','2021-12-18 03:21:31','2021-12-18 03:22:11'),(412,0,'vi','core/acl/users','update_avatar_success','Cập nhật ảnh đại diện thành công!','2021-12-18 03:21:31','2021-12-18 03:22:11'),(413,0,'vi','core/acl/users','users','Quản trị viên','2021-12-18 03:21:31','2021-12-18 03:22:11'),(414,0,'vi','core/acl/users','info.title','Thông tin người dùng','2021-12-18 03:21:31','2021-12-18 03:22:11'),(415,0,'vi','core/acl/users','info.first_name','Họ','2021-12-18 03:21:31','2021-12-18 03:22:11'),(416,0,'vi','core/acl/users','info.last_name','Tên','2021-12-18 03:21:31','2021-12-18 03:22:11'),(417,0,'vi','core/acl/users','info.email','Email','2021-12-18 03:21:31','2021-12-18 03:22:11'),(418,0,'vi','core/acl/users','info.second_email','Email dự phòng','2021-12-18 03:21:31','2021-12-18 03:22:11'),(419,0,'vi','core/acl/users','info.address','Địa chỉ','2021-12-18 03:21:31','2021-12-18 03:22:11'),(420,0,'vi','core/acl/users','info.second_address','Địa chỉ dự phòng','2021-12-18 03:21:31','2021-12-18 03:22:11'),(421,0,'vi','core/acl/users','info.birth_day','Ngày sinh','2021-12-18 03:21:31','2021-12-18 03:22:11'),(422,0,'vi','core/acl/users','info.job','Nghề nghiệp','2021-12-18 03:21:31','2021-12-18 03:22:11'),(423,0,'vi','core/acl/users','info.mobile_number','Số điện thoại di động','2021-12-18 03:21:31','2021-12-18 03:22:11'),(424,0,'vi','core/acl/users','info.second_mobile_number','Số điện thoại dự phòng','2021-12-18 03:21:31','2021-12-18 03:22:11'),(425,0,'vi','core/acl/users','info.interes','Sở thích','2021-12-18 03:21:31','2021-12-18 03:22:11'),(426,0,'vi','core/acl/users','info.about','Giới thiệu','2021-12-18 03:21:31','2021-12-18 03:22:11'),(427,0,'vi','core/acl/users','gender.title','Giới tính','2021-12-18 03:21:31','2021-12-18 03:22:11'),(428,0,'vi','core/acl/users','gender.male','nam','2021-12-18 03:21:31','2021-12-18 03:22:11'),(429,0,'vi','core/acl/users','gender.female','nữ','2021-12-18 03:21:31','2021-12-18 03:22:11'),(430,0,'vi','core/acl/users','change_password','Thay đổi mật khẩu','2021-12-18 03:21:31','2021-12-18 03:22:11'),(431,0,'vi','core/acl/users','current_password','Mật khẩu hiện tại','2021-12-18 03:21:31','2021-12-18 03:22:11'),(432,0,'en','core/base/base','yes','Yes','2021-12-18 03:21:31','2021-12-18 03:22:11'),(433,0,'en','core/base/base','no','No','2021-12-18 03:21:31','2021-12-18 03:22:11'),(434,0,'en','core/base/base','is_default','Is default?','2021-12-18 03:21:31','2021-12-18 03:22:11'),(435,0,'en','core/base/base','proc_close_disabled_error','Function proc_close() is disabled. Please contact your hosting provider to enable\n    it. Or you can add to .env: CAN_EXECUTE_COMMAND=false to disable this feature.','2021-12-18 03:21:31','2021-12-18 03:22:11'),(436,0,'en','core/base/base','email_template.header','Email template header','2021-12-18 03:21:31','2021-12-18 03:22:11'),(437,0,'en','core/base/base','email_template.footer','Email template footer','2021-12-18 03:21:31','2021-12-18 03:22:11'),(438,0,'en','core/base/base','email_template.site_title','Site title','2021-12-18 03:21:31','2021-12-18 03:22:11'),(439,0,'en','core/base/base','email_template.site_url','Site URL','2021-12-18 03:21:31','2021-12-18 03:22:11'),(440,0,'en','core/base/base','email_template.site_logo','Site Logo','2021-12-18 03:21:31','2021-12-18 03:22:11'),(441,0,'en','core/base/base','email_template.date_time','Current date time','2021-12-18 03:21:31','2021-12-18 03:22:11'),(442,0,'en','core/base/base','email_template.date_year','Current year','2021-12-18 03:21:31','2021-12-18 03:22:11'),(443,0,'en','core/base/base','email_template.site_admin_email','Site admin email','2021-12-18 03:21:31','2021-12-18 03:22:11'),(444,0,'en','core/base/base','change_image','Change image','2021-12-18 03:21:31','2021-12-18 03:22:11'),(445,0,'en','core/base/base','delete_image','Delete image','2021-12-18 03:21:31','2021-12-18 03:22:11'),(446,0,'en','core/base/base','preview_image','Preview image','2021-12-18 03:21:31','2021-12-18 03:22:11'),(447,0,'en','core/base/base','image','Image','2021-12-18 03:21:31','2021-12-18 03:22:11'),(448,0,'en','core/base/base','using_button','Using button','2021-12-18 03:21:31','2021-12-18 03:22:11'),(449,0,'en','core/base/base','select_image','Select image','2021-12-18 03:21:31','2021-12-18 03:22:11'),(450,0,'en','core/base/base','to_add_more_image','to add more images','2021-12-18 03:21:31','2021-12-18 03:22:11'),(451,0,'en','core/base/base','add_image','Add image','2021-12-18 03:21:31','2021-12-18 03:22:11'),(452,0,'en','core/base/base','tools','Tools','2021-12-18 03:21:31','2021-12-18 03:22:11'),(453,0,'en','core/base/cache','cache_management','Cache management','2021-12-18 03:21:31','2021-12-18 03:22:11'),(454,0,'en','core/base/cache','cache_commands','Clear cache commands','2021-12-18 03:21:31','2021-12-18 03:22:11'),(455,0,'en','core/base/cache','commands.clear_cms_cache.title','Clear all CMS cache','2021-12-18 03:21:31','2021-12-18 03:22:11'),(456,0,'en','core/base/cache','commands.clear_cms_cache.description','Clear CMS caching: database caching, static blocks... Run this command when you don\'t see the changes after updating data.','2021-12-18 03:21:31','2021-12-18 03:22:11'),(457,0,'en','core/base/cache','commands.clear_cms_cache.success_msg','Cache cleaned','2021-12-18 03:21:31','2021-12-18 03:22:11'),(458,0,'en','core/base/cache','commands.refresh_compiled_views.title','Refresh compiled views','2021-12-18 03:21:31','2021-12-18 03:22:11'),(459,0,'en','core/base/cache','commands.refresh_compiled_views.description','Clear compiled views to make views up to date.','2021-12-18 03:21:31','2021-12-18 03:22:11'),(460,0,'en','core/base/cache','commands.refresh_compiled_views.success_msg','Cache view refreshed','2021-12-18 03:21:31','2021-12-18 03:22:11'),(461,0,'en','core/base/cache','commands.clear_config_cache.title','Clear config cache','2021-12-18 03:21:31','2021-12-18 03:22:11'),(462,0,'en','core/base/cache','commands.clear_config_cache.description','You might need to refresh the config caching when you change something on production environment.','2021-12-18 03:21:31','2021-12-18 03:22:11'),(463,0,'en','core/base/cache','commands.clear_config_cache.success_msg','Config cache cleaned','2021-12-18 03:21:31','2021-12-18 03:22:11'),(464,0,'en','core/base/cache','commands.clear_route_cache.title','Clear route cache','2021-12-18 03:21:31','2021-12-18 03:22:11'),(465,0,'en','core/base/cache','commands.clear_route_cache.description','Clear cache routing.','2021-12-18 03:21:31','2021-12-18 03:22:11'),(466,0,'en','core/base/cache','commands.clear_route_cache.success_msg','The route cache has been cleaned','2021-12-18 03:21:31','2021-12-18 03:22:11'),(467,0,'en','core/base/cache','commands.clear_log.title','Clear log','2021-12-18 03:21:31','2021-12-18 03:22:11'),(468,0,'en','core/base/cache','commands.clear_log.description','Clear system log files','2021-12-18 03:21:31','2021-12-18 03:22:11'),(469,0,'en','core/base/cache','commands.clear_log.success_msg','The system log has been cleaned','2021-12-18 03:21:31','2021-12-18 03:22:11'),(470,0,'en','core/base/enums','statuses.draft','Draft','2021-12-18 03:21:31','2021-12-18 03:22:11'),(471,0,'en','core/base/enums','statuses.pending','Pending','2021-12-18 03:21:31','2021-12-18 03:22:11'),(472,0,'en','core/base/enums','statuses.published','Published','2021-12-18 03:21:31','2021-12-18 03:22:11'),(473,0,'en','core/base/errors','401_title','Permission Denied','2021-12-18 03:21:31','2021-12-18 03:22:11'),(474,0,'en','core/base/errors','401_msg','<li>You have not been granted access to the section by the administrator.</li>\n	                <li>You may have the wrong account type.</li>\n	                <li>You are not authorized to view the requested resource.</li>\n	                <li>Your subscription may have expired.</li>','2021-12-18 03:21:32','2021-12-18 03:22:11'),(475,0,'en','core/base/errors','404_title','Page could not be found','2021-12-18 03:21:32','2021-12-18 03:22:11'),(476,0,'en','core/base/errors','404_msg','<li>The page you requested does not exist.</li>\n	                <li>The link you clicked is no longer.</li>\n	                <li>The page may have moved to a new location.</li>\n	                <li>An error may have occurred.</li>\n	                <li>You are not authorized to view the requested resource.</li>','2021-12-18 03:21:32','2021-12-18 03:22:11'),(477,0,'en','core/base/errors','500_title','Page could not be loaded','2021-12-18 03:21:32','2021-12-18 03:22:11'),(478,0,'en','core/base/errors','500_msg','<li>The page you requested does not exist.</li>\n	                <li>The link you clicked is no longer.</li>\n	                <li>The page may have moved to a new location.</li>\n	                <li>An error may have occurred.</li>\n	                <li>You are not authorized to view the requested resource.</li>','2021-12-18 03:21:32','2021-12-18 03:22:11'),(479,0,'en','core/base/errors','reasons','This may have occurred because of several reasons','2021-12-18 03:21:32','2021-12-18 03:22:11'),(480,0,'en','core/base/errors','try_again','Please try again in a few minutes, or alternatively return to the homepage by <a href=\"http://martfury.test/admin\">clicking here</a>.','2021-12-18 03:21:32','2021-12-18 03:22:11'),(481,0,'en','core/base/errors','not_found','Not Found','2021-12-18 03:21:32','2021-12-18 03:22:11'),(482,0,'en','core/base/forms','choose_image','Choose image','2021-12-18 03:21:32','2021-12-18 03:22:11'),(483,0,'en','core/base/forms','actions','Actions','2021-12-18 03:21:32','2021-12-18 03:22:11'),(484,0,'en','core/base/forms','save','Save','2021-12-18 03:21:32','2021-12-18 03:22:11'),(485,0,'en','core/base/forms','save_and_continue','Save & Edit','2021-12-18 03:21:32','2021-12-18 03:22:11'),(486,0,'en','core/base/forms','image','Image','2021-12-18 03:21:32','2021-12-18 03:22:11'),(487,0,'en','core/base/forms','image_placeholder','Insert path of image or click upload button','2021-12-18 03:21:32','2021-12-18 03:22:11'),(488,0,'en','core/base/forms','create','Create','2021-12-18 03:21:32','2021-12-18 03:22:11'),(489,0,'en','core/base/forms','edit','Edit','2021-12-18 03:21:32','2021-12-18 03:22:11'),(490,0,'en','core/base/forms','permalink','Permalink','2021-12-18 03:21:32','2021-12-18 03:22:11'),(491,0,'en','core/base/forms','ok','OK','2021-12-18 03:21:32','2021-12-18 03:22:11'),(492,0,'en','core/base/forms','cancel','Cancel','2021-12-18 03:21:32','2021-12-18 03:22:11'),(493,0,'en','core/base/forms','character_remain','character(s) remain','2021-12-18 03:21:32','2021-12-18 03:22:11'),(494,0,'en','core/base/forms','template','Template','2021-12-18 03:21:32','2021-12-18 03:22:11'),(495,0,'en','core/base/forms','choose_file','Choose file','2021-12-18 03:21:32','2021-12-18 03:22:11'),(496,0,'en','core/base/forms','file','File','2021-12-18 03:21:32','2021-12-18 03:22:11'),(497,0,'en','core/base/forms','content','Content','2021-12-18 03:21:32','2021-12-18 03:22:11'),(498,0,'en','core/base/forms','description','Description','2021-12-18 03:21:32','2021-12-18 03:22:11'),(499,0,'en','core/base/forms','name','Name','2021-12-18 03:21:32','2021-12-18 03:22:11'),(500,0,'en','core/base/forms','slug','Slug','2021-12-18 03:21:32','2021-12-18 03:22:11'),(501,0,'en','core/base/forms','title','Title','2021-12-18 03:21:32','2021-12-18 03:22:11'),(502,0,'en','core/base/forms','value','Value','2021-12-18 03:21:32','2021-12-18 03:22:11'),(503,0,'en','core/base/forms','name_placeholder','Name','2021-12-18 03:21:32','2021-12-18 03:22:11'),(504,0,'en','core/base/forms','alias_placeholder','Alias','2021-12-18 03:21:32','2021-12-18 03:22:11'),(505,0,'en','core/base/forms','description_placeholder','Short description','2021-12-18 03:21:32','2021-12-18 03:22:11'),(506,0,'en','core/base/forms','parent','Parent','2021-12-18 03:21:32','2021-12-18 03:22:11'),(507,0,'en','core/base/forms','icon','Icon','2021-12-18 03:21:32','2021-12-18 03:22:11'),(508,0,'en','core/base/forms','icon_placeholder','Ex: fa fa-home','2021-12-18 03:21:32','2021-12-18 03:22:11'),(509,0,'en','core/base/forms','order_by','Order by','2021-12-18 03:21:32','2021-12-18 03:22:11'),(510,0,'en','core/base/forms','order_by_placeholder','Order by','2021-12-18 03:21:32','2021-12-18 03:22:11'),(511,0,'en','core/base/forms','is_featured','Is featured?','2021-12-18 03:21:32','2021-12-18 03:22:11'),(512,0,'en','core/base/forms','is_default','Is default?','2021-12-18 03:21:32','2021-12-18 03:22:11'),(513,0,'en','core/base/forms','update','Update','2021-12-18 03:21:32','2021-12-18 03:22:11'),(514,0,'en','core/base/forms','publish','Publish','2021-12-18 03:21:32','2021-12-18 03:22:11'),(515,0,'en','core/base/forms','remove_image','Remove image','2021-12-18 03:21:32','2021-12-18 03:22:11'),(516,0,'en','core/base/forms','remove_file','Remove file','2021-12-18 03:21:32','2021-12-18 03:22:11'),(517,0,'en','core/base/forms','order','Order','2021-12-18 03:21:32','2021-12-18 03:22:11'),(518,0,'en','core/base/forms','alias','Alias','2021-12-18 03:21:32','2021-12-18 03:22:11'),(519,0,'en','core/base/forms','basic_information','Basic information','2021-12-18 03:21:32','2021-12-18 03:22:11'),(520,0,'en','core/base/forms','short_code','Shortcode','2021-12-18 03:21:32','2021-12-18 03:22:11'),(521,0,'en','core/base/forms','add_short_code','Add a shortcode','2021-12-18 03:21:32','2021-12-18 03:22:11'),(522,0,'en','core/base/forms','add','Add','2021-12-18 03:21:32','2021-12-18 03:22:11'),(523,0,'en','core/base/forms','link','Link','2021-12-18 03:21:32','2021-12-18 03:22:11'),(524,0,'en','core/base/forms','show_hide_editor','Show/Hide Editor','2021-12-18 03:21:32','2021-12-18 03:22:11'),(525,0,'en','core/base/forms','basic_info_title','Basic information','2021-12-18 03:21:32','2021-12-18 03:22:11'),(526,0,'en','core/base/forms','expand_all','Expand all','2021-12-18 03:21:32','2021-12-18 03:22:11'),(527,0,'en','core/base/forms','collapse_all','Collapse all','2021-12-18 03:21:32','2021-12-18 03:22:11'),(528,0,'en','core/base/forms','view_new_tab','Open in new tab','2021-12-18 03:21:32','2021-12-18 03:22:11'),(529,0,'en','core/base/layouts','platform_admin','Platform Administration','2021-12-18 03:21:32','2021-12-18 03:22:11'),(530,0,'en','core/base/layouts','dashboard','Dashboard','2021-12-18 03:21:32','2021-12-18 03:22:11'),(531,0,'en','core/base/layouts','widgets','Widgets','2021-12-18 03:21:32','2021-12-18 03:22:11'),(532,0,'en','core/base/layouts','plugins','Plugins','2021-12-18 03:21:32','2021-12-18 03:22:11'),(533,0,'en','core/base/layouts','settings','Settings','2021-12-18 03:21:32','2021-12-18 03:22:11'),(534,0,'en','core/base/layouts','setting_general','General','2021-12-18 03:21:32','2021-12-18 03:22:11'),(535,0,'en','core/base/layouts','setting_email','Email','2021-12-18 03:21:32','2021-12-18 03:22:11'),(536,0,'en','core/base/layouts','system_information','System information','2021-12-18 03:21:32','2021-12-18 03:22:11'),(537,0,'en','core/base/layouts','theme','Theme','2021-12-18 03:21:32','2021-12-18 03:22:11'),(538,0,'en','core/base/layouts','copyright','Copyright :year &copy; :company. Version: <span>:version</span>','2021-12-18 03:21:32','2021-12-18 03:22:11'),(539,0,'en','core/base/layouts','profile','Profile','2021-12-18 03:21:32','2021-12-18 03:22:11'),(540,0,'en','core/base/layouts','logout','Logout','2021-12-18 03:21:32','2021-12-18 03:22:11'),(541,0,'en','core/base/layouts','no_search_result','No results found, please try with different keywords.','2021-12-18 03:21:32','2021-12-18 03:22:11'),(542,0,'en','core/base/layouts','home','Home','2021-12-18 03:21:32','2021-12-18 03:22:11'),(543,0,'en','core/base/layouts','search','Search','2021-12-18 03:21:32','2021-12-18 03:22:11'),(544,0,'en','core/base/layouts','add_new','Add new','2021-12-18 03:21:32','2021-12-18 03:22:11'),(545,0,'en','core/base/layouts','n_a','N/A','2021-12-18 03:21:32','2021-12-18 03:22:11'),(546,0,'en','core/base/layouts','page_loaded_time','Page loaded in','2021-12-18 03:21:32','2021-12-18 03:22:11'),(547,0,'en','core/base/layouts','view_website','View website','2021-12-18 03:21:32','2021-12-18 03:22:11'),(548,0,'en','core/base/mail','send-fail','Send email failed','2021-12-18 03:21:32','2021-12-18 03:22:11'),(549,0,'en','core/base/notices','create_success_message','Created successfully','2021-12-18 03:21:32','2021-12-18 03:22:11'),(550,0,'en','core/base/notices','update_success_message','Updated successfully','2021-12-18 03:21:32','2021-12-18 03:22:11'),(551,0,'en','core/base/notices','delete_success_message','Deleted successfully','2021-12-18 03:21:32','2021-12-18 03:22:11'),(552,0,'en','core/base/notices','success_header','Success!','2021-12-18 03:21:32','2021-12-18 03:22:11'),(553,0,'en','core/base/notices','error_header','Error!','2021-12-18 03:21:32','2021-12-18 03:22:11'),(554,0,'en','core/base/notices','no_select','Please select at least one record to perform this action!','2021-12-18 03:21:32','2021-12-18 03:22:11'),(555,0,'en','core/base/notices','processing_request','We are processing your request.','2021-12-18 03:21:32','2021-12-18 03:22:11'),(556,0,'en','core/base/notices','error','Error!','2021-12-18 03:21:32','2021-12-18 03:22:11'),(557,0,'en','core/base/notices','success','Success!','2021-12-18 03:21:32','2021-12-18 03:22:11'),(558,0,'en','core/base/notices','info','Info!','2021-12-18 03:21:32','2021-12-18 03:22:11'),(559,0,'en','core/base/notices','enum.validate_message','The :attribute value you have entered is invalid.','2021-12-18 03:21:32','2021-12-18 03:22:11'),(560,0,'en','core/base/system','no_select','Please select at least one record to take this action!','2021-12-18 03:21:32','2021-12-18 03:22:11'),(561,0,'en','core/base/system','cannot_find_user','Unable to find specified user','2021-12-18 03:21:32','2021-12-18 03:22:11'),(562,0,'en','core/base/system','supper_revoked','Super user access revoked','2021-12-18 03:21:32','2021-12-18 03:22:11'),(563,0,'en','core/base/system','cannot_revoke_yourself','Can not revoke supper user access permission yourself!','2021-12-18 03:21:32','2021-12-18 03:22:11'),(564,0,'en','core/base/system','cant_remove_supper','You don\'t has permission to remove this super user','2021-12-18 03:21:32','2021-12-18 03:22:11'),(565,0,'en','core/base/system','cant_find_user_with_email','Unable to find user with specified email address','2021-12-18 03:21:32','2021-12-18 03:22:11'),(566,0,'en','core/base/system','supper_granted','Super user access granted','2021-12-18 03:21:32','2021-12-18 03:22:11'),(567,0,'en','core/base/system','delete_log_success','Delete log file successfully!','2021-12-18 03:21:32','2021-12-18 03:22:11'),(568,0,'en','core/base/system','get_member_success','Member list retrieved successfully','2021-12-18 03:21:32','2021-12-18 03:22:11'),(569,0,'en','core/base/system','error_occur','The following errors occurred','2021-12-18 03:21:32','2021-12-18 03:22:11'),(570,0,'en','core/base/system','user_management','User Management','2021-12-18 03:21:32','2021-12-18 03:22:11'),(571,0,'en','core/base/system','user_management_description','Manage users.','2021-12-18 03:21:32','2021-12-18 03:22:11'),(572,0,'en','core/base/system','role_and_permission','Roles and Permissions','2021-12-18 03:21:32','2021-12-18 03:22:11'),(573,0,'en','core/base/system','role_and_permission_description','Manage the available roles.','2021-12-18 03:21:32','2021-12-18 03:22:11'),(574,0,'en','core/base/system','user.list_super','List Super Users','2021-12-18 03:21:32','2021-12-18 03:22:11'),(575,0,'en','core/base/system','user.email','Email','2021-12-18 03:21:32','2021-12-18 03:22:11'),(576,0,'en','core/base/system','user.last_login','Last Login','2021-12-18 03:21:32','2021-12-18 03:22:11'),(577,0,'en','core/base/system','user.username','Username','2021-12-18 03:21:32','2021-12-18 03:22:11'),(578,0,'en','core/base/system','user.add_user','Add Super User','2021-12-18 03:21:32','2021-12-18 03:22:11'),(579,0,'en','core/base/system','user.cancel','Cancel','2021-12-18 03:21:32','2021-12-18 03:22:11'),(580,0,'en','core/base/system','user.create','Create','2021-12-18 03:21:32','2021-12-18 03:22:11'),(581,0,'en','core/base/system','options.features','Feature Access Control','2021-12-18 03:21:32','2021-12-18 03:22:11'),(582,0,'en','core/base/system','options.feature_description','Manage the available.','2021-12-18 03:21:32','2021-12-18 03:22:11'),(583,0,'en','core/base/system','options.manage_super','Super User Management','2021-12-18 03:21:32','2021-12-18 03:22:11'),(584,0,'en','core/base/system','options.manage_super_description','Add/remove super users.','2021-12-18 03:21:32','2021-12-18 03:22:11'),(585,0,'en','core/base/system','options.info','System information','2021-12-18 03:21:32','2021-12-18 03:22:11'),(586,0,'en','core/base/system','options.info_description','All information about current system configuration.','2021-12-18 03:21:32','2021-12-18 03:22:11'),(587,0,'en','core/base/system','info.title','System information','2021-12-18 03:21:32','2021-12-18 03:22:11'),(588,0,'en','core/base/system','info.cache','Cache','2021-12-18 03:21:32','2021-12-18 03:22:11'),(589,0,'en','core/base/system','info.locale','Active locale','2021-12-18 03:21:32','2021-12-18 03:22:11'),(590,0,'en','core/base/system','info.environment','Environment','2021-12-18 03:21:32','2021-12-18 03:22:11'),(591,0,'en','core/base/system','disabled_in_demo_mode','You cannot do it in demo mode!','2021-12-18 03:21:32','2021-12-18 03:22:11'),(592,0,'en','core/base/system','report_description','Please share this information for troubleshooting','2021-12-18 03:21:32','2021-12-18 03:22:11'),(593,0,'en','core/base/system','get_system_report','Get System Report','2021-12-18 03:21:32','2021-12-18 03:22:11'),(594,0,'en','core/base/system','system_environment','System Environment','2021-12-18 03:21:32','2021-12-18 03:22:11'),(595,0,'en','core/base/system','framework_version','Framework Version','2021-12-18 03:21:32','2021-12-18 03:22:11'),(596,0,'en','core/base/system','timezone','Timezone','2021-12-18 03:21:32','2021-12-18 03:22:11'),(597,0,'en','core/base/system','debug_mode','Debug Mode','2021-12-18 03:21:32','2021-12-18 03:22:11'),(598,0,'en','core/base/system','storage_dir_writable','Storage Dir Writable','2021-12-18 03:21:32','2021-12-18 03:22:11'),(599,0,'en','core/base/system','cache_dir_writable','Cache Dir Writable','2021-12-18 03:21:32','2021-12-18 03:22:11'),(600,0,'en','core/base/system','app_size','App Size','2021-12-18 03:21:32','2021-12-18 03:22:11'),(601,0,'en','core/base/system','server_environment','Server Environment','2021-12-18 03:21:32','2021-12-18 03:22:11'),(602,0,'en','core/base/system','php_version','PHP Version','2021-12-18 03:21:32','2021-12-18 03:22:11'),(603,0,'en','core/base/system','php_version_error','PHP must be >= :version','2021-12-18 03:21:32','2021-12-18 03:22:11'),(604,0,'en','core/base/system','server_software','Server Software','2021-12-18 03:21:32','2021-12-18 03:22:11'),(605,0,'en','core/base/system','server_os','Server OS','2021-12-18 03:21:32','2021-12-18 03:22:11'),(606,0,'en','core/base/system','database','Database','2021-12-18 03:21:32','2021-12-18 03:22:11'),(607,0,'en','core/base/system','ssl_installed','SSL Installed','2021-12-18 03:21:32','2021-12-18 03:22:11'),(608,0,'en','core/base/system','cache_driver','Cache Driver','2021-12-18 03:21:32','2021-12-18 03:22:11'),(609,0,'en','core/base/system','session_driver','Session Driver','2021-12-18 03:21:32','2021-12-18 03:22:11'),(610,0,'en','core/base/system','queue_connection','Queue Connection','2021-12-18 03:21:32','2021-12-18 03:22:11'),(611,0,'en','core/base/system','mbstring_ext','Mbstring Ext','2021-12-18 03:21:32','2021-12-18 03:22:11'),(612,0,'en','core/base/system','openssl_ext','OpenSSL Ext','2021-12-18 03:21:32','2021-12-18 03:22:11'),(613,0,'en','core/base/system','pdo_ext','PDO Ext','2021-12-18 03:21:32','2021-12-18 03:22:11'),(614,0,'en','core/base/system','curl_ext','CURL Ext','2021-12-18 03:21:32','2021-12-18 03:22:11'),(615,0,'en','core/base/system','exif_ext','Exif Ext','2021-12-18 03:21:32','2021-12-18 03:22:11'),(616,0,'en','core/base/system','file_info_ext','File info Ext','2021-12-18 03:21:32','2021-12-18 03:22:11'),(617,0,'en','core/base/system','tokenizer_ext','Tokenizer Ext','2021-12-18 03:21:32','2021-12-18 03:22:11'),(618,0,'en','core/base/system','extra_stats','Extra Stats','2021-12-18 03:21:32','2021-12-18 03:22:11'),(619,0,'en','core/base/system','installed_packages','Installed packages and their version numbers','2021-12-18 03:21:32','2021-12-18 03:22:11'),(620,0,'en','core/base/system','extra_information','Extra Information','2021-12-18 03:21:32','2021-12-18 03:22:11'),(621,0,'en','core/base/system','copy_report','Copy Report','2021-12-18 03:21:32','2021-12-18 03:22:11'),(622,0,'en','core/base/system','package_name','Package Name','2021-12-18 03:21:32','2021-12-18 03:22:11'),(623,0,'en','core/base/system','dependency_name','Dependency Name','2021-12-18 03:21:32','2021-12-18 03:22:11'),(624,0,'en','core/base/system','version','Version','2021-12-18 03:21:32','2021-12-18 03:22:11'),(625,0,'en','core/base/system','cms_version','CMS Version','2021-12-18 03:21:32','2021-12-18 03:22:11'),(626,0,'en','core/base/system','imagick_or_gd_ext','Imagick/GD Ext','2021-12-18 03:21:32','2021-12-18 03:22:11'),(627,0,'en','core/base/system','updater','System Updater','2021-12-18 03:21:32','2021-12-18 03:22:11'),(628,0,'en','core/base/tables','id','ID','2021-12-18 03:21:32','2021-12-18 03:22:11'),(629,0,'en','core/base/tables','name','Name','2021-12-18 03:21:32','2021-12-18 03:22:11'),(630,0,'en','core/base/tables','slug','Slug','2021-12-18 03:21:32','2021-12-18 03:22:11'),(631,0,'en','core/base/tables','title','Title','2021-12-18 03:21:32','2021-12-18 03:22:11'),(632,0,'en','core/base/tables','order_by','Order By','2021-12-18 03:21:32','2021-12-18 03:22:11'),(633,0,'en','core/base/tables','order','Order','2021-12-18 03:21:32','2021-12-18 03:22:11'),(634,0,'en','core/base/tables','status','Status','2021-12-18 03:21:32','2021-12-18 03:22:11'),(635,0,'en','core/base/tables','created_at','Created At','2021-12-18 03:21:32','2021-12-18 03:22:11'),(636,0,'en','core/base/tables','updated_at','Updated At','2021-12-18 03:21:32','2021-12-18 03:22:11'),(637,0,'en','core/base/tables','description','Description','2021-12-18 03:21:32','2021-12-18 03:22:11'),(638,0,'en','core/base/tables','operations','Operations','2021-12-18 03:21:32','2021-12-18 03:22:11'),(639,0,'en','core/base/tables','url','URL','2021-12-18 03:21:32','2021-12-18 03:22:11'),(640,0,'en','core/base/tables','author','Author','2021-12-18 03:21:32','2021-12-18 03:22:11'),(641,0,'en','core/base/tables','notes','Notes','2021-12-18 03:21:32','2021-12-18 03:22:11'),(642,0,'en','core/base/tables','column','Column','2021-12-18 03:21:32','2021-12-18 03:22:11'),(643,0,'en','core/base/tables','origin','Origin','2021-12-18 03:21:32','2021-12-18 03:22:11'),(644,0,'en','core/base/tables','after_change','After changes','2021-12-18 03:21:32','2021-12-18 03:22:11'),(645,0,'en','core/base/tables','views','Views','2021-12-18 03:21:32','2021-12-18 03:22:11'),(646,0,'en','core/base/tables','browser','Browser','2021-12-18 03:21:32','2021-12-18 03:22:11'),(647,0,'en','core/base/tables','session','Session','2021-12-18 03:21:32','2021-12-18 03:22:11'),(648,0,'en','core/base/tables','activated','activated','2021-12-18 03:21:32','2021-12-18 03:22:11'),(649,0,'en','core/base/tables','deactivated','deactivated','2021-12-18 03:21:32','2021-12-18 03:22:11'),(650,0,'en','core/base/tables','is_featured','Is featured','2021-12-18 03:21:32','2021-12-18 03:22:11'),(651,0,'en','core/base/tables','edit','Edit','2021-12-18 03:21:32','2021-12-18 03:22:11'),(652,0,'en','core/base/tables','delete','Delete','2021-12-18 03:21:32','2021-12-18 03:22:11'),(653,0,'en','core/base/tables','restore','Restore','2021-12-18 03:21:32','2021-12-18 03:22:11'),(654,0,'en','core/base/tables','activate','Activate','2021-12-18 03:21:32','2021-12-18 03:22:11'),(655,0,'en','core/base/tables','deactivate','Deactivate','2021-12-18 03:21:32','2021-12-18 03:22:11'),(656,0,'en','core/base/tables','excel','Excel','2021-12-18 03:21:32','2021-12-18 03:22:11'),(657,0,'en','core/base/tables','export','Export','2021-12-18 03:21:32','2021-12-18 03:22:11'),(658,0,'en','core/base/tables','csv','CSV','2021-12-18 03:21:32','2021-12-18 03:22:11'),(659,0,'en','core/base/tables','pdf','PDF','2021-12-18 03:21:32','2021-12-18 03:22:11'),(660,0,'en','core/base/tables','print','Print','2021-12-18 03:21:32','2021-12-18 03:22:11'),(661,0,'en','core/base/tables','reset','Reset','2021-12-18 03:21:32','2021-12-18 03:22:11'),(662,0,'en','core/base/tables','reload','Reload','2021-12-18 03:21:32','2021-12-18 03:22:11'),(663,0,'en','core/base/tables','display','Display','2021-12-18 03:21:32','2021-12-18 03:22:11'),(664,0,'en','core/base/tables','all','All','2021-12-18 03:21:32','2021-12-18 03:22:11'),(665,0,'en','core/base/tables','add_new','Add New','2021-12-18 03:21:32','2021-12-18 03:22:11'),(666,0,'en','core/base/tables','action','Actions','2021-12-18 03:21:32','2021-12-18 03:22:11'),(667,0,'en','core/base/tables','delete_entry','Delete','2021-12-18 03:21:32','2021-12-18 03:22:11'),(668,0,'en','core/base/tables','view','View Detail','2021-12-18 03:21:32','2021-12-18 03:22:11'),(669,0,'en','core/base/tables','save','Save','2021-12-18 03:21:32','2021-12-18 03:22:11'),(670,0,'en','core/base/tables','show_from','Show from','2021-12-18 03:21:32','2021-12-18 03:22:11'),(671,0,'en','core/base/tables','to','to','2021-12-18 03:21:32','2021-12-18 03:22:11'),(672,0,'en','core/base/tables','in','in','2021-12-18 03:21:32','2021-12-18 03:22:11'),(673,0,'en','core/base/tables','records','records','2021-12-18 03:21:32','2021-12-18 03:22:11'),(674,0,'en','core/base/tables','no_data','No data to display','2021-12-18 03:21:32','2021-12-18 03:22:11'),(675,0,'en','core/base/tables','no_record','No record','2021-12-18 03:21:32','2021-12-18 03:22:11'),(676,0,'en','core/base/tables','confirm_delete','Confirm delete','2021-12-18 03:21:32','2021-12-18 03:22:11'),(677,0,'en','core/base/tables','confirm_delete_msg','Do you really want to delete this record?','2021-12-18 03:21:32','2021-12-18 03:22:11'),(678,0,'en','core/base/tables','confirm_delete_many_msg','Do you really want to delete selected record(s)?','2021-12-18 03:21:32','2021-12-18 03:22:11'),(679,0,'en','core/base/tables','cancel','Cancel','2021-12-18 03:21:32','2021-12-18 03:22:11'),(680,0,'en','core/base/tables','template','Template','2021-12-18 03:21:32','2021-12-18 03:22:11'),(681,0,'en','core/base/tables','email','Email','2021-12-18 03:21:32','2021-12-18 03:22:11'),(682,0,'en','core/base/tables','last_login','Last login','2021-12-18 03:21:32','2021-12-18 03:22:11'),(683,0,'en','core/base/tables','shortcode','Shortcode','2021-12-18 03:21:32','2021-12-18 03:22:11'),(684,0,'en','core/base/tables','image','Image','2021-12-18 03:21:32','2021-12-18 03:22:11'),(685,0,'en','core/base/tables','bulk_changes','Bulk changes','2021-12-18 03:21:32','2021-12-18 03:22:11'),(686,0,'en','core/base/tables','submit','Submit','2021-12-18 03:21:32','2021-12-18 03:22:11'),(687,0,'en','core/base/tables','please_select_record','Please select at least one record to perform this action!','2021-12-18 03:21:32','2021-12-18 03:22:11'),(688,0,'en','core/base/tabs','detail','Detail','2021-12-18 03:21:32','2021-12-18 03:22:11'),(689,0,'en','core/base/tabs','file','Files','2021-12-18 03:21:32','2021-12-18 03:22:11'),(690,0,'en','core/base/tabs','record_note','Record Note','2021-12-18 03:21:32','2021-12-18 03:22:11'),(691,0,'en','core/base/tabs','revision','Revision History','2021-12-18 03:21:32','2021-12-18 03:22:11'),(692,0,'vi','core/base/cache','cache_management','Quản lý bộ nhớ đệm','2021-12-18 03:21:32','2021-12-18 03:22:11'),(693,0,'vi','core/base/cache','cache_commands','Các lệnh xoá bộ nhớ đệm cơ bản','2021-12-18 03:21:32','2021-12-18 03:22:11'),(694,0,'vi','core/base/cache','commands.clear_cms_cache.title','Xóa tất cả bộ đệm hiện có của ứng dụng','2021-12-18 03:21:32','2021-12-18 03:22:11'),(695,0,'vi','core/base/cache','commands.clear_cms_cache.description','Xóa các bộ nhớ đệm của ứng dụng: cơ sở dữ liệu, nội dung tĩnh... Chạy lệnh này khi bạn thử cập nhật dữ liệu nhưng giao diện không thay đổi','2021-12-18 03:21:32','2021-12-18 03:22:11'),(696,0,'vi','core/base/cache','commands.clear_cms_cache.success_msg','Bộ đệm đã được xóa','2021-12-18 03:21:32','2021-12-18 03:22:11'),(697,0,'vi','core/base/cache','commands.refresh_compiled_views.title','Làm mới bộ đệm giao diện','2021-12-18 03:21:32','2021-12-18 03:22:11'),(698,0,'vi','core/base/cache','commands.refresh_compiled_views.description','Làm mới bộ đệm giao diện giúp phần giao diện luôn mới nhất','2021-12-18 03:21:32','2021-12-18 03:22:11'),(699,0,'vi','core/base/cache','commands.refresh_compiled_views.success_msg','Bộ đệm giao diện đã được làm mới','2021-12-18 03:21:32','2021-12-18 03:22:11'),(700,0,'vi','core/base/cache','commands.clear_config_cache.title','Xóa bộ nhớ đệm của phần cấu hình','2021-12-18 03:21:32','2021-12-18 03:22:11'),(701,0,'vi','core/base/cache','commands.clear_config_cache.description','Bạn cần làm mới bộ đệm cấu hình khi bạn tạo ra sự thay đổi nào đó ở môi trường thành phẩm.','2021-12-18 03:21:32','2021-12-18 03:22:11'),(702,0,'vi','core/base/cache','commands.clear_config_cache.success_msg','Bộ đệm cấu hình đã được xóa','2021-12-18 03:21:32','2021-12-18 03:22:11'),(703,0,'vi','core/base/cache','commands.clear_route_cache.title','Xoá cache đường dẫn','2021-12-18 03:21:32','2021-12-18 03:22:11'),(704,0,'vi','core/base/cache','commands.clear_route_cache.description','Cần thực hiện thao tác này khi thấy không xuất hiện đường dẫn mới.','2021-12-18 03:21:32','2021-12-18 03:22:11'),(705,0,'vi','core/base/cache','commands.clear_route_cache.success_msg','Bộ đệm điều hướng đã bị xóa','2021-12-18 03:21:32','2021-12-18 03:22:11'),(706,0,'vi','core/base/cache','commands.clear_log.description','Xoá lịch sử lỗi','2021-12-18 03:21:32','2021-12-18 03:22:11'),(707,0,'vi','core/base/cache','commands.clear_log.success_msg','Lịch sử lỗi đã được làm sạch','2021-12-18 03:21:32','2021-12-18 03:22:11'),(708,0,'vi','core/base/cache','commands.clear_log.title','Xoá lịch sử lỗi','2021-12-18 03:21:32','2021-12-18 03:22:11'),(709,0,'vi','core/base/enums','statuses.draft','Bản nháp','2021-12-18 03:21:32','2021-12-18 03:22:11'),(710,0,'vi','core/base/enums','statuses.pending','Đang chờ xử lý','2021-12-18 03:21:32','2021-12-18 03:22:11'),(711,0,'vi','core/base/errors','401_title','Bạn không có quyền truy cập trang này','2021-12-18 03:21:32','2021-12-18 03:22:11'),(712,0,'vi','core/base/errors','401_msg','<li>Bạn không được cấp quyền truy cập bởi quản trị viên.</li>\n	                <li>Bạn sử dụng sai loại tài khoản.</li>\n	                <li>Bạn không được cấp quyền để có thể truy cập trang này</li>','2021-12-18 03:21:32','2021-12-18 03:22:11'),(713,0,'vi','core/base/errors','404_title','Không tìm thấy trang yêu cầu','2021-12-18 03:21:32','2021-12-18 03:22:11'),(714,0,'vi','core/base/errors','404_msg','<li>Trang bạn yêu cầu không tồn tại.</li>\n	                <li>Liên kết bạn vừa nhấn không còn được sử dụng.</li>\n	                <li>Trang này có thể đã được chuyển sang vị trí khác.</li>\n	                <li>Có thể có lỗi xảy ra.</li>\n	                <li>Bạn không được cấp quyền để có thể truy cập trang này</li>','2021-12-18 03:21:32','2021-12-18 03:22:11'),(715,0,'vi','core/base/errors','500_title','Không thể tải trang','2021-12-18 03:21:32','2021-12-18 03:22:11'),(716,0,'vi','core/base/errors','500_msg','<li>Trang bạn yêu cầu không tồn tại.</li>\n	                <li>Liên kết bạn vừa nhấn không còn được sử dụng.</li>\n	                <li>Trang này có thể đã được chuyển sang vị trí khác.</li>\n	                <li>Có thể có lỗi xảy ra.</li>\n	                <li>Bạn không được cấp quyền để có thể truy cập trang này</li>','2021-12-18 03:21:32','2021-12-18 03:22:11'),(717,0,'vi','core/base/errors','reasons','Điều này có thể xảy ra vì nhiều lý do.','2021-12-18 03:21:32','2021-12-18 03:22:11'),(718,0,'vi','core/base/errors','try_again','Vui lòng thử lại trong vài phút, hoặc quay trở lại trang chủ bằng cách <a href=\"http://cms.local/admin\"> nhấn vào đây </a>.','2021-12-18 03:21:32','2021-12-18 03:22:11'),(719,0,'vi','core/base/forms','choose_image','Chọn ảnh','2021-12-18 03:21:32','2021-12-18 03:22:11'),(720,0,'vi','core/base/forms','actions','Tác vụ','2021-12-18 03:21:32','2021-12-18 03:22:11'),(721,0,'vi','core/base/forms','save','Lưu','2021-12-18 03:21:32','2021-12-18 03:22:11'),(722,0,'vi','core/base/forms','save_and_continue','Lưu & chỉnh sửa','2021-12-18 03:21:32','2021-12-18 03:22:11'),(723,0,'vi','core/base/forms','image','Hình ảnh','2021-12-18 03:21:32','2021-12-18 03:22:11'),(724,0,'vi','core/base/forms','image_placeholder','Chèn đường dẫn hình ảnh hoặc nhấn nút để chọn hình','2021-12-18 03:21:32','2021-12-18 03:22:11'),(725,0,'vi','core/base/forms','create','Tạo mới','2021-12-18 03:21:32','2021-12-18 03:22:11'),(726,0,'vi','core/base/forms','edit','Sửa','2021-12-18 03:21:32','2021-12-18 03:22:11'),(727,0,'vi','core/base/forms','permalink','Đường dẫn','2021-12-18 03:21:32','2021-12-18 03:22:11'),(728,0,'vi','core/base/forms','ok','OK','2021-12-18 03:21:32','2021-12-18 03:22:11'),(729,0,'vi','core/base/forms','cancel','Hủy bỏ','2021-12-18 03:21:32','2021-12-18 03:22:11'),(730,0,'vi','core/base/forms','character_remain','kí tự còn lại','2021-12-18 03:21:32','2021-12-18 03:22:11'),(731,0,'vi','core/base/forms','template','Template','2021-12-18 03:21:32','2021-12-18 03:22:11'),(732,0,'vi','core/base/forms','choose_file','Chọn tập tin','2021-12-18 03:21:32','2021-12-18 03:22:11'),(733,0,'vi','core/base/forms','file','Tập tin','2021-12-18 03:21:32','2021-12-18 03:22:11'),(734,0,'vi','core/base/forms','content','Nội dung','2021-12-18 03:21:32','2021-12-18 03:22:11'),(735,0,'vi','core/base/forms','description','Mô tả','2021-12-18 03:21:32','2021-12-18 03:22:11'),(736,0,'vi','core/base/forms','name','Tên','2021-12-18 03:21:32','2021-12-18 03:22:11'),(737,0,'vi','core/base/forms','name_placeholder','Nhập tên','2021-12-18 03:21:32','2021-12-18 03:22:11'),(738,0,'vi','core/base/forms','description_placeholder','Mô tả ngắn','2021-12-18 03:21:32','2021-12-18 03:22:11'),(739,0,'vi','core/base/forms','parent','Cha','2021-12-18 03:21:32','2021-12-18 03:22:11'),(740,0,'vi','core/base/forms','icon','Biểu tượng','2021-12-18 03:21:32','2021-12-18 03:22:11'),(741,0,'vi','core/base/forms','order_by','Sắp xếp','2021-12-18 03:21:32','2021-12-18 03:22:11'),(742,0,'vi','core/base/forms','order_by_placeholder','Sắp xếp','2021-12-18 03:21:32','2021-12-18 03:22:11'),(743,0,'vi','core/base/forms','slug','Slug','2021-12-18 03:21:32','2021-12-18 03:22:11'),(744,0,'vi','core/base/forms','is_featured','Nổi bật?','2021-12-18 03:21:32','2021-12-18 03:22:11'),(745,0,'vi','core/base/forms','is_default','Mặc định?','2021-12-18 03:21:32','2021-12-18 03:22:11'),(746,0,'vi','core/base/forms','icon_placeholder','Ví dụ: fa fa-home','2021-12-18 03:21:32','2021-12-18 03:22:11'),(747,0,'vi','core/base/forms','update','Cập nhật','2021-12-18 03:21:32','2021-12-18 03:22:11'),(748,0,'vi','core/base/forms','publish','Xuất bản','2021-12-18 03:21:32','2021-12-18 03:22:11'),(749,0,'vi','core/base/forms','remove_image','Xoá ảnh','2021-12-18 03:21:32','2021-12-18 03:22:11'),(750,0,'vi','core/base/forms','add','Thêm','2021-12-18 03:21:32','2021-12-18 03:22:11'),(751,0,'vi','core/base/forms','add_short_code','Thêm shortcode','2021-12-18 03:21:32','2021-12-18 03:22:11'),(752,0,'vi','core/base/forms','alias','Mã thay thế','2021-12-18 03:21:32','2021-12-18 03:22:11'),(753,0,'vi','core/base/forms','alias_placeholder','Mã thay thế','2021-12-18 03:21:32','2021-12-18 03:22:11'),(754,0,'vi','core/base/forms','basic_information','Thông tin cơ bản','2021-12-18 03:21:32','2021-12-18 03:22:11'),(755,0,'vi','core/base/forms','link','Liên kết','2021-12-18 03:21:32','2021-12-18 03:22:11'),(756,0,'vi','core/base/forms','order','Thứ tự','2021-12-18 03:21:32','2021-12-18 03:22:11'),(757,0,'vi','core/base/forms','short_code','Shortcode','2021-12-18 03:21:32','2021-12-18 03:22:11'),(758,0,'vi','core/base/forms','title','Tiêu đề','2021-12-18 03:21:32','2021-12-18 03:22:11'),(759,0,'vi','core/base/forms','value','Giá trị','2021-12-18 03:21:32','2021-12-18 03:22:11'),(760,0,'vi','core/base/forms','show_hide_editor','Ẩn/Hiện trình soạn thảo','2021-12-18 03:21:32','2021-12-18 03:22:11'),(761,0,'vi','core/base/forms','basic_info_title','Thông tin cơ bản','2021-12-18 03:21:32','2021-12-18 03:22:11'),(762,0,'vi','core/base/layouts','platform_admin','Quản trị hệ thống','2021-12-18 03:21:32','2021-12-18 03:22:11'),(763,0,'vi','core/base/layouts','dashboard','Bảng điều khiển','2021-12-18 03:21:32','2021-12-18 03:22:11'),(764,0,'vi','core/base/layouts','widgets','Tiện ích','2021-12-18 03:21:32','2021-12-18 03:22:11'),(765,0,'vi','core/base/layouts','plugins','Tiện ích mở rộng','2021-12-18 03:21:32','2021-12-18 03:22:11'),(766,0,'vi','core/base/layouts','settings','Cài đặt','2021-12-18 03:21:32','2021-12-18 03:22:11'),(767,0,'vi','core/base/layouts','setting_general','Cơ bản','2021-12-18 03:21:32','2021-12-18 03:22:11'),(768,0,'vi','core/base/layouts','system_information','Thông tin hệ thống','2021-12-18 03:21:32','2021-12-18 03:22:11'),(769,0,'vi','core/base/layouts','theme','Giao diện','2021-12-18 03:21:32','2021-12-18 03:22:11'),(770,0,'vi','core/base/layouts','copyright','Bản quyền :year &copy; :company. Phiên bản: <span>:version</span>','2021-12-18 03:21:32','2021-12-18 03:22:11'),(771,0,'vi','core/base/layouts','profile','Thông tin cá nhân','2021-12-18 03:21:32','2021-12-18 03:22:11'),(772,0,'vi','core/base/layouts','logout','Đăng xuất','2021-12-18 03:21:32','2021-12-18 03:22:11'),(773,0,'vi','core/base/layouts','no_search_result','Không có kết quả tìm kiếm, hãy thử lại với từ khóa khác.','2021-12-18 03:21:32','2021-12-18 03:22:11'),(774,0,'vi','core/base/layouts','home','Trang chủ','2021-12-18 03:21:32','2021-12-18 03:22:11'),(775,0,'vi','core/base/layouts','search','Tìm kiếm','2021-12-18 03:21:32','2021-12-18 03:22:11'),(776,0,'vi','core/base/layouts','add_new','Thêm mới','2021-12-18 03:21:32','2021-12-18 03:22:11'),(777,0,'vi','core/base/layouts','n_a','N/A','2021-12-18 03:21:32','2021-12-18 03:22:11'),(778,0,'vi','core/base/layouts','page_loaded_time','Trang tải xong trong','2021-12-18 03:21:32','2021-12-18 03:22:11'),(779,0,'vi','core/base/layouts','view_website','Xem trang ngoài','2021-12-18 03:21:32','2021-12-18 03:22:11'),(780,0,'vi','core/base/layouts','setting_email','Email','2021-12-18 03:21:32','2021-12-18 03:22:11'),(781,0,'vi','core/base/mail','send-fail','Gửi email không thành công','2021-12-18 03:21:32','2021-12-18 03:22:11'),(782,0,'vi','core/base/notices','create_success_message','Tạo thành công','2021-12-18 03:21:32','2021-12-18 03:22:11'),(783,0,'vi','core/base/notices','update_success_message','Cập nhật thành công','2021-12-18 03:21:32','2021-12-18 03:22:11'),(784,0,'vi','core/base/notices','delete_success_message','Xóa thành công','2021-12-18 03:21:32','2021-12-18 03:22:11'),(785,0,'vi','core/base/notices','success_header','Thành công!','2021-12-18 03:21:32','2021-12-18 03:22:11'),(786,0,'vi','core/base/notices','error_header','Lỗi!','2021-12-18 03:21:32','2021-12-18 03:22:11'),(787,0,'vi','core/base/notices','no_select','Chọn ít nhất 1 trường để thực hiện hành động này!','2021-12-18 03:21:32','2021-12-18 03:22:11'),(788,0,'vi','core/base/notices','processing_request','Hệ thống đang xử lý yêu cầu.','2021-12-18 03:21:32','2021-12-18 03:22:11'),(789,0,'vi','core/base/notices','error','Lỗi!','2021-12-18 03:21:32','2021-12-18 03:22:11'),(790,0,'vi','core/base/notices','success','Thành công!','2021-12-18 03:21:32','2021-12-18 03:22:11'),(791,0,'vi','core/base/notices','info','Thông tin!','2021-12-18 03:21:32','2021-12-18 03:22:11'),(792,0,'vi','core/base/system','no_select','Hãy chọn ít nhất 1 trường để thực hiện hành động này!','2021-12-18 03:21:32','2021-12-18 03:22:11'),(793,0,'vi','core/base/system','cannot_find_user','Không thể tải được thông tin người dùng','2021-12-18 03:21:32','2021-12-18 03:22:11'),(794,0,'vi','core/base/system','supper_revoked','Quyền quản trị viên cao nhất đã được gỡ bỏ','2021-12-18 03:21:32','2021-12-18 03:22:11'),(795,0,'vi','core/base/system','cannot_revoke_yourself','Không thể gỡ bỏ quyền quản trị cấp cao của chính bạn!','2021-12-18 03:21:32','2021-12-18 03:22:11'),(796,0,'vi','core/base/system','cant_remove_supper','Bạn không có quyền xóa quản trị viên cấp cao','2021-12-18 03:21:32','2021-12-18 03:22:11'),(797,0,'vi','core/base/system','cant_find_user_with_email','Không thể tìm thấy người dùng với email này','2021-12-18 03:21:32','2021-12-18 03:22:11'),(798,0,'vi','core/base/system','supper_granted','Quyền quản trị cao nhất đã được gán','2021-12-18 03:21:32','2021-12-18 03:22:11'),(799,0,'vi','core/base/system','delete_log_success','Xóa tập tin log thành công!','2021-12-18 03:21:32','2021-12-18 03:22:11'),(800,0,'vi','core/base/system','get_member_success','Hiển thị danh sách thành viên thành công','2021-12-18 03:21:32','2021-12-18 03:22:11'),(801,0,'vi','core/base/system','error_occur','Có lỗi dưới đây','2021-12-18 03:21:32','2021-12-18 03:22:11'),(802,0,'vi','core/base/system','role_and_permission','Phân quyền hệ thống','2021-12-18 03:21:32','2021-12-18 03:22:11'),(803,0,'vi','core/base/system','role_and_permission_description','Quản lý những phân quyền trong hệ thống','2021-12-18 03:21:32','2021-12-18 03:22:11'),(804,0,'vi','core/base/system','user.list_super','Danh sách quản trị viên cấp cao','2021-12-18 03:21:32','2021-12-18 03:22:11'),(805,0,'vi','core/base/system','user.username','Tên đăng nhập','2021-12-18 03:21:32','2021-12-18 03:22:11'),(806,0,'vi','core/base/system','user.email','Email','2021-12-18 03:21:32','2021-12-18 03:22:11'),(807,0,'vi','core/base/system','user.last_login','Đăng nhập lần cuối	','2021-12-18 03:21:32','2021-12-18 03:22:11'),(808,0,'vi','core/base/system','user.add_user','Thêm quản trị viên cấp cao','2021-12-18 03:21:32','2021-12-18 03:22:11'),(809,0,'vi','core/base/system','user.cancel','Hủy bỏ','2021-12-18 03:21:32','2021-12-18 03:22:11'),(810,0,'vi','core/base/system','user.create','Thêm','2021-12-18 03:21:32','2021-12-18 03:22:11'),(811,0,'vi','core/base/system','options.features','Kiểm soát truy cập các tính năng','2021-12-18 03:21:32','2021-12-18 03:22:11'),(812,0,'vi','core/base/system','options.feature_description','Bật/tắt các tính năng.','2021-12-18 03:21:32','2021-12-18 03:22:11'),(813,0,'vi','core/base/system','options.manage_super','Quản lý quản trị viên cấp cao','2021-12-18 03:21:32','2021-12-18 03:22:11'),(814,0,'vi','core/base/system','options.manage_super_description','Thêm/xóa quản trị viên cấp cao','2021-12-18 03:21:32','2021-12-18 03:22:11'),(815,0,'vi','core/base/system','options.info','Thông tin hệ thống','2021-12-18 03:21:32','2021-12-18 03:22:11'),(816,0,'vi','core/base/system','options.info_description','Những thông tin về cấu hình hiện tại của hệ thống.','2021-12-18 03:21:32','2021-12-18 03:22:11'),(817,0,'vi','core/base/system','info.title','Thông tin hệ thống','2021-12-18 03:21:32','2021-12-18 03:22:11'),(818,0,'vi','core/base/system','info.cache','Bộ nhớ đệm','2021-12-18 03:21:32','2021-12-18 03:22:11'),(819,0,'vi','core/base/system','info.environment','Môi trường','2021-12-18 03:21:32','2021-12-18 03:22:11'),(820,0,'vi','core/base/system','info.locale','Ngôn ngữ hệ thống','2021-12-18 03:21:32','2021-12-18 03:22:11'),(821,0,'vi','core/base/system','user_management','Quản lý thành viên','2021-12-18 03:21:32','2021-12-18 03:22:11'),(822,0,'vi','core/base/system','user_management_description','Quản lý người dùng trong hệ thống','2021-12-18 03:21:32','2021-12-18 03:22:11'),(823,0,'vi','core/base/system','app_size','Kích thước ứng dụng','2021-12-18 03:21:32','2021-12-18 03:22:11'),(824,0,'vi','core/base/system','cache_dir_writable','Có thể ghi bộ nhớ đệm','2021-12-18 03:21:32','2021-12-18 03:22:11'),(825,0,'vi','core/base/system','cache_driver','Loại lưu trữ bộ nhớ đệm','2021-12-18 03:21:32','2021-12-18 03:22:11'),(826,0,'vi','core/base/system','copy_report','Sao chép báo cáo','2021-12-18 03:21:32','2021-12-18 03:22:11'),(827,0,'vi','core/base/system','curl_ext','CURL Ext','2021-12-18 03:21:32','2021-12-18 03:22:11'),(828,0,'vi','core/base/system','database','Hệ thống dữ liệu','2021-12-18 03:21:32','2021-12-18 03:22:11'),(829,0,'vi','core/base/system','debug_mode','Chế độ sửa lỗi','2021-12-18 03:21:32','2021-12-18 03:22:11'),(830,0,'vi','core/base/system','dependency_name','Tên gói','2021-12-18 03:21:32','2021-12-18 03:22:11'),(831,0,'vi','core/base/system','exif_ext','Exif Ext','2021-12-18 03:21:32','2021-12-18 03:22:11'),(832,0,'vi','core/base/system','extra_information','Thông tin mở rộng','2021-12-18 03:21:33','2021-12-18 03:22:11'),(833,0,'vi','core/base/system','extra_stats','Thống kê thêm','2021-12-18 03:21:33','2021-12-18 03:22:11'),(834,0,'vi','core/base/system','file_info_ext','File info Ext','2021-12-18 03:21:33','2021-12-18 03:22:11'),(835,0,'vi','core/base/system','framework_version','Phiên bản framework','2021-12-18 03:21:33','2021-12-18 03:22:11'),(836,0,'vi','core/base/system','get_system_report','Lấy thông tin hệ thống','2021-12-18 03:21:33','2021-12-18 03:22:11'),(837,0,'vi','core/base/system','installed_packages','Các gói đã cài đặt và phiên bản','2021-12-18 03:21:33','2021-12-18 03:22:11'),(838,0,'vi','core/base/system','mbstring_ext','Mbstring Ext','2021-12-18 03:21:33','2021-12-18 03:22:11'),(839,0,'vi','core/base/system','openssl_ext','OpenSSL Ext','2021-12-18 03:21:33','2021-12-18 03:22:11'),(840,0,'vi','core/base/system','package_name','Tên gói','2021-12-18 03:21:33','2021-12-18 03:22:11'),(841,0,'vi','core/base/system','pdo_ext','PDO Ext','2021-12-18 03:21:33','2021-12-18 03:22:11'),(842,0,'vi','core/base/system','php_version','Phiên bản PHP','2021-12-18 03:21:33','2021-12-18 03:22:11'),(843,0,'vi','core/base/system','report_description','Vui lòng chia sẻ thông tin này nhằm mục đích điều tra nguyên nhân gây lỗi','2021-12-18 03:21:33','2021-12-18 03:22:11'),(844,0,'vi','core/base/system','server_environment','Môi trường máy chủ','2021-12-18 03:21:33','2021-12-18 03:22:11'),(845,0,'vi','core/base/system','server_os','Hệ điều hành của máy chủ','2021-12-18 03:21:33','2021-12-18 03:22:11'),(846,0,'vi','core/base/system','server_software','Phần mềm','2021-12-18 03:21:33','2021-12-18 03:22:11'),(847,0,'vi','core/base/system','session_driver','Loại lưu trữ phiên làm việc','2021-12-18 03:21:33','2021-12-18 03:22:11'),(848,0,'vi','core/base/system','ssl_installed','Đã cài đặt chứng chỉ SSL','2021-12-18 03:21:33','2021-12-18 03:22:11'),(849,0,'vi','core/base/system','storage_dir_writable','Có thể lưu trữ dữ liệu tạm','2021-12-18 03:21:33','2021-12-18 03:22:11'),(850,0,'vi','core/base/system','system_environment','Môi trường hệ thống','2021-12-18 03:21:33','2021-12-18 03:22:11'),(851,0,'vi','core/base/system','timezone','Múi giờ','2021-12-18 03:21:33','2021-12-18 03:22:11'),(852,0,'vi','core/base/system','tokenizer_ext','Tokenizer Ext','2021-12-18 03:21:33','2021-12-18 03:22:11'),(853,0,'vi','core/base/system','version','Phiên bản','2021-12-18 03:21:33','2021-12-18 03:22:11'),(854,0,'vi','core/base/system','cms_version','Phiên bản CMS','2021-12-18 03:21:33','2021-12-18 03:22:11'),(855,0,'vi','core/base/tables','id','ID','2021-12-18 03:21:33','2021-12-18 03:22:11'),(856,0,'vi','core/base/tables','name','Tên','2021-12-18 03:21:33','2021-12-18 03:22:11'),(857,0,'vi','core/base/tables','order_by','Thứ tự','2021-12-18 03:21:33','2021-12-18 03:22:11'),(858,0,'vi','core/base/tables','status','Trạng thái','2021-12-18 03:21:33','2021-12-18 03:22:11'),(859,0,'vi','core/base/tables','created_at','Ngày tạo','2021-12-18 03:21:33','2021-12-18 03:22:11'),(860,0,'vi','core/base/tables','updated_at','Ngày cập nhật','2021-12-18 03:21:33','2021-12-18 03:22:11'),(861,0,'vi','core/base/tables','operations','Tác vụ','2021-12-18 03:21:33','2021-12-18 03:22:11'),(862,0,'vi','core/base/tables','url','URL','2021-12-18 03:21:33','2021-12-18 03:22:11'),(863,0,'vi','core/base/tables','author','Người tạo','2021-12-18 03:21:33','2021-12-18 03:22:11'),(864,0,'vi','core/base/tables','column','Cột','2021-12-18 03:21:33','2021-12-18 03:22:11'),(865,0,'vi','core/base/tables','origin','Bản cũ','2021-12-18 03:21:33','2021-12-18 03:22:11'),(866,0,'vi','core/base/tables','after_change','Sau khi thay đổi','2021-12-18 03:21:33','2021-12-18 03:22:11'),(867,0,'vi','core/base/tables','notes','Ghi chú','2021-12-18 03:21:33','2021-12-18 03:22:11'),(868,0,'vi','core/base/tables','activated','kích hoạt','2021-12-18 03:21:33','2021-12-18 03:22:11'),(869,0,'vi','core/base/tables','browser','Trình duyệt','2021-12-18 03:21:33','2021-12-18 03:22:11'),(870,0,'vi','core/base/tables','deactivated','hủy kích hoạt','2021-12-18 03:21:33','2021-12-18 03:22:11'),(871,0,'vi','core/base/tables','description','Mô tả','2021-12-18 03:21:33','2021-12-18 03:22:11'),(872,0,'vi','core/base/tables','session','Phiên','2021-12-18 03:21:33','2021-12-18 03:22:11'),(873,0,'vi','core/base/tables','views','Lượt xem','2021-12-18 03:21:33','2021-12-18 03:22:11'),(874,0,'vi','core/base/tables','restore','Khôi phục','2021-12-18 03:21:33','2021-12-18 03:22:11'),(875,0,'vi','core/base/tables','edit','Sửa','2021-12-18 03:21:33','2021-12-18 03:22:11'),(876,0,'vi','core/base/tables','delete','Xóa','2021-12-18 03:21:33','2021-12-18 03:22:11'),(877,0,'vi','core/base/tables','action','Hành động','2021-12-18 03:21:33','2021-12-18 03:22:11'),(878,0,'vi','core/base/tables','activate','Kích hoạt','2021-12-18 03:21:33','2021-12-18 03:22:11'),(879,0,'vi','core/base/tables','add_new','Thêm mới','2021-12-18 03:21:33','2021-12-18 03:22:11'),(880,0,'vi','core/base/tables','all','Tất cả','2021-12-18 03:21:33','2021-12-18 03:22:11'),(881,0,'vi','core/base/tables','cancel','Hủy bỏ','2021-12-18 03:21:33','2021-12-18 03:22:11'),(882,0,'vi','core/base/tables','confirm_delete','Xác nhận xóa','2021-12-18 03:21:33','2021-12-18 03:22:11'),(883,0,'vi','core/base/tables','confirm_delete_msg','Bạn có chắc chắn muốn xóa bản ghi này?','2021-12-18 03:21:33','2021-12-18 03:22:11'),(884,0,'vi','core/base/tables','csv','CSV','2021-12-18 03:21:33','2021-12-18 03:22:11'),(885,0,'vi','core/base/tables','deactivate','Hủy kích hoạt','2021-12-18 03:21:33','2021-12-18 03:22:11'),(886,0,'vi','core/base/tables','delete_entry','Xóa bản ghi','2021-12-18 03:21:33','2021-12-18 03:22:11'),(887,0,'vi','core/base/tables','display','Hiển thị','2021-12-18 03:21:33','2021-12-18 03:22:11'),(888,0,'vi','core/base/tables','excel','Excel','2021-12-18 03:21:33','2021-12-18 03:22:11'),(889,0,'vi','core/base/tables','export','Xuất bản','2021-12-18 03:21:33','2021-12-18 03:22:11'),(890,0,'vi','core/base/tables','in','trong tổng số','2021-12-18 03:21:33','2021-12-18 03:22:11'),(891,0,'vi','core/base/tables','no_data','Không có dữ liệu để hiển thị','2021-12-18 03:21:33','2021-12-18 03:22:11'),(892,0,'vi','core/base/tables','no_record','Không có dữ liệu','2021-12-18 03:21:33','2021-12-18 03:22:11'),(893,0,'vi','core/base/tables','pdf','PDF','2021-12-18 03:21:33','2021-12-18 03:22:11'),(894,0,'vi','core/base/tables','print','In','2021-12-18 03:21:33','2021-12-18 03:22:11'),(895,0,'vi','core/base/tables','records','bản ghi','2021-12-18 03:21:33','2021-12-18 03:22:11'),(896,0,'vi','core/base/tables','reload','Tải lại','2021-12-18 03:21:33','2021-12-18 03:22:11'),(897,0,'vi','core/base/tables','reset','Làm mới','2021-12-18 03:21:33','2021-12-18 03:22:11'),(898,0,'vi','core/base/tables','save','Lưu','2021-12-18 03:21:33','2021-12-18 03:22:11'),(899,0,'vi','core/base/tables','show_from','Hiển thị từ','2021-12-18 03:21:33','2021-12-18 03:22:11'),(900,0,'vi','core/base/tables','template','Giao diện','2021-12-18 03:21:33','2021-12-18 03:22:11'),(901,0,'vi','core/base/tables','to','đến','2021-12-18 03:21:33','2021-12-18 03:22:11'),(902,0,'vi','core/base/tables','view','Xem chi tiết','2021-12-18 03:21:33','2021-12-18 03:22:11'),(903,0,'vi','core/base/tables','email','Email','2021-12-18 03:21:33','2021-12-18 03:22:11'),(904,0,'vi','core/base/tables','image','Hình ảnh','2021-12-18 03:21:33','2021-12-18 03:22:11'),(905,0,'vi','core/base/tables','is_featured','Nổi bật','2021-12-18 03:21:33','2021-12-18 03:22:11'),(906,0,'vi','core/base/tables','last_login','Lần cuối đăng nhập','2021-12-18 03:21:33','2021-12-18 03:22:11'),(907,0,'vi','core/base/tables','order','Thứ tự','2021-12-18 03:21:33','2021-12-18 03:22:11'),(908,0,'vi','core/base/tables','shortcode','Shortcode','2021-12-18 03:21:33','2021-12-18 03:22:11'),(909,0,'vi','core/base/tables','slug','Slug','2021-12-18 03:21:33','2021-12-18 03:22:11'),(910,0,'vi','core/base/tables','title','Tiêu đề','2021-12-18 03:21:33','2021-12-18 03:22:11'),(911,0,'vi','core/base/tabs','detail','Chi tiết','2021-12-18 03:21:33','2021-12-18 03:22:11'),(912,0,'vi','core/base/tabs','file','Tập tin','2021-12-18 03:21:33','2021-12-18 03:22:11'),(913,0,'vi','core/base/tabs','record_note','Ghi chú','2021-12-18 03:21:33','2021-12-18 03:22:11'),(914,0,'vi','core/base/tabs','revision','Lịch sử thay đổi','2021-12-18 03:21:33','2021-12-18 03:22:11'),(915,0,'en','core/dashboard/dashboard','update_position_success','Update widget position successfully!','2021-12-18 03:21:33','2021-12-18 03:22:11'),(916,0,'en','core/dashboard/dashboard','hide_success','Update widget successfully!','2021-12-18 03:21:33','2021-12-18 03:22:11'),(917,0,'en','core/dashboard/dashboard','confirm_hide','Are you sure?','2021-12-18 03:21:33','2021-12-18 03:22:11'),(918,0,'en','core/dashboard/dashboard','hide_message','Do you really want to hide this widget? It will be disappear on Dashboard!','2021-12-18 03:21:33','2021-12-18 03:22:11'),(919,0,'en','core/dashboard/dashboard','confirm_hide_btn','Yes, hide this widget','2021-12-18 03:21:33','2021-12-18 03:22:11'),(920,0,'en','core/dashboard/dashboard','cancel_hide_btn','Cancel','2021-12-18 03:21:33','2021-12-18 03:22:11'),(921,0,'en','core/dashboard/dashboard','collapse_expand','Collapse/Expand','2021-12-18 03:21:33','2021-12-18 03:22:11'),(922,0,'en','core/dashboard/dashboard','hide','Hide','2021-12-18 03:21:33','2021-12-18 03:22:11'),(923,0,'en','core/dashboard/dashboard','reload','Reload','2021-12-18 03:21:33','2021-12-18 03:22:11'),(924,0,'en','core/dashboard/dashboard','save_setting_success','Save widget settings successfully!','2021-12-18 03:21:33','2021-12-18 03:22:11'),(925,0,'en','core/dashboard/dashboard','widget_not_exists','Widget is not exits!','2021-12-18 03:21:33','2021-12-18 03:22:11'),(926,0,'en','core/dashboard/dashboard','manage_widgets','Manage Widgets','2021-12-18 03:21:33','2021-12-18 03:22:11'),(927,0,'en','core/dashboard/dashboard','fullscreen','Full screen','2021-12-18 03:21:33','2021-12-18 03:22:11'),(928,0,'en','core/dashboard/dashboard','title','Dashboard','2021-12-18 03:21:33','2021-12-18 03:22:11'),(929,0,'en','core/dashboard/dashboard','predefined_ranges.today','Today','2021-12-18 03:21:33','2021-12-18 03:22:11'),(930,0,'en','core/dashboard/dashboard','predefined_ranges.yesterday','Yesterday','2021-12-18 03:21:33','2021-12-18 03:22:11'),(931,0,'en','core/dashboard/dashboard','predefined_ranges.this_week','This Week','2021-12-18 03:21:33','2021-12-18 03:22:11'),(932,0,'en','core/dashboard/dashboard','predefined_ranges.last_7_days','Last 7 Days','2021-12-18 03:21:33','2021-12-18 03:22:11'),(933,0,'en','core/dashboard/dashboard','predefined_ranges.this_month','This Month','2021-12-18 03:21:33','2021-12-18 03:22:11'),(934,0,'en','core/dashboard/dashboard','predefined_ranges.last_30_days','Last 30 Days','2021-12-18 03:21:33','2021-12-18 03:22:11'),(935,0,'en','core/dashboard/dashboard','predefined_ranges.this_year','This Year','2021-12-18 03:21:33','2021-12-18 03:22:11'),(936,0,'vi','core/dashboard/dashboard','cancel_hide_btn','Hủy bỏ','2021-12-18 03:21:33','2021-12-18 03:22:11'),(937,0,'vi','core/dashboard/dashboard','collapse_expand','Mở rộng','2021-12-18 03:21:33','2021-12-18 03:22:11'),(938,0,'vi','core/dashboard/dashboard','confirm_hide','Bạn có chắc?','2021-12-18 03:21:33','2021-12-18 03:22:11'),(939,0,'vi','core/dashboard/dashboard','confirm_hide_btn','Vâng, ẩn tiện ích này','2021-12-18 03:21:33','2021-12-18 03:22:11'),(940,0,'vi','core/dashboard/dashboard','hide','Ẩn','2021-12-18 03:21:33','2021-12-18 03:22:11'),(941,0,'vi','core/dashboard/dashboard','hide_message','Bạn có chắc chắn muốn ẩn tiện ích này? Nó sẽ không được hiển thị trên trang chủ nữa!','2021-12-18 03:21:33','2021-12-18 03:22:11'),(942,0,'vi','core/dashboard/dashboard','hide_success','Ẩn tiện ích thành công!','2021-12-18 03:21:33','2021-12-18 03:22:11'),(943,0,'vi','core/dashboard/dashboard','manage_widgets','Quản lý tiện ích','2021-12-18 03:21:33','2021-12-18 03:22:11'),(944,0,'vi','core/dashboard/dashboard','reload','Làm mới','2021-12-18 03:21:33','2021-12-18 03:22:11'),(945,0,'vi','core/dashboard/dashboard','save_setting_success','Lưu tiện ích thành công','2021-12-18 03:21:33','2021-12-18 03:22:11'),(946,0,'vi','core/dashboard/dashboard','update_position_success','Cập nhật vị trí tiện ích thành công!','2021-12-18 03:21:33','2021-12-18 03:22:11'),(947,0,'vi','core/dashboard/dashboard','widget_not_exists','Tiện ích này không tồn tại!','2021-12-18 03:21:33','2021-12-18 03:22:11'),(948,0,'vi','core/dashboard/dashboard','fullscreen','Toàn màn hình','2021-12-18 03:21:33','2021-12-18 03:22:11'),(949,0,'vi','core/dashboard/dashboard','title','Trang quản trị','2021-12-18 03:21:33','2021-12-18 03:22:11'),(950,0,'en','core/media/media','filter','Filter','2021-12-18 03:21:33','2021-12-18 03:22:11'),(951,0,'en','core/media/media','everything','Everything','2021-12-18 03:21:33','2021-12-18 03:22:11'),(952,0,'en','core/media/media','image','Image','2021-12-18 03:21:33','2021-12-18 03:22:11'),(953,0,'en','core/media/media','video','Video','2021-12-18 03:21:33','2021-12-18 03:22:11'),(954,0,'en','core/media/media','document','Document','2021-12-18 03:21:33','2021-12-18 03:22:11'),(955,0,'en','core/media/media','view_in','View in','2021-12-18 03:21:33','2021-12-18 03:22:11'),(956,0,'en','core/media/media','all_media','All media','2021-12-18 03:21:33','2021-12-18 03:22:11'),(957,0,'en','core/media/media','trash','Trash','2021-12-18 03:21:33','2021-12-18 03:22:11'),(958,0,'en','core/media/media','recent','Recent','2021-12-18 03:21:33','2021-12-18 03:22:11'),(959,0,'en','core/media/media','favorites','Favorites','2021-12-18 03:21:33','2021-12-18 03:22:11'),(960,0,'en','core/media/media','upload','Upload','2021-12-18 03:21:33','2021-12-18 03:22:11'),(961,0,'en','core/media/media','create_folder','Create folder','2021-12-18 03:21:33','2021-12-18 03:22:11'),(962,0,'en','core/media/media','refresh','Refresh','2021-12-18 03:21:33','2021-12-18 03:22:11'),(963,0,'en','core/media/media','empty_trash','Empty trash','2021-12-18 03:21:33','2021-12-18 03:22:11'),(964,0,'en','core/media/media','search_file_and_folder','Search file and folder','2021-12-18 03:21:33','2021-12-18 03:22:11'),(965,0,'en','core/media/media','sort','Sort','2021-12-18 03:21:33','2021-12-18 03:22:11'),(966,0,'en','core/media/media','file_name_asc','File name - ASC','2021-12-18 03:21:33','2021-12-18 03:22:11'),(967,0,'en','core/media/media','file_name_desc','File name - DESC','2021-12-18 03:21:33','2021-12-18 03:22:11'),(968,0,'en','core/media/media','uploaded_date_asc','Uploaded date - ASC','2021-12-18 03:21:33','2021-12-18 03:22:11'),(969,0,'en','core/media/media','uploaded_date_desc','Uploaded date - DESC','2021-12-18 03:21:33','2021-12-18 03:22:11'),(970,0,'en','core/media/media','size_asc','Size - ASC','2021-12-18 03:21:33','2021-12-18 03:22:11'),(971,0,'en','core/media/media','size_desc','Size - DESC','2021-12-18 03:21:33','2021-12-18 03:22:11'),(972,0,'en','core/media/media','actions','Actions','2021-12-18 03:21:33','2021-12-18 03:22:11'),(973,0,'en','core/media/media','nothing_is_selected','Nothing is selected','2021-12-18 03:21:33','2021-12-18 03:22:11'),(974,0,'en','core/media/media','insert','Insert','2021-12-18 03:21:33','2021-12-18 03:22:11'),(975,0,'en','core/media/media','folder_name','Folder name','2021-12-18 03:21:33','2021-12-18 03:22:11'),(976,0,'en','core/media/media','create','Create','2021-12-18 03:21:33','2021-12-18 03:22:11'),(977,0,'en','core/media/media','rename','Rename','2021-12-18 03:21:33','2021-12-18 03:22:11'),(978,0,'en','core/media/media','close','Close','2021-12-18 03:21:33','2021-12-18 03:22:11'),(979,0,'en','core/media/media','save_changes','Save changes','2021-12-18 03:21:33','2021-12-18 03:22:11'),(980,0,'en','core/media/media','move_to_trash','Move items to trash','2021-12-18 03:21:33','2021-12-18 03:22:11'),(981,0,'en','core/media/media','confirm_trash','Are you sure you want to move these items to trash?','2021-12-18 03:21:33','2021-12-18 03:22:11'),(982,0,'en','core/media/media','confirm','Confirm','2021-12-18 03:21:33','2021-12-18 03:22:11'),(983,0,'en','core/media/media','confirm_delete','Delete item(s)','2021-12-18 03:21:33','2021-12-18 03:22:11'),(984,0,'en','core/media/media','confirm_delete_description','Your request cannot rollback. Are you sure you wanna delete these items?','2021-12-18 03:21:33','2021-12-18 03:22:11'),(985,0,'en','core/media/media','empty_trash_title','Empty trash','2021-12-18 03:21:33','2021-12-18 03:22:11'),(986,0,'en','core/media/media','empty_trash_description','Your request cannot rollback. Are you sure you wanna remove all items in trash?','2021-12-18 03:21:33','2021-12-18 03:22:11'),(987,0,'en','core/media/media','up_level','Up one level','2021-12-18 03:21:33','2021-12-18 03:22:11'),(988,0,'en','core/media/media','upload_progress','Upload progress','2021-12-18 03:21:33','2021-12-18 03:22:11'),(989,0,'en','core/media/media','folder_created','Folder is created successfully!','2021-12-18 03:21:33','2021-12-18 03:22:11'),(990,0,'en','core/media/media','gallery','Media gallery','2021-12-18 03:21:33','2021-12-18 03:22:11'),(991,0,'en','core/media/media','trash_error','Error when delete selected item(s)','2021-12-18 03:21:33','2021-12-18 03:22:11'),(992,0,'en','core/media/media','trash_success','Moved selected item(s) to trash successfully!','2021-12-18 03:21:33','2021-12-18 03:22:11'),(993,0,'en','core/media/media','restore_error','Error when restore selected item(s)','2021-12-18 03:21:33','2021-12-18 03:22:11'),(994,0,'en','core/media/media','restore_success','Restore selected item(s) successfully!','2021-12-18 03:21:33','2021-12-18 03:22:11'),(995,0,'en','core/media/media','copy_success','Copied selected item(s) successfully!','2021-12-18 03:21:33','2021-12-18 03:22:11'),(996,0,'en','core/media/media','delete_success','Deleted selected item(s) successfully!','2021-12-18 03:21:33','2021-12-18 03:22:11'),(997,0,'en','core/media/media','favorite_success','Favorite selected item(s) successfully!','2021-12-18 03:21:33','2021-12-18 03:22:11'),(998,0,'en','core/media/media','remove_favorite_success','Remove selected item(s) from favorites successfully!','2021-12-18 03:21:33','2021-12-18 03:22:11'),(999,0,'en','core/media/media','rename_error','Error when rename item(s)','2021-12-18 03:21:33','2021-12-18 03:22:11'),(1000,0,'en','core/media/media','rename_success','Rename selected item(s) successfully!','2021-12-18 03:21:33','2021-12-18 03:22:11'),(1001,0,'en','core/media/media','empty_trash_success','Empty trash successfully!','2021-12-18 03:21:33','2021-12-18 03:22:11'),(1002,0,'en','core/media/media','invalid_action','Invalid action!','2021-12-18 03:21:33','2021-12-18 03:22:11'),(1003,0,'en','core/media/media','file_not_exists','File is not exists!','2021-12-18 03:21:33','2021-12-18 03:22:11'),(1004,0,'en','core/media/media','download_file_error','Error when downloading files!','2021-12-18 03:21:33','2021-12-18 03:22:11'),(1005,0,'en','core/media/media','missing_zip_archive_extension','Please enable ZipArchive extension to download file!','2021-12-18 03:21:33','2021-12-18 03:22:11'),(1006,0,'en','core/media/media','can_not_download_file','Can not download this file!','2021-12-18 03:21:33','2021-12-18 03:22:11'),(1007,0,'en','core/media/media','invalid_request','Invalid request!','2021-12-18 03:21:33','2021-12-18 03:22:11'),(1008,0,'en','core/media/media','add_success','Add item successfully!','2021-12-18 03:21:33','2021-12-18 03:22:11'),(1009,0,'en','core/media/media','file_too_big','File too big. Max file upload is :size bytes','2021-12-18 03:21:33','2021-12-18 03:22:11'),(1010,0,'en','core/media/media','can_not_detect_file_type','File type is not allowed or can not detect file type!','2021-12-18 03:21:33','2021-12-18 03:22:11'),(1011,0,'en','core/media/media','upload_failed','The file is NOT uploaded completely. The server allows max upload file size is :size . Please check your file size OR try to upload again in case of having network errors','2021-12-18 03:21:33','2021-12-18 03:22:11'),(1012,0,'en','core/media/media','menu_name','Media','2021-12-18 03:21:33','2021-12-18 03:22:11'),(1013,0,'en','core/media/media','add','Add media','2021-12-18 03:21:33','2021-12-18 03:22:11'),(1014,0,'en','core/media/media','javascript.name','Name','2021-12-18 03:21:33','2021-12-18 03:22:11'),(1015,0,'en','core/media/media','javascript.url','URL','2021-12-18 03:21:33','2021-12-18 03:22:11'),(1016,0,'en','core/media/media','javascript.full_url','Full URL','2021-12-18 03:21:33','2021-12-18 03:22:11'),(1017,0,'en','core/media/media','javascript.size','Size','2021-12-18 03:21:33','2021-12-18 03:22:11'),(1018,0,'en','core/media/media','javascript.mime_type','Type','2021-12-18 03:21:33','2021-12-18 03:22:11'),(1019,0,'en','core/media/media','javascript.created_at','Uploaded at','2021-12-18 03:21:33','2021-12-18 03:22:11'),(1020,0,'en','core/media/media','javascript.updated_at','Modified at','2021-12-18 03:21:33','2021-12-18 03:22:11'),(1021,0,'en','core/media/media','javascript.nothing_selected','Nothing is selected','2021-12-18 03:21:33','2021-12-18 03:22:11'),(1022,0,'en','core/media/media','javascript.visit_link','Open link','2021-12-18 03:21:33','2021-12-18 03:22:11'),(1023,0,'en','core/media/media','javascript.no_item.all_media.icon','fas fa-cloud-upload-alt','2021-12-18 03:21:33','2021-12-18 03:22:11'),(1024,0,'en','core/media/media','javascript.no_item.all_media.title','Drop files and folders here','2021-12-18 03:21:33','2021-12-18 03:22:11'),(1025,0,'en','core/media/media','javascript.no_item.all_media.message','Or use the upload button above','2021-12-18 03:21:33','2021-12-18 03:22:11'),(1026,0,'en','core/media/media','javascript.no_item.trash.icon','fas fa-trash-alt','2021-12-18 03:21:33','2021-12-18 03:22:11'),(1027,0,'en','core/media/media','javascript.no_item.trash.title','There is nothing in your trash currently','2021-12-18 03:21:33','2021-12-18 03:22:11'),(1028,0,'en','core/media/media','javascript.no_item.trash.message','Delete files to move them to trash automatically. Delete files from trash to remove them permanently','2021-12-18 03:21:33','2021-12-18 03:22:11'),(1029,0,'en','core/media/media','javascript.no_item.favorites.icon','fas fa-star','2021-12-18 03:21:33','2021-12-18 03:22:11'),(1030,0,'en','core/media/media','javascript.no_item.favorites.title','You have not added anything to your favorites yet','2021-12-18 03:21:33','2021-12-18 03:22:11'),(1031,0,'en','core/media/media','javascript.no_item.favorites.message','Add files to favorites to easily find them later','2021-12-18 03:21:33','2021-12-18 03:22:11'),(1032,0,'en','core/media/media','javascript.no_item.recent.icon','far fa-clock','2021-12-18 03:21:33','2021-12-18 03:22:11'),(1033,0,'en','core/media/media','javascript.no_item.recent.title','You did not opened anything yet','2021-12-18 03:21:33','2021-12-18 03:22:11'),(1034,0,'en','core/media/media','javascript.no_item.recent.message','All recent files that you opened will be appeared here','2021-12-18 03:21:33','2021-12-18 03:22:11'),(1035,0,'en','core/media/media','javascript.no_item.default.icon','fas fa-sync','2021-12-18 03:21:33','2021-12-18 03:22:11'),(1036,0,'en','core/media/media','javascript.no_item.default.title','No items','2021-12-18 03:21:33','2021-12-18 03:22:11'),(1037,0,'en','core/media/media','javascript.no_item.default.message','This directory has no item','2021-12-18 03:21:33','2021-12-18 03:22:11'),(1038,0,'en','core/media/media','javascript.clipboard.success','These file links has been copied to clipboard','2021-12-18 03:21:33','2021-12-18 03:22:11'),(1039,0,'en','core/media/media','javascript.message.error_header','Error','2021-12-18 03:21:33','2021-12-18 03:22:11'),(1040,0,'en','core/media/media','javascript.message.success_header','Success','2021-12-18 03:21:33','2021-12-18 03:22:11'),(1041,0,'en','core/media/media','javascript.download.error','No files selected or cannot download these files','2021-12-18 03:21:33','2021-12-18 03:22:11'),(1042,0,'en','core/media/media','javascript.actions_list.basic.preview','Preview','2021-12-18 03:21:33','2021-12-18 03:22:11'),(1043,0,'en','core/media/media','javascript.actions_list.file.copy_link','Copy link','2021-12-18 03:21:33','2021-12-18 03:22:11'),(1044,0,'en','core/media/media','javascript.actions_list.file.rename','Rename','2021-12-18 03:21:33','2021-12-18 03:22:11'),(1045,0,'en','core/media/media','javascript.actions_list.file.make_copy','Make a copy','2021-12-18 03:21:33','2021-12-18 03:22:11'),(1046,0,'en','core/media/media','javascript.actions_list.user.favorite','Add to favorite','2021-12-18 03:21:33','2021-12-18 03:22:11'),(1047,0,'en','core/media/media','javascript.actions_list.user.remove_favorite','Remove favorite','2021-12-18 03:21:33','2021-12-18 03:22:11'),(1048,0,'en','core/media/media','javascript.actions_list.other.download','Download','2021-12-18 03:21:33','2021-12-18 03:22:11'),(1049,0,'en','core/media/media','javascript.actions_list.other.trash','Move to trash','2021-12-18 03:21:33','2021-12-18 03:22:11'),(1050,0,'en','core/media/media','javascript.actions_list.other.delete','Delete permanently','2021-12-18 03:21:33','2021-12-18 03:22:11'),(1051,0,'en','core/media/media','javascript.actions_list.other.restore','Restore','2021-12-18 03:21:33','2021-12-18 03:22:11'),(1052,0,'en','core/media/media','name_invalid','The folder name has invalid character(s).','2021-12-18 03:21:33','2021-12-18 03:22:11'),(1053,0,'en','core/media/media','url_invalid','Please provide a valid URL','2021-12-18 03:21:33','2021-12-18 03:22:11'),(1054,0,'en','core/media/media','path_invalid','Please provide a valid path','2021-12-18 03:21:33','2021-12-18 03:22:11'),(1055,0,'en','core/media/media','download_link','Download','2021-12-18 03:21:33','2021-12-18 03:22:11'),(1056,0,'en','core/media/media','url','URL','2021-12-18 03:21:33','2021-12-18 03:22:11'),(1057,0,'en','core/media/media','download_explain','Enter one URL per line.','2021-12-18 03:21:33','2021-12-18 03:22:11'),(1058,0,'en','core/media/media','downloading','Downloading...','2021-12-18 03:21:33','2021-12-18 03:22:11'),(1059,0,'vi','core/media/media','filter','Lọc','2021-12-18 03:21:33','2021-12-18 03:22:11'),(1060,0,'vi','core/media/media','everything','Tất cả','2021-12-18 03:21:33','2021-12-18 03:22:11'),(1061,0,'vi','core/media/media','image','Hình ảnh','2021-12-18 03:21:33','2021-12-18 03:22:11'),(1062,0,'vi','core/media/media','video','Phim','2021-12-18 03:21:33','2021-12-18 03:22:11'),(1063,0,'vi','core/media/media','document','Tài liệu','2021-12-18 03:21:33','2021-12-18 03:22:11'),(1064,0,'vi','core/media/media','view_in','Chế độ xem','2021-12-18 03:21:33','2021-12-18 03:22:11'),(1065,0,'vi','core/media/media','all_media','Tất cả tập tin','2021-12-18 03:21:33','2021-12-18 03:22:11'),(1066,0,'vi','core/media/media','trash','Thùng rác','2021-12-18 03:21:33','2021-12-18 03:22:11'),(1067,0,'vi','core/media/media','recent','Gần đây','2021-12-18 03:21:33','2021-12-18 03:22:11'),(1068,0,'vi','core/media/media','favorites','Được gắn dấu sao','2021-12-18 03:21:33','2021-12-18 03:22:11'),(1069,0,'vi','core/media/media','upload','Tải lên','2021-12-18 03:21:33','2021-12-18 03:22:11'),(1070,0,'vi','core/media/media','create_folder','Tạo thư mục','2021-12-18 03:21:33','2021-12-18 03:22:11'),(1071,0,'vi','core/media/media','refresh','Làm mới','2021-12-18 03:21:33','2021-12-18 03:22:11'),(1072,0,'vi','core/media/media','empty_trash','Dọn thùng rác','2021-12-18 03:21:33','2021-12-18 03:22:11'),(1073,0,'vi','core/media/media','search_file_and_folder','Tìm kiếm tập tin và thư mục','2021-12-18 03:21:33','2021-12-18 03:22:11'),(1074,0,'vi','core/media/media','sort','Sắp xếp','2021-12-18 03:21:33','2021-12-18 03:22:11'),(1075,0,'vi','core/media/media','file_name_asc','Tên tập tin - ASC','2021-12-18 03:21:33','2021-12-18 03:22:11'),(1076,0,'vi','core/media/media','file_name_desc','Tên tập tin - DESC','2021-12-18 03:21:33','2021-12-18 03:22:11'),(1077,0,'vi','core/media/media','uploaded_date_asc','Ngày tải lên - ASC','2021-12-18 03:21:33','2021-12-18 03:22:11'),(1078,0,'vi','core/media/media','uploaded_date_desc','Ngày tải lên - DESC','2021-12-18 03:21:33','2021-12-18 03:22:11'),(1079,0,'vi','core/media/media','size_asc','Kích thước - ASC','2021-12-18 03:21:33','2021-12-18 03:22:11'),(1080,0,'vi','core/media/media','size_desc','Kích thước - DESC','2021-12-18 03:21:33','2021-12-18 03:22:11'),(1081,0,'vi','core/media/media','actions','Hành động','2021-12-18 03:21:33','2021-12-18 03:22:11'),(1082,0,'vi','core/media/media','nothing_is_selected','Không có tập tin nào được chọn','2021-12-18 03:21:33','2021-12-18 03:22:11'),(1083,0,'vi','core/media/media','insert','Chèn','2021-12-18 03:21:33','2021-12-18 03:22:11'),(1084,0,'vi','core/media/media','folder_name','Tên thư mục','2021-12-18 03:21:33','2021-12-18 03:22:11'),(1085,0,'vi','core/media/media','create','Tạo','2021-12-18 03:21:33','2021-12-18 03:22:11'),(1086,0,'vi','core/media/media','rename','Đổi tên','2021-12-18 03:21:33','2021-12-18 03:22:11'),(1087,0,'vi','core/media/media','close','Đóng','2021-12-18 03:21:33','2021-12-18 03:22:11'),(1088,0,'vi','core/media/media','save_changes','Lưu thay đổi','2021-12-18 03:21:33','2021-12-18 03:22:11'),(1089,0,'vi','core/media/media','move_to_trash','Đưa vào thùng rác','2021-12-18 03:21:33','2021-12-18 03:22:11'),(1090,0,'vi','core/media/media','confirm_trash','Bạn có chắc chắn muốn bỏ những tập tin này vào thùng rác?','2021-12-18 03:21:33','2021-12-18 03:22:11'),(1091,0,'vi','core/media/media','confirm','Xác nhận','2021-12-18 03:21:33','2021-12-18 03:22:11'),(1092,0,'vi','core/media/media','confirm_delete','Xóa tập tin','2021-12-18 03:21:33','2021-12-18 03:22:11'),(1093,0,'vi','core/media/media','confirm_delete_description','Hành động này không thể khôi phục. Bạn có chắc chắn muốn xóa các tập tin này?','2021-12-18 03:21:33','2021-12-18 03:22:11'),(1094,0,'vi','core/media/media','empty_trash_title','Dọn sạch thùng rác','2021-12-18 03:21:33','2021-12-18 03:22:11'),(1095,0,'vi','core/media/media','empty_trash_description','Hành động này không thể khôi phục. Bạn có chắc chắn muốn dọn sạch thùng rác?','2021-12-18 03:21:33','2021-12-18 03:22:11'),(1096,0,'vi','core/media/media','up_level','Quay lại một cấp','2021-12-18 03:21:33','2021-12-18 03:22:11'),(1097,0,'vi','core/media/media','upload_progress','Tiến trình tải lên','2021-12-18 03:21:33','2021-12-18 03:22:11'),(1098,0,'vi','core/media/media','folder_created','Tạo thư mục thành công!','2021-12-18 03:21:33','2021-12-18 03:22:11'),(1099,0,'vi','core/media/media','gallery','Thư viện tập tin','2021-12-18 03:21:33','2021-12-18 03:22:11'),(1100,0,'vi','core/media/media','trash_error','Có lỗi khi xóa tập tin/thư mục','2021-12-18 03:21:33','2021-12-18 03:22:11'),(1101,0,'vi','core/media/media','trash_success','Xóa tập tin/thư mục thành công!','2021-12-18 03:21:33','2021-12-18 03:22:11'),(1102,0,'vi','core/media/media','restore_error','Có lỗi trong quá trình khôi phục','2021-12-18 03:21:33','2021-12-18 03:22:11'),(1103,0,'vi','core/media/media','restore_success','Khôi phục thành công!','2021-12-18 03:21:33','2021-12-18 03:22:11'),(1104,0,'vi','core/media/media','copy_success','Sao chép thành công!','2021-12-18 03:21:33','2021-12-18 03:22:11'),(1105,0,'vi','core/media/media','delete_success','Xóa thành công!','2021-12-18 03:21:33','2021-12-18 03:22:11'),(1106,0,'vi','core/media/media','favorite_success','Thêm dấu sao thành công!','2021-12-18 03:21:33','2021-12-18 03:22:11'),(1107,0,'vi','core/media/media','remove_favorite_success','Bỏ dấu sao thành công!','2021-12-18 03:21:33','2021-12-18 03:22:11'),(1108,0,'vi','core/media/media','rename_error','Có lỗi trong quá trình đổi tên','2021-12-18 03:21:33','2021-12-18 03:22:11'),(1109,0,'vi','core/media/media','rename_success','Đổi tên thành công!','2021-12-18 03:21:33','2021-12-18 03:22:11'),(1110,0,'vi','core/media/media','invalid_action','Hành động không hợp lệ!','2021-12-18 03:21:33','2021-12-18 03:22:11'),(1111,0,'vi','core/media/media','file_not_exists','Tập tin không tồn tại!','2021-12-18 03:21:33','2021-12-18 03:22:11'),(1112,0,'vi','core/media/media','download_file_error','Có lỗi trong quá trình tải xuống tập tin!','2021-12-18 03:21:33','2021-12-18 03:22:11'),(1113,0,'vi','core/media/media','missing_zip_archive_extension','Hãy bật ZipArchive extension để tải tập tin!','2021-12-18 03:21:33','2021-12-18 03:22:11'),(1114,0,'vi','core/media/media','can_not_download_file','Không thể tải tập tin!','2021-12-18 03:21:33','2021-12-18 03:22:11'),(1115,0,'vi','core/media/media','invalid_request','Yêu cầu không hợp lệ!','2021-12-18 03:21:33','2021-12-18 03:22:11'),(1116,0,'vi','core/media/media','add_success','Thêm thành công!','2021-12-18 03:21:33','2021-12-18 03:22:11'),(1117,0,'vi','core/media/media','file_too_big','Tập tin quá lớn. Giới hạn tải lên là :size bytes','2021-12-18 03:21:33','2021-12-18 03:22:11'),(1118,0,'vi','core/media/media','can_not_detect_file_type','Loại tập tin không hợp lệ hoặc không thể xác định loại tập tin!','2021-12-18 03:21:33','2021-12-18 03:22:11'),(1119,0,'vi','core/media/media','upload_failed','The file is NOT uploaded completely. The server allows max upload file size is :size . Please check your file size OR try to upload again in case of having network errors','2021-12-18 03:21:33','2021-12-18 03:22:11'),(1120,0,'vi','core/media/media','menu_name','Quản lý tập tin','2021-12-18 03:21:33','2021-12-18 03:22:11'),(1121,0,'vi','core/media/media','add','Thêm tập tin','2021-12-18 03:21:33','2021-12-18 03:22:11'),(1122,0,'vi','core/media/media','javascript.name','Tên','2021-12-18 03:21:33','2021-12-18 03:22:11'),(1123,0,'vi','core/media/media','javascript.url','Đường dẫn','2021-12-18 03:21:33','2021-12-18 03:22:11'),(1124,0,'vi','core/media/media','javascript.full_url','Đường dẫn tuyệt đối','2021-12-18 03:21:33','2021-12-18 03:22:11'),(1125,0,'vi','core/media/media','javascript.size','Kích thước','2021-12-18 03:21:33','2021-12-18 03:22:11'),(1126,0,'vi','core/media/media','javascript.mime_type','Loại','2021-12-18 03:21:33','2021-12-18 03:22:11'),(1127,0,'vi','core/media/media','javascript.created_at','Được tải lên lúc','2021-12-18 03:21:33','2021-12-18 03:22:11'),(1128,0,'vi','core/media/media','javascript.updated_at','Được chỉnh sửa lúc','2021-12-18 03:21:33','2021-12-18 03:22:11'),(1129,0,'vi','core/media/media','javascript.nothing_selected','Bạn chưa chọn tập tin nào','2021-12-18 03:21:33','2021-12-18 03:22:11'),(1130,0,'vi','core/media/media','javascript.visit_link','Mở liên kết','2021-12-18 03:21:33','2021-12-18 03:22:11'),(1131,0,'vi','core/media/media','javascript.no_item.all_media.icon','fas fa-cloud-upload-alt','2021-12-18 03:21:33','2021-12-18 03:22:11'),(1132,0,'vi','core/media/media','javascript.no_item.all_media.title','Bạn có thể kéo thả tập tin vào đây để tải lên','2021-12-18 03:21:33','2021-12-18 03:22:11'),(1133,0,'vi','core/media/media','javascript.no_item.all_media.message','Hoặc có thể bấm nút Tải lên ở phía trên','2021-12-18 03:21:33','2021-12-18 03:22:11'),(1134,0,'vi','core/media/media','javascript.no_item.trash.icon','fas fa-trash-alt','2021-12-18 03:21:33','2021-12-18 03:22:11'),(1135,0,'vi','core/media/media','javascript.no_item.trash.title','Hiện tại không có tập tin nào trong thùng rác','2021-12-18 03:21:33','2021-12-18 03:22:11'),(1136,0,'vi','core/media/media','javascript.no_item.trash.message','Xóa tập tin sẽ đem tập tin lưu vào thùng rác. Xóa tập tin trong thùng rác sẽ xóa vĩnh viễn.','2021-12-18 03:21:33','2021-12-18 03:22:11'),(1137,0,'vi','core/media/media','javascript.no_item.favorites.icon','fas fa-star','2021-12-18 03:21:33','2021-12-18 03:22:11'),(1138,0,'vi','core/media/media','javascript.no_item.favorites.title','Bạn chưa đặt tập tin nào vào mục yêu thích','2021-12-18 03:21:33','2021-12-18 03:22:11'),(1139,0,'vi','core/media/media','javascript.no_item.favorites.message','Thêm tập tin vào mục yêu thích để tìm kiếm chúng dễ dàng sau này.','2021-12-18 03:21:33','2021-12-18 03:22:11'),(1140,0,'vi','core/media/media','javascript.no_item.recent.icon','far fa-clock','2021-12-18 03:21:33','2021-12-18 03:22:11'),(1141,0,'vi','core/media/media','javascript.no_item.recent.title','Bạn chưa mở tập tin nào.','2021-12-18 03:21:33','2021-12-18 03:22:11'),(1142,0,'vi','core/media/media','javascript.no_item.recent.message','Mục này hiển thị các tập tin bạn đã xem gần đây.','2021-12-18 03:21:33','2021-12-18 03:22:11'),(1143,0,'vi','core/media/media','javascript.no_item.default.icon','fas fa-sync','2021-12-18 03:21:33','2021-12-18 03:22:11'),(1144,0,'vi','core/media/media','javascript.no_item.default.title','Thư mục trống','2021-12-18 03:21:33','2021-12-18 03:22:11'),(1145,0,'vi','core/media/media','javascript.no_item.default.message','Thư mục này chưa có tập tin nào','2021-12-18 03:21:33','2021-12-18 03:22:11'),(1146,0,'vi','core/media/media','javascript.clipboard.success','Đường dẫn của các tập tin đã được sao chép vào clipboard','2021-12-18 03:21:33','2021-12-18 03:22:11'),(1147,0,'vi','core/media/media','javascript.message.error_header','Lỗi','2021-12-18 03:21:33','2021-12-18 03:22:11'),(1148,0,'vi','core/media/media','javascript.message.success_header','Thành công','2021-12-18 03:21:33','2021-12-18 03:22:11'),(1149,0,'vi','core/media/media','javascript.download.error','Bạn chưa chọn tập tin nào hoặc tập tin này không cho phép tải về','2021-12-18 03:21:33','2021-12-18 03:22:11'),(1150,0,'vi','core/media/media','javascript.actions_list.basic.preview','Xem trước','2021-12-18 03:21:33','2021-12-18 03:22:11'),(1151,0,'vi','core/media/media','javascript.actions_list.file.copy_link','Sao chép đường dẫn','2021-12-18 03:21:33','2021-12-18 03:22:11'),(1152,0,'vi','core/media/media','javascript.actions_list.file.rename','Đổi tên','2021-12-18 03:21:33','2021-12-18 03:22:11'),(1153,0,'vi','core/media/media','javascript.actions_list.file.make_copy','Nhân bản','2021-12-18 03:21:33','2021-12-18 03:22:11'),(1154,0,'vi','core/media/media','javascript.actions_list.user.favorite','Yêu thích','2021-12-18 03:21:33','2021-12-18 03:22:11'),(1155,0,'vi','core/media/media','javascript.actions_list.user.remove_favorite','Xóa khỏi mục yêu thích','2021-12-18 03:21:33','2021-12-18 03:22:11'),(1156,0,'vi','core/media/media','javascript.actions_list.other.download','Tải xuống','2021-12-18 03:21:33','2021-12-18 03:22:11'),(1157,0,'vi','core/media/media','javascript.actions_list.other.trash','Chuyển vào thùng rác','2021-12-18 03:21:33','2021-12-18 03:22:11'),(1158,0,'vi','core/media/media','javascript.actions_list.other.delete','Xóa hoàn toàn','2021-12-18 03:21:33','2021-12-18 03:22:11'),(1159,0,'vi','core/media/media','javascript.actions_list.other.restore','Khôi phục','2021-12-18 03:21:33','2021-12-18 03:22:11'),(1160,0,'vi','core/media/media','empty_trash_success','Dọn sạch thùng rác thành công','2021-12-18 03:21:33','2021-12-18 03:22:11'),(1161,0,'vi','core/media/media','name_invalid','Tên thư mục chứa ký tự không hợp lệ','2021-12-18 03:21:33','2021-12-18 03:22:11'),(1162,0,'en','core/setting/setting','title','Settings','2021-12-18 03:21:33','2021-12-18 03:22:11'),(1163,0,'en','core/setting/setting','email_setting_title','Email settings','2021-12-18 03:21:33','2021-12-18 03:22:11'),(1164,0,'en','core/setting/setting','general.theme','Theme','2021-12-18 03:21:33','2021-12-18 03:22:11'),(1165,0,'en','core/setting/setting','general.description','Setting site information','2021-12-18 03:21:33','2021-12-18 03:22:11'),(1166,0,'en','core/setting/setting','general.title','General','2021-12-18 03:21:33','2021-12-18 03:22:11'),(1167,0,'en','core/setting/setting','general.general_block','General Information','2021-12-18 03:21:33','2021-12-18 03:22:11'),(1168,0,'en','core/setting/setting','general.rich_editor','Rich Editor','2021-12-18 03:21:33','2021-12-18 03:22:11'),(1169,0,'en','core/setting/setting','general.site_title','Site title','2021-12-18 03:21:33','2021-12-18 03:22:11'),(1170,0,'en','core/setting/setting','general.admin_email','Admin Email','2021-12-18 03:21:33','2021-12-18 03:22:11'),(1171,0,'en','core/setting/setting','general.seo_block','SEO Configuration','2021-12-18 03:21:33','2021-12-18 03:22:11'),(1172,0,'en','core/setting/setting','general.seo_title','SEO Title','2021-12-18 03:21:33','2021-12-18 03:22:11'),(1173,0,'en','core/setting/setting','general.seo_description','SEO Description','2021-12-18 03:21:33','2021-12-18 03:22:11'),(1174,0,'en','core/setting/setting','general.webmaster_tools_block','Google Webmaster Tools','2021-12-18 03:21:33','2021-12-18 03:22:11'),(1175,0,'en','core/setting/setting','general.google_site_verification','Google site verification','2021-12-18 03:21:33','2021-12-18 03:22:11'),(1176,0,'en','core/setting/setting','general.placeholder.site_title','Site Title (maximum 120 characters)','2021-12-18 03:21:33','2021-12-18 03:22:11'),(1177,0,'en','core/setting/setting','general.placeholder.admin_email','Admin Email','2021-12-18 03:21:33','2021-12-18 03:22:11'),(1178,0,'en','core/setting/setting','general.placeholder.seo_title','SEO Title (maximum 120 characters)','2021-12-18 03:21:33','2021-12-18 03:22:11'),(1179,0,'en','core/setting/setting','general.placeholder.seo_description','SEO Description (maximum 120 characters)','2021-12-18 03:21:33','2021-12-18 03:22:11'),(1180,0,'en','core/setting/setting','general.placeholder.google_analytics','Google Analytics','2021-12-18 03:21:33','2021-12-18 03:22:11'),(1181,0,'en','core/setting/setting','general.placeholder.google_site_verification','Google Site Verification','2021-12-18 03:21:33','2021-12-18 03:22:11'),(1182,0,'en','core/setting/setting','general.cache_admin_menu','Cache admin menu?','2021-12-18 03:21:33','2021-12-18 03:22:11'),(1183,0,'en','core/setting/setting','general.enable_send_error_reporting_via_email','Enable to send error reporting via email?','2021-12-18 03:21:33','2021-12-18 03:22:11'),(1184,0,'en','core/setting/setting','general.time_zone','Timezone','2021-12-18 03:21:33','2021-12-18 03:22:11'),(1185,0,'en','core/setting/setting','general.default_admin_theme','Default admin theme','2021-12-18 03:21:33','2021-12-18 03:22:11'),(1186,0,'en','core/setting/setting','general.enable_change_admin_theme','Enable change admin theme?','2021-12-18 03:21:33','2021-12-18 03:22:11'),(1187,0,'en','core/setting/setting','general.enable','Enable','2021-12-18 03:21:33','2021-12-18 03:22:11'),(1188,0,'en','core/setting/setting','general.disable','Disable','2021-12-18 03:21:33','2021-12-18 03:22:11'),(1189,0,'en','core/setting/setting','general.enable_cache','Enable cache?','2021-12-18 03:21:33','2021-12-18 03:22:11'),(1190,0,'en','core/setting/setting','general.cache_time','Cache time (minutes)','2021-12-18 03:21:33','2021-12-18 03:22:11'),(1191,0,'en','core/setting/setting','general.cache_time_site_map','Cache Time Site map','2021-12-18 03:21:33','2021-12-18 03:22:11'),(1192,0,'en','core/setting/setting','general.admin_logo','Admin logo','2021-12-18 03:21:33','2021-12-18 03:22:11'),(1193,0,'en','core/setting/setting','general.admin_favicon','Admin favicon','2021-12-18 03:21:33','2021-12-18 03:22:11'),(1194,0,'en','core/setting/setting','general.admin_title','Admin title','2021-12-18 03:21:33','2021-12-18 03:22:11'),(1195,0,'en','core/setting/setting','general.admin_title_placeholder','Title show to tab of browser','2021-12-18 03:21:33','2021-12-18 03:22:11'),(1196,0,'en','core/setting/setting','general.cache_block','Cache','2021-12-18 03:21:33','2021-12-18 03:22:11'),(1197,0,'en','core/setting/setting','general.admin_appearance_title','Admin appearance','2021-12-18 03:21:33','2021-12-18 03:22:11'),(1198,0,'en','core/setting/setting','general.admin_appearance_description','Setting admin appearance such as editor, language...','2021-12-18 03:21:33','2021-12-18 03:22:11'),(1199,0,'en','core/setting/setting','general.seo_block_description','Setting site title, site meta description, site keyword for optimize SEO','2021-12-18 03:21:33','2021-12-18 03:22:11'),(1200,0,'en','core/setting/setting','general.webmaster_tools_description','Google Webmaster Tools (GWT) is free software that helps you manage the technical side of your website','2021-12-18 03:21:33','2021-12-18 03:22:11'),(1201,0,'en','core/setting/setting','general.cache_description','Config cache for system for optimize speed','2021-12-18 03:21:33','2021-12-18 03:22:11'),(1202,0,'en','core/setting/setting','general.yes','Yes','2021-12-18 03:21:33','2021-12-18 03:22:11'),(1203,0,'en','core/setting/setting','general.no','No','2021-12-18 03:21:33','2021-12-18 03:22:11'),(1204,0,'en','core/setting/setting','general.show_on_front','Your homepage displays','2021-12-18 03:21:33','2021-12-18 03:22:11'),(1205,0,'en','core/setting/setting','general.select','— Select —','2021-12-18 03:21:33','2021-12-18 03:22:11'),(1206,0,'en','core/setting/setting','general.show_site_name','Show site name after page title, separate with \"-\"?','2021-12-18 03:21:33','2021-12-18 03:22:11'),(1207,0,'en','core/setting/setting','general.locale','Site language','2021-12-18 03:21:33','2021-12-18 03:22:11'),(1208,0,'en','core/setting/setting','general.locale_direction','Front site language direction','2021-12-18 03:21:33','2021-12-18 03:22:11'),(1209,0,'en','core/setting/setting','general.admin_locale_direction','Admin language direction','2021-12-18 03:21:33','2021-12-18 03:22:11'),(1210,0,'en','core/setting/setting','general.admin_login_screen_backgrounds','Login screen backgrounds (~1366x768)','2021-12-18 03:21:33','2021-12-18 03:22:11'),(1211,0,'en','core/setting/setting','email.subject','Subject','2021-12-18 03:21:33','2021-12-18 03:22:11'),(1212,0,'en','core/setting/setting','email.content','Content','2021-12-18 03:21:33','2021-12-18 03:22:11'),(1213,0,'en','core/setting/setting','email.title','Setting for email template','2021-12-18 03:21:33','2021-12-18 03:22:11'),(1214,0,'en','core/setting/setting','email.description','Email template using HTML & system variables.','2021-12-18 03:21:33','2021-12-18 03:22:11'),(1215,0,'en','core/setting/setting','email.reset_to_default','Reset to default','2021-12-18 03:21:33','2021-12-18 03:22:11'),(1216,0,'en','core/setting/setting','email.back','Back to settings','2021-12-18 03:21:33','2021-12-18 03:22:11'),(1217,0,'en','core/setting/setting','email.reset_success','Reset back to default successfully','2021-12-18 03:21:33','2021-12-18 03:22:11'),(1218,0,'en','core/setting/setting','email.confirm_reset','Confirm reset email template?','2021-12-18 03:21:33','2021-12-18 03:22:11'),(1219,0,'en','core/setting/setting','email.confirm_message','Do you really want to reset this email template to default?','2021-12-18 03:21:33','2021-12-18 03:22:11'),(1220,0,'en','core/setting/setting','email.continue','Continue','2021-12-18 03:21:33','2021-12-18 03:22:11'),(1221,0,'en','core/setting/setting','email.sender_name','Sender name','2021-12-18 03:21:33','2021-12-18 03:22:11'),(1222,0,'en','core/setting/setting','email.sender_name_placeholder','Name','2021-12-18 03:21:33','2021-12-18 03:22:11'),(1223,0,'en','core/setting/setting','email.sender_email','Sender email','2021-12-18 03:21:33','2021-12-18 03:22:11'),(1224,0,'en','core/setting/setting','email.mailer','Mailer','2021-12-18 03:21:33','2021-12-18 03:22:11'),(1225,0,'en','core/setting/setting','email.port','Port','2021-12-18 03:21:33','2021-12-18 03:22:11'),(1226,0,'en','core/setting/setting','email.port_placeholder','Ex: 587','2021-12-18 03:21:33','2021-12-18 03:22:11'),(1227,0,'en','core/setting/setting','email.host','Host','2021-12-18 03:21:33','2021-12-18 03:22:11'),(1228,0,'en','core/setting/setting','email.host_placeholder','Ex: smtp.gmail.com','2021-12-18 03:21:33','2021-12-18 03:22:11'),(1229,0,'en','core/setting/setting','email.username','Username','2021-12-18 03:21:33','2021-12-18 03:22:11'),(1230,0,'en','core/setting/setting','email.username_placeholder','Username to login to mail server','2021-12-18 03:21:33','2021-12-18 03:22:11'),(1231,0,'en','core/setting/setting','email.password','Password','2021-12-18 03:21:33','2021-12-18 03:22:11'),(1232,0,'en','core/setting/setting','email.password_placeholder','Password to login to mail server','2021-12-18 03:21:33','2021-12-18 03:22:11'),(1233,0,'en','core/setting/setting','email.encryption','Encryption','2021-12-18 03:21:33','2021-12-18 03:22:11'),(1234,0,'en','core/setting/setting','email.mail_gun_domain','Domain','2021-12-18 03:21:33','2021-12-18 03:22:11'),(1235,0,'en','core/setting/setting','email.mail_gun_domain_placeholder','Domain','2021-12-18 03:21:33','2021-12-18 03:22:11'),(1236,0,'en','core/setting/setting','email.mail_gun_secret','Secret','2021-12-18 03:21:33','2021-12-18 03:22:11'),(1237,0,'en','core/setting/setting','email.mail_gun_secret_placeholder','Secret','2021-12-18 03:21:33','2021-12-18 03:22:11'),(1238,0,'en','core/setting/setting','email.mail_gun_endpoint','Endpoint','2021-12-18 03:21:33','2021-12-18 03:22:11'),(1239,0,'en','core/setting/setting','email.mail_gun_endpoint_placeholder','Endpoint','2021-12-18 03:21:33','2021-12-18 03:22:11'),(1240,0,'en','core/setting/setting','email.log_channel','Log channel','2021-12-18 03:21:33','2021-12-18 03:22:11'),(1241,0,'en','core/setting/setting','email.sendmail_path','Sendmail Path','2021-12-18 03:21:33','2021-12-18 03:22:11'),(1242,0,'en','core/setting/setting','email.encryption_placeholder','Encryption: ssl or tls','2021-12-18 03:21:33','2021-12-18 03:22:11'),(1243,0,'en','core/setting/setting','email.ses_key','Key','2021-12-18 03:21:33','2021-12-18 03:22:11'),(1244,0,'en','core/setting/setting','email.ses_key_placeholder','Key','2021-12-18 03:21:33','2021-12-18 03:22:11'),(1245,0,'en','core/setting/setting','email.ses_secret','Secret','2021-12-18 03:21:33','2021-12-18 03:22:11'),(1246,0,'en','core/setting/setting','email.ses_secret_placeholder','Secret','2021-12-18 03:21:33','2021-12-18 03:22:11'),(1247,0,'en','core/setting/setting','email.ses_region','Region','2021-12-18 03:21:33','2021-12-18 03:22:11'),(1248,0,'en','core/setting/setting','email.ses_region_placeholder','Region','2021-12-18 03:21:33','2021-12-18 03:22:11'),(1249,0,'en','core/setting/setting','email.postmark_token','Token','2021-12-18 03:21:33','2021-12-18 03:22:11'),(1250,0,'en','core/setting/setting','email.postmark_token_placeholder','Token','2021-12-18 03:21:33','2021-12-18 03:22:11'),(1251,0,'en','core/setting/setting','email.template_title','Email templates','2021-12-18 03:21:33','2021-12-18 03:22:11'),(1252,0,'en','core/setting/setting','email.template_description','Base templates for all emails','2021-12-18 03:21:33','2021-12-18 03:22:11'),(1253,0,'en','core/setting/setting','email.template_header','Email template header','2021-12-18 03:21:33','2021-12-18 03:22:11'),(1254,0,'en','core/setting/setting','email.template_header_description','Template for header of emails','2021-12-18 03:21:33','2021-12-18 03:22:11'),(1255,0,'en','core/setting/setting','email.template_footer','Email template footer','2021-12-18 03:21:33','2021-12-18 03:22:11'),(1256,0,'en','core/setting/setting','email.template_footer_description','Template for footer of emails','2021-12-18 03:21:33','2021-12-18 03:22:11'),(1257,0,'en','core/setting/setting','email.default','Default','2021-12-18 03:21:33','2021-12-18 03:22:11'),(1258,0,'en','core/setting/setting','email.using_queue_to_send_mail','Using queue job to send emails (Must to setup Queue first https://laravel.com/docs/queues#supervisor-configuration)','2021-12-18 03:21:34','2021-12-18 03:22:11'),(1259,0,'en','core/setting/setting','media.title','Media','2021-12-18 03:21:34','2021-12-18 03:22:11'),(1260,0,'en','core/setting/setting','media.driver','Driver','2021-12-18 03:21:34','2021-12-18 03:22:11'),(1261,0,'en','core/setting/setting','media.description','Settings for media','2021-12-18 03:21:34','2021-12-18 03:22:11'),(1262,0,'en','core/setting/setting','media.aws_access_key_id','AWS Access Key ID','2021-12-18 03:21:34','2021-12-18 03:22:11'),(1263,0,'en','core/setting/setting','media.aws_secret_key','AWS Secret Key','2021-12-18 03:21:34','2021-12-18 03:22:11'),(1264,0,'en','core/setting/setting','media.aws_default_region','AWS Default Region','2021-12-18 03:21:34','2021-12-18 03:22:11'),(1265,0,'en','core/setting/setting','media.aws_bucket','AWS Bucket','2021-12-18 03:21:34','2021-12-18 03:22:11'),(1266,0,'en','core/setting/setting','media.aws_url','AWS URL','2021-12-18 03:21:34','2021-12-18 03:22:11'),(1267,0,'en','core/setting/setting','media.do_spaces_access_key_id','DO Spaces Access Key ID','2021-12-18 03:21:34','2021-12-18 03:22:11'),(1268,0,'en','core/setting/setting','media.do_spaces_secret_key','DO Spaces Secret Key','2021-12-18 03:21:34','2021-12-18 03:22:11'),(1269,0,'en','core/setting/setting','media.do_spaces_default_region','DO Spaces Default Region','2021-12-18 03:21:34','2021-12-18 03:22:11'),(1270,0,'en','core/setting/setting','media.do_spaces_bucket','DO Spaces Bucket','2021-12-18 03:21:34','2021-12-18 03:22:11'),(1271,0,'en','core/setting/setting','media.do_spaces_endpoint','DO Spaces Endpoint','2021-12-18 03:21:34','2021-12-18 03:22:11'),(1272,0,'en','core/setting/setting','media.do_spaces_cdn_enabled','Is DO Spaces CDN enabled?','2021-12-18 03:21:34','2021-12-18 03:22:11'),(1273,0,'en','core/setting/setting','media.media_do_spaces_cdn_custom_domain','Do Spaces CDN custom domain','2021-12-18 03:21:34','2021-12-18 03:22:11'),(1274,0,'en','core/setting/setting','media.media_do_spaces_cdn_custom_domain_placeholder','https://your-custom-domain.com','2021-12-18 03:21:34','2021-12-18 03:22:11'),(1275,0,'en','core/setting/setting','media.wasabi_access_key_id','Wasabi Access Key ID','2021-12-18 03:21:34','2021-12-18 03:22:11'),(1276,0,'en','core/setting/setting','media.wasabi_secret_key','Wasabi Secret Key','2021-12-18 03:21:34','2021-12-18 03:22:11'),(1277,0,'en','core/setting/setting','media.wasabi_default_region','Wasabi Default Region','2021-12-18 03:21:34','2021-12-18 03:22:11'),(1278,0,'en','core/setting/setting','media.wasabi_bucket','Wasabi Bucket','2021-12-18 03:21:34','2021-12-18 03:22:11'),(1279,0,'en','core/setting/setting','media.wasabi_root','Wasabi Root','2021-12-18 03:21:34','2021-12-18 03:22:11'),(1280,0,'en','core/setting/setting','media.default_placeholder_image','Default placeholder image','2021-12-18 03:21:34','2021-12-18 03:22:11'),(1281,0,'en','core/setting/setting','media.enable_chunk','Enable chunk size upload?','2021-12-18 03:21:34','2021-12-18 03:22:11'),(1282,0,'en','core/setting/setting','media.chunk_size','Chunk size (Bytes)','2021-12-18 03:21:34','2021-12-18 03:22:11'),(1283,0,'en','core/setting/setting','media.chunk_size_placeholder','Default: 1048576 ~ 1MB','2021-12-18 03:21:34','2021-12-18 03:22:11'),(1284,0,'en','core/setting/setting','media.max_file_size','Chunk max file size (MB)','2021-12-18 03:21:34','2021-12-18 03:22:11'),(1285,0,'en','core/setting/setting','media.max_file_size_placeholder','Default: 1048576 ~ 1GB','2021-12-18 03:21:34','2021-12-18 03:22:11'),(1286,0,'en','core/setting/setting','media.enable_watermark','Enable watermark?','2021-12-18 03:21:34','2021-12-18 03:22:11'),(1287,0,'en','core/setting/setting','media.watermark_source','Watermark image','2021-12-18 03:21:34','2021-12-18 03:22:11'),(1288,0,'en','core/setting/setting','media.watermark_size','Size of watermark (%)','2021-12-18 03:21:34','2021-12-18 03:22:11'),(1289,0,'en','core/setting/setting','media.watermark_size_placeholder','Default: 10 (%)','2021-12-18 03:21:34','2021-12-18 03:22:11'),(1290,0,'en','core/setting/setting','media.watermark_opacity','Watermark Opacity (%)','2021-12-18 03:21:34','2021-12-18 03:22:11'),(1291,0,'en','core/setting/setting','media.watermark_opacity_placeholder','Default: 70 (%)','2021-12-18 03:21:34','2021-12-18 03:22:11'),(1292,0,'en','core/setting/setting','media.watermark_position','Watermark position','2021-12-18 03:21:34','2021-12-18 03:22:11'),(1293,0,'en','core/setting/setting','media.watermark_position_x','Watermark position X','2021-12-18 03:21:34','2021-12-18 03:22:11'),(1294,0,'en','core/setting/setting','media.watermark_position_y','Watermark position Y','2021-12-18 03:21:34','2021-12-18 03:22:11'),(1295,0,'en','core/setting/setting','media.watermark_position_top_left','Top left','2021-12-18 03:21:34','2021-12-18 03:22:11'),(1296,0,'en','core/setting/setting','media.watermark_position_top_right','Top right','2021-12-18 03:21:34','2021-12-18 03:22:11'),(1297,0,'en','core/setting/setting','media.watermark_position_bottom_left','Bottom left','2021-12-18 03:21:34','2021-12-18 03:22:11'),(1298,0,'en','core/setting/setting','media.watermark_position_bottom_right','Bottom right','2021-12-18 03:21:34','2021-12-18 03:22:11'),(1299,0,'en','core/setting/setting','media.watermark_position_center','Center','2021-12-18 03:21:34','2021-12-18 03:22:11'),(1300,0,'en','core/setting/setting','media.turn_off_automatic_url_translation_into_latin','Turn off automatic URL translation into Latin?','2021-12-18 03:21:34','2021-12-18 03:22:11'),(1301,0,'en','core/setting/setting','media.bunnycdn_hostname','Hostname','2021-12-18 03:21:34','2021-12-18 03:22:11'),(1302,0,'en','core/setting/setting','media.bunnycdn_zone','Zone Name (The name of your storage zone)','2021-12-18 03:21:34','2021-12-18 03:22:11'),(1303,0,'en','core/setting/setting','media.bunnycdn_key','FTP & API Access Password (The storage zone API Access Password)','2021-12-18 03:21:34','2021-12-18 03:22:11'),(1304,0,'en','core/setting/setting','media.bunnycdn_region','Region (The storage zone region)','2021-12-18 03:21:34','2021-12-18 03:22:11'),(1305,0,'en','core/setting/setting','license.purchase_code','Purchase code','2021-12-18 03:21:34','2021-12-18 03:22:11'),(1306,0,'en','core/setting/setting','license.buyer','Buyer','2021-12-18 03:21:34','2021-12-18 03:22:11'),(1307,0,'en','core/setting/setting','field_type_not_exists','This field type does not exist','2021-12-18 03:21:34','2021-12-18 03:22:11'),(1308,0,'en','core/setting/setting','save_settings','Save settings','2021-12-18 03:21:34','2021-12-18 03:22:11'),(1309,0,'en','core/setting/setting','template','Template','2021-12-18 03:21:34','2021-12-18 03:22:11'),(1310,0,'en','core/setting/setting','description','Description','2021-12-18 03:21:34','2021-12-18 03:22:11'),(1311,0,'en','core/setting/setting','enable','Enable','2021-12-18 03:21:34','2021-12-18 03:22:11'),(1312,0,'en','core/setting/setting','send','Send','2021-12-18 03:21:34','2021-12-18 03:22:11'),(1313,0,'en','core/setting/setting','test_email_description','To send test email, please make sure you are updated configuration to send mail!','2021-12-18 03:21:34','2021-12-18 03:22:11'),(1314,0,'en','core/setting/setting','test_email_input_placeholder','Enter the email which you want to send test email.','2021-12-18 03:21:34','2021-12-18 03:22:11'),(1315,0,'en','core/setting/setting','test_email_modal_title','Send a test email','2021-12-18 03:21:34','2021-12-18 03:22:11'),(1316,0,'en','core/setting/setting','test_send_mail','Send test mail','2021-12-18 03:21:34','2021-12-18 03:22:11'),(1317,0,'en','core/setting/setting','test_email_send_success','Send email successfully!','2021-12-18 03:21:34','2021-12-18 03:22:11'),(1318,0,'en','core/setting/setting','locale_direction_ltr','Left to Right','2021-12-18 03:21:34','2021-12-18 03:22:11'),(1319,0,'en','core/setting/setting','locale_direction_rtl','Right to Left','2021-12-18 03:21:34','2021-12-18 03:22:11'),(1320,0,'en','core/setting/setting','saving','Saving...','2021-12-18 03:21:34','2021-12-18 03:22:11'),(1321,0,'en','core/setting/setting','emails_warning','You can add up to :count emails','2021-12-18 03:21:34','2021-12-18 03:22:11'),(1322,0,'en','core/setting/setting','email_add_more','Add more','2021-12-18 03:21:34','2021-12-18 03:22:11'),(1323,0,'vi','core/setting/setting','title','Cài đặt','2021-12-18 03:21:34','2021-12-18 03:22:11'),(1324,0,'vi','core/setting/setting','general.theme','Giao diện','2021-12-18 03:21:34','2021-12-18 03:22:11'),(1325,0,'vi','core/setting/setting','general.description','Cấu hình những thông tin cài đặt website.','2021-12-18 03:21:34','2021-12-18 03:22:11'),(1326,0,'vi','core/setting/setting','general.title','Thông tin chung','2021-12-18 03:21:34','2021-12-18 03:22:11'),(1327,0,'vi','core/setting/setting','general.general_block','Thông tin chung','2021-12-18 03:21:34','2021-12-18 03:22:11'),(1328,0,'vi','core/setting/setting','general.site_title','Tên trang','2021-12-18 03:21:34','2021-12-18 03:22:11'),(1329,0,'vi','core/setting/setting','general.admin_email','Email quản trị viên','2021-12-18 03:21:34','2021-12-18 03:22:11'),(1330,0,'vi','core/setting/setting','general.seo_block','Cấu hình SEO','2021-12-18 03:21:34','2021-12-18 03:22:11'),(1331,0,'vi','core/setting/setting','general.seo_title','Tiêu đề SEO','2021-12-18 03:21:34','2021-12-18 03:22:11'),(1332,0,'vi','core/setting/setting','general.seo_description','Mô tả SEO','2021-12-18 03:21:34','2021-12-18 03:22:11'),(1333,0,'vi','core/setting/setting','general.webmaster_tools_block','Google Webmaster Tools','2021-12-18 03:21:34','2021-12-18 03:22:11'),(1334,0,'vi','core/setting/setting','general.google_site_verification','Google site verification','2021-12-18 03:21:34','2021-12-18 03:22:11'),(1335,0,'vi','core/setting/setting','general.placeholder.site_title','Tên trang (tối đa 120 kí tự)','2021-12-18 03:21:34','2021-12-18 03:22:11'),(1336,0,'vi','core/setting/setting','general.placeholder.admin_email','Admin Email','2021-12-18 03:21:34','2021-12-18 03:22:11'),(1337,0,'vi','core/setting/setting','general.placeholder.google_analytics','Ví dụ: UA-42767940-2','2021-12-18 03:21:34','2021-12-18 03:22:11'),(1338,0,'vi','core/setting/setting','general.placeholder.google_site_verification','Mã xác nhận trang web dùng cho Google Webmaster Tool','2021-12-18 03:21:34','2021-12-18 03:22:11'),(1339,0,'vi','core/setting/setting','general.placeholder.seo_title','Tiêu đề SEO (tối đa 120 kí tự)','2021-12-18 03:21:34','2021-12-18 03:22:11'),(1340,0,'vi','core/setting/setting','general.placeholder.seo_description','Mô tả SEO (tối đa 120 kí tự)','2021-12-18 03:21:34','2021-12-18 03:22:11'),(1341,0,'vi','core/setting/setting','general.enable_change_admin_theme','Cho phép thay đổi giao diện quản trị?','2021-12-18 03:21:34','2021-12-18 03:22:11'),(1342,0,'vi','core/setting/setting','general.enable','Bật','2021-12-18 03:21:34','2021-12-18 03:22:11'),(1343,0,'vi','core/setting/setting','general.disable','Tắt','2021-12-18 03:21:34','2021-12-18 03:22:11'),(1344,0,'vi','core/setting/setting','general.enable_cache','Bật bộ nhớ đệm?','2021-12-18 03:21:34','2021-12-18 03:22:11'),(1345,0,'vi','core/setting/setting','general.cache_time','Thời gian lưu bộ nhớ đệm (phút)','2021-12-18 03:21:34','2021-12-18 03:22:11'),(1346,0,'vi','core/setting/setting','general.cache_time_site_map','Thời gian lưu sơ đồ trang trong bộ nhớ đệm','2021-12-18 03:21:34','2021-12-18 03:22:11'),(1347,0,'vi','core/setting/setting','general.admin_logo','Logo trang quản trị','2021-12-18 03:21:34','2021-12-18 03:22:11'),(1348,0,'vi','core/setting/setting','general.admin_title','Tiêu đề trang quản trị','2021-12-18 03:21:34','2021-12-18 03:22:11'),(1349,0,'vi','core/setting/setting','general.admin_title_placeholder','Tiêu đề hiển thị trên thẻ trình duyệt','2021-12-18 03:21:34','2021-12-18 03:22:11'),(1350,0,'vi','core/setting/setting','general.rich_editor','Bộ soạn thảo văn bản','2021-12-18 03:21:34','2021-12-18 03:22:11'),(1351,0,'vi','core/setting/setting','general.cache_block','Bộ nhớ đệm','2021-12-18 03:21:34','2021-12-18 03:22:11'),(1352,0,'vi','core/setting/setting','general.yes','Bật','2021-12-18 03:21:34','2021-12-18 03:22:11'),(1353,0,'vi','core/setting/setting','general.no','Tắt','2021-12-18 03:21:34','2021-12-18 03:22:11'),(1354,0,'vi','core/setting/setting','email.subject','Tiêu đề','2021-12-18 03:21:34','2021-12-18 03:22:11'),(1355,0,'vi','core/setting/setting','email.content','Nội dung','2021-12-18 03:21:34','2021-12-18 03:22:11'),(1356,0,'vi','core/setting/setting','email.title','Cấu hình email template','2021-12-18 03:21:34','2021-12-18 03:22:11'),(1357,0,'vi','core/setting/setting','email.description','Cấu trúc file template sử dụng HTML và các biến trong hệ thống.','2021-12-18 03:21:34','2021-12-18 03:22:11'),(1358,0,'vi','core/setting/setting','email.reset_to_default','Khôi phục về mặc định','2021-12-18 03:21:34','2021-12-18 03:22:11'),(1359,0,'vi','core/setting/setting','email.back','Trở lại trang cài đặt','2021-12-18 03:21:34','2021-12-18 03:22:11'),(1360,0,'vi','core/setting/setting','email.reset_success','Khôi phục mặc định thành công','2021-12-18 03:21:34','2021-12-18 03:22:11'),(1361,0,'vi','core/setting/setting','email.confirm_reset','Xác nhận khôi phục mặc định?','2021-12-18 03:21:34','2021-12-18 03:22:11'),(1362,0,'vi','core/setting/setting','email.confirm_message','Bạn có chắc chắn muốn khôi phục về bản mặc định?','2021-12-18 03:21:34','2021-12-18 03:22:11'),(1363,0,'vi','core/setting/setting','email.continue','Tiếp tục','2021-12-18 03:21:34','2021-12-18 03:22:11'),(1364,0,'vi','core/setting/setting','email.sender_name','Tên người gửi','2021-12-18 03:21:34','2021-12-18 03:22:11'),(1365,0,'vi','core/setting/setting','email.sender_name_placeholder','Tên','2021-12-18 03:21:34','2021-12-18 03:22:11'),(1366,0,'vi','core/setting/setting','email.sender_email','Email của người gửi','2021-12-18 03:21:34','2021-12-18 03:22:11'),(1367,0,'vi','core/setting/setting','email.port','Cổng','2021-12-18 03:21:34','2021-12-18 03:22:11'),(1368,0,'vi','core/setting/setting','email.port_placeholder','Ví dụ: 587','2021-12-18 03:21:34','2021-12-18 03:22:11'),(1369,0,'vi','core/setting/setting','email.host','Máy chủ','2021-12-18 03:21:34','2021-12-18 03:22:11'),(1370,0,'vi','core/setting/setting','email.host_placeholder','Ví dụ: smtp.gmail.com','2021-12-18 03:21:34','2021-12-18 03:22:11'),(1371,0,'vi','core/setting/setting','email.username','Tên đăng nhập','2021-12-18 03:21:34','2021-12-18 03:22:11'),(1372,0,'vi','core/setting/setting','email.username_placeholder','Tên đăng nhập vào máy chủ mail','2021-12-18 03:21:34','2021-12-18 03:22:11'),(1373,0,'vi','core/setting/setting','email.password','Mật khẩu','2021-12-18 03:21:34','2021-12-18 03:22:11'),(1374,0,'vi','core/setting/setting','email.password_placeholder','Mật khẩu đăng nhập vào máy chủ mail','2021-12-18 03:21:34','2021-12-18 03:22:11'),(1375,0,'vi','core/setting/setting','email.encryption','Mã hoá','2021-12-18 03:21:34','2021-12-18 03:22:11'),(1376,0,'vi','core/setting/setting','email.mail_gun_domain','Tên miền','2021-12-18 03:21:34','2021-12-18 03:22:11'),(1377,0,'vi','core/setting/setting','email.mail_gun_domain_placeholder','Tên miền','2021-12-18 03:21:34','2021-12-18 03:22:11'),(1378,0,'vi','core/setting/setting','email.mail_gun_secret','Chuỗi bí mật','2021-12-18 03:21:34','2021-12-18 03:22:11'),(1379,0,'vi','core/setting/setting','email.mail_gun_secret_placeholder','Chuỗi bí mật','2021-12-18 03:21:34','2021-12-18 03:22:11'),(1380,0,'vi','core/setting/setting','email.template_title','Mẫu giao diện email','2021-12-18 03:21:34','2021-12-18 03:22:11'),(1381,0,'vi','core/setting/setting','email.template_description','Giao diện mặc định cho tất cả email','2021-12-18 03:21:34','2021-12-18 03:22:11'),(1382,0,'vi','core/setting/setting','email.template_header','Mẫu cho phần trên của email','2021-12-18 03:21:34','2021-12-18 03:22:11'),(1383,0,'vi','core/setting/setting','email.template_header_description','Phần trên của tất cả email','2021-12-18 03:21:34','2021-12-18 03:22:11'),(1384,0,'vi','core/setting/setting','email.template_footer','Mẫu cho phần dưới của email','2021-12-18 03:21:34','2021-12-18 03:22:11'),(1385,0,'vi','core/setting/setting','email.template_footer_description','Phần dưới của tất cả email','2021-12-18 03:21:34','2021-12-18 03:22:11'),(1386,0,'vi','core/setting/setting','save_settings','Lưu cài đặt','2021-12-18 03:21:34','2021-12-18 03:22:11'),(1387,0,'vi','core/setting/setting','template','Mẫu','2021-12-18 03:21:34','2021-12-18 03:22:11'),(1388,0,'vi','core/setting/setting','description','Mô tả','2021-12-18 03:21:34','2021-12-18 03:22:11'),(1389,0,'vi','core/setting/setting','enable','Bật','2021-12-18 03:21:34','2021-12-18 03:22:11'),(1390,0,'vi','core/setting/setting','test_send_mail','Gửi thử nghiệm','2021-12-18 03:21:34','2021-12-18 03:22:11'),(1391,0,'en','core/table/general','operations','Operations','2021-12-18 03:21:34','2021-12-18 03:22:11'),(1392,0,'en','core/table/general','loading_data','Loading data from server','2021-12-18 03:21:34','2021-12-18 03:22:11'),(1393,0,'en','core/table/general','display','Display','2021-12-18 03:21:34','2021-12-18 03:22:11'),(1394,0,'en','core/table/general','all','All','2021-12-18 03:21:34','2021-12-18 03:22:11'),(1395,0,'en','core/table/general','edit_entry','Edit','2021-12-18 03:21:34','2021-12-18 03:22:11'),(1396,0,'en','core/table/general','delete_entry','Delete','2021-12-18 03:21:34','2021-12-18 03:22:11'),(1397,0,'en','core/table/general','show_from','Showing from','2021-12-18 03:21:34','2021-12-18 03:22:11'),(1398,0,'en','core/table/general','to','to','2021-12-18 03:21:34','2021-12-18 03:22:11'),(1399,0,'en','core/table/general','in','in','2021-12-18 03:21:34','2021-12-18 03:22:11'),(1400,0,'en','core/table/general','records','records','2021-12-18 03:21:34','2021-12-18 03:22:11'),(1401,0,'en','core/table/general','no_data','No data to display','2021-12-18 03:21:34','2021-12-18 03:22:11'),(1402,0,'en','core/table/general','no_record','No record','2021-12-18 03:21:34','2021-12-18 03:22:11'),(1403,0,'en','core/table/general','loading','Loading data from server','2021-12-18 03:21:34','2021-12-18 03:22:11'),(1404,0,'en','core/table/general','confirm_delete','Confirm delete','2021-12-18 03:21:34','2021-12-18 03:22:11'),(1405,0,'en','core/table/general','confirm_delete_msg','Do you really want to delete this record?','2021-12-18 03:21:34','2021-12-18 03:22:11'),(1406,0,'en','core/table/general','cancel','Cancel','2021-12-18 03:21:34','2021-12-18 03:22:11'),(1407,0,'en','core/table/general','delete','Delete','2021-12-18 03:21:34','2021-12-18 03:22:11'),(1408,0,'en','core/table/general','close','Close','2021-12-18 03:21:34','2021-12-18 03:22:11'),(1409,0,'en','core/table/general','contains','Contains','2021-12-18 03:21:34','2021-12-18 03:22:11'),(1410,0,'en','core/table/general','is_equal_to','Is equal to','2021-12-18 03:21:34','2021-12-18 03:22:11'),(1411,0,'en','core/table/general','greater_than','Greater than','2021-12-18 03:21:34','2021-12-18 03:22:11'),(1412,0,'en','core/table/general','less_than','Less than','2021-12-18 03:21:34','2021-12-18 03:22:11'),(1413,0,'en','core/table/general','value','Value','2021-12-18 03:21:34','2021-12-18 03:22:11'),(1414,0,'en','core/table/general','select_field','Select field','2021-12-18 03:21:34','2021-12-18 03:22:11'),(1415,0,'en','core/table/general','reset','Reset','2021-12-18 03:21:34','2021-12-18 03:22:11'),(1416,0,'en','core/table/general','add_additional_filter','Add additional filter','2021-12-18 03:21:34','2021-12-18 03:22:11'),(1417,0,'en','core/table/general','apply','Apply','2021-12-18 03:21:34','2021-12-18 03:22:11'),(1418,0,'en','core/table/general','filters','Filters','2021-12-18 03:21:34','2021-12-18 03:22:11'),(1419,0,'en','core/table/general','bulk_change','Bulk changes','2021-12-18 03:21:34','2021-12-18 03:22:11'),(1420,0,'en','core/table/general','select_option','Select option','2021-12-18 03:21:34','2021-12-18 03:22:11'),(1421,0,'en','core/table/general','bulk_actions','Bulk Actions','2021-12-18 03:21:34','2021-12-18 03:22:11'),(1422,0,'en','core/table/general','save_bulk_change_success','Update data for selected record(s) successfully!','2021-12-18 03:21:34','2021-12-18 03:22:11'),(1423,0,'en','core/table/general','please_select_record','Please select at least one record to perform this action!','2021-12-18 03:21:34','2021-12-18 03:22:11'),(1424,0,'en','core/table/general','filtered','(filtered from _MAX_ total records)','2021-12-18 03:21:34','2021-12-18 03:22:11'),(1425,0,'en','core/table/general','search','Search...','2021-12-18 03:21:34','2021-12-18 03:22:11'),(1426,0,'en','core/table/table','operations','Operations','2021-12-18 03:21:34','2021-12-18 03:22:11'),(1427,0,'en','core/table/table','loading_data','Loading data from server','2021-12-18 03:21:34','2021-12-18 03:22:11'),(1428,0,'en','core/table/table','display','Display','2021-12-18 03:21:34','2021-12-18 03:22:11'),(1429,0,'en','core/table/table','all','All','2021-12-18 03:21:34','2021-12-18 03:22:11'),(1430,0,'en','core/table/table','edit_entry','Edit','2021-12-18 03:21:34','2021-12-18 03:22:11'),(1431,0,'en','core/table/table','delete_entry','Delete','2021-12-18 03:21:34','2021-12-18 03:22:11'),(1432,0,'en','core/table/table','show_from','Showing from','2021-12-18 03:21:34','2021-12-18 03:22:11'),(1433,0,'en','core/table/table','to','to','2021-12-18 03:21:34','2021-12-18 03:22:11'),(1434,0,'en','core/table/table','in','in','2021-12-18 03:21:34','2021-12-18 03:22:11'),(1435,0,'en','core/table/table','records','records','2021-12-18 03:21:34','2021-12-18 03:22:11'),(1436,0,'en','core/table/table','no_data','No data to display','2021-12-18 03:21:34','2021-12-18 03:22:11'),(1437,0,'en','core/table/table','no_record','No record','2021-12-18 03:21:34','2021-12-18 03:22:11'),(1438,0,'en','core/table/table','loading','Loading data from server','2021-12-18 03:21:34','2021-12-18 03:22:11'),(1439,0,'en','core/table/table','confirm_delete','Confirm delete','2021-12-18 03:21:34','2021-12-18 03:22:11'),(1440,0,'en','core/table/table','confirm_delete_msg','Do you really want to delete this record?','2021-12-18 03:21:34','2021-12-18 03:22:11'),(1441,0,'en','core/table/table','cancel','Cancel','2021-12-18 03:21:34','2021-12-18 03:22:11'),(1442,0,'en','core/table/table','delete','Delete','2021-12-18 03:21:34','2021-12-18 03:22:11'),(1443,0,'en','core/table/table','close','Close','2021-12-18 03:21:34','2021-12-18 03:22:11'),(1444,0,'en','core/table/table','contains','Contains','2021-12-18 03:21:34','2021-12-18 03:22:11'),(1445,0,'en','core/table/table','is_equal_to','Is equal to','2021-12-18 03:21:34','2021-12-18 03:22:11'),(1446,0,'en','core/table/table','greater_than','Greater than','2021-12-18 03:21:34','2021-12-18 03:22:11'),(1447,0,'en','core/table/table','less_than','Less than','2021-12-18 03:21:34','2021-12-18 03:22:11'),(1448,0,'en','core/table/table','value','Value','2021-12-18 03:21:34','2021-12-18 03:22:11'),(1449,0,'en','core/table/table','select_field','Select field','2021-12-18 03:21:34','2021-12-18 03:22:11'),(1450,0,'en','core/table/table','reset','Reset','2021-12-18 03:21:34','2021-12-18 03:22:11'),(1451,0,'en','core/table/table','add_additional_filter','Add additional filter','2021-12-18 03:21:34','2021-12-18 03:22:11'),(1452,0,'en','core/table/table','apply','Apply','2021-12-18 03:21:34','2021-12-18 03:22:11'),(1453,0,'en','core/table/table','filters','Filters','2021-12-18 03:21:34','2021-12-18 03:22:11'),(1454,0,'en','core/table/table','bulk_change','Bulk changes','2021-12-18 03:21:34','2021-12-18 03:22:11'),(1455,0,'en','core/table/table','select_option','Select option','2021-12-18 03:21:34','2021-12-18 03:22:11'),(1456,0,'en','core/table/table','bulk_actions','Bulk Actions','2021-12-18 03:21:34','2021-12-18 03:22:11'),(1457,0,'en','core/table/table','save_bulk_change_success','Update data for selected record(s) successfully!','2021-12-18 03:21:34','2021-12-18 03:22:11'),(1458,0,'en','core/table/table','please_select_record','Please select at least one record to perform this action!','2021-12-18 03:21:34','2021-12-18 03:22:11'),(1459,0,'en','core/table/table','filtered','(filtered from _MAX_ total records)','2021-12-18 03:21:34','2021-12-18 03:22:11'),(1460,0,'en','core/table/table','search','Search...','2021-12-18 03:21:34','2021-12-18 03:22:11'),(1461,0,'vi','core/table/general','operations','Hành động','2021-12-18 03:21:34','2021-12-18 03:22:11'),(1462,0,'vi','core/table/general','loading_data','Đang tải dữ liệu từ hệ thống','2021-12-18 03:21:34','2021-12-18 03:22:11'),(1463,0,'vi','core/table/general','display','Hiển thị','2021-12-18 03:21:34','2021-12-18 03:22:11'),(1464,0,'vi','core/table/general','all','Tất cả','2021-12-18 03:21:34','2021-12-18 03:22:11'),(1465,0,'vi','core/table/general','edit_entry','Sửa','2021-12-18 03:21:34','2021-12-18 03:22:11'),(1466,0,'vi','core/table/general','delete_entry','Xoá','2021-12-18 03:21:34','2021-12-18 03:22:11'),(1467,0,'vi','core/table/general','show_from','Hiển thị từ','2021-12-18 03:21:34','2021-12-18 03:22:11'),(1468,0,'vi','core/table/general','to','đến','2021-12-18 03:21:34','2021-12-18 03:22:11'),(1469,0,'vi','core/table/general','in','trong tổng số','2021-12-18 03:21:34','2021-12-18 03:22:11'),(1470,0,'vi','core/table/general','records','bản ghi','2021-12-18 03:21:34','2021-12-18 03:22:11'),(1471,0,'vi','core/table/general','no_data','Không có dữ liệu để hiển thị','2021-12-18 03:21:34','2021-12-18 03:22:11'),(1472,0,'vi','core/table/general','no_record','không có bản ghi nào','2021-12-18 03:21:34','2021-12-18 03:22:11'),(1473,0,'vi','core/table/general','loading','Đang tải dữ liệu từ hệ thống','2021-12-18 03:21:34','2021-12-18 03:22:11'),(1474,0,'vi','core/table/general','confirm_delete','Xác nhận xoá','2021-12-18 03:21:34','2021-12-18 03:22:11'),(1475,0,'vi','core/table/general','confirm_delete_msg','Bạn có chắc chắn muốn xoá bản ghi này?','2021-12-18 03:21:34','2021-12-18 03:22:11'),(1476,0,'vi','core/table/general','cancel','Huỷ bỏ','2021-12-18 03:21:34','2021-12-18 03:22:11'),(1477,0,'vi','core/table/general','delete','Xoá','2021-12-18 03:21:34','2021-12-18 03:22:11'),(1478,0,'vi','core/table/general','close','Đóng','2021-12-18 03:21:34','2021-12-18 03:22:11'),(1479,0,'vi','core/table/general','is_equal_to','Bằng với','2021-12-18 03:21:34','2021-12-18 03:22:11'),(1480,0,'vi','core/table/general','greater_than','Lớn hơn','2021-12-18 03:21:34','2021-12-18 03:22:11'),(1481,0,'vi','core/table/general','less_than','Nhỏ hơn','2021-12-18 03:21:34','2021-12-18 03:22:11'),(1482,0,'vi','core/table/general','value','Giá trị','2021-12-18 03:21:34','2021-12-18 03:22:11'),(1483,0,'vi','core/table/general','select_field','Chọn trường','2021-12-18 03:21:34','2021-12-18 03:22:11'),(1484,0,'vi','core/table/general','reset','Làm mới','2021-12-18 03:21:34','2021-12-18 03:22:11'),(1485,0,'vi','core/table/general','add_additional_filter','Thêm bộ lọc','2021-12-18 03:21:34','2021-12-18 03:22:11'),(1486,0,'vi','core/table/general','apply','Áp dụng','2021-12-18 03:21:34','2021-12-18 03:22:11'),(1487,0,'vi','core/table/general','select_option','Lựa chọn','2021-12-18 03:21:34','2021-12-18 03:22:11'),(1488,0,'vi','core/table/general','filters','Lọc dữ liệu','2021-12-18 03:21:34','2021-12-18 03:22:11'),(1489,0,'vi','core/table/general','bulk_change','Thay đổi hàng loạt','2021-12-18 03:21:34','2021-12-18 03:22:11'),(1490,0,'vi','core/table/general','bulk_actions','Hành động','2021-12-18 03:21:34','2021-12-18 03:22:11'),(1491,0,'vi','core/table/general','contains','Bao gồm','2021-12-18 03:21:34','2021-12-18 03:22:11'),(1492,0,'vi','core/table/general','filtered','(đã được lọc từ _MAX_ bản ghi)','2021-12-18 03:21:34','2021-12-18 03:22:11'),(1493,0,'en','packages/menu/menu','name','Menus','2021-12-18 03:21:34','2021-12-18 03:22:11'),(1494,0,'en','packages/menu/menu','key_name','Menu name (key: :key)','2021-12-18 03:21:34','2021-12-18 03:22:11'),(1495,0,'en','packages/menu/menu','basic_info','Basic information','2021-12-18 03:21:34','2021-12-18 03:22:11'),(1496,0,'en','packages/menu/menu','add_to_menu','Add to menu','2021-12-18 03:21:34','2021-12-18 03:22:11'),(1497,0,'en','packages/menu/menu','custom_link','Custom link','2021-12-18 03:21:34','2021-12-18 03:22:11'),(1498,0,'en','packages/menu/menu','add_link','Add link','2021-12-18 03:21:34','2021-12-18 03:22:11'),(1499,0,'en','packages/menu/menu','structure','Menu structure','2021-12-18 03:21:34','2021-12-18 03:22:11'),(1500,0,'en','packages/menu/menu','remove','Remove','2021-12-18 03:21:34','2021-12-18 03:22:11'),(1501,0,'en','packages/menu/menu','cancel','Cancel','2021-12-18 03:21:34','2021-12-18 03:22:11'),(1502,0,'en','packages/menu/menu','title','Title','2021-12-18 03:21:34','2021-12-18 03:22:11'),(1503,0,'en','packages/menu/menu','icon','Icon','2021-12-18 03:21:34','2021-12-18 03:22:11'),(1504,0,'en','packages/menu/menu','url','URL','2021-12-18 03:21:34','2021-12-18 03:22:11'),(1505,0,'en','packages/menu/menu','target','Target','2021-12-18 03:21:34','2021-12-18 03:22:11'),(1506,0,'en','packages/menu/menu','css_class','CSS class','2021-12-18 03:21:34','2021-12-18 03:22:11'),(1507,0,'en','packages/menu/menu','self_open_link','Open link directly','2021-12-18 03:21:34','2021-12-18 03:22:11'),(1508,0,'en','packages/menu/menu','blank_open_link','Open link in new tab','2021-12-18 03:21:34','2021-12-18 03:22:11'),(1509,0,'en','packages/menu/menu','create','Create menu','2021-12-18 03:21:34','2021-12-18 03:22:11'),(1510,0,'en','packages/menu/menu','edit','Edit menu','2021-12-18 03:21:34','2021-12-18 03:22:11'),(1511,0,'en','packages/menu/menu','menu_settings','Menu settings','2021-12-18 03:21:34','2021-12-18 03:22:11'),(1512,0,'en','packages/menu/menu','display_location','Display location','2021-12-18 03:21:34','2021-12-18 03:22:11'),(1513,0,'vi','packages/menu/menu','name','Menu','2021-12-18 03:21:34','2021-12-18 03:22:11'),(1514,0,'vi','packages/menu/menu','cancel','Hủy bỏ','2021-12-18 03:21:34','2021-12-18 03:22:11'),(1515,0,'vi','packages/menu/menu','add_link','Thêm liên kết','2021-12-18 03:21:34','2021-12-18 03:22:11'),(1516,0,'vi','packages/menu/menu','add_to_menu','Thêm vào trình đơn','2021-12-18 03:21:34','2021-12-18 03:22:11'),(1517,0,'vi','packages/menu/menu','basic_info','Thông tin cơ bản','2021-12-18 03:21:34','2021-12-18 03:22:11'),(1518,0,'vi','packages/menu/menu','blank_open_link','Mở liên kết trong tab mới','2021-12-18 03:21:34','2021-12-18 03:22:11'),(1519,0,'vi','packages/menu/menu','css_class','CSS class','2021-12-18 03:21:34','2021-12-18 03:22:11'),(1520,0,'vi','packages/menu/menu','custom_link','Liên kết tùy chọn','2021-12-18 03:21:34','2021-12-18 03:22:11'),(1521,0,'vi','packages/menu/menu','icon','Biểu tượng','2021-12-18 03:21:34','2021-12-18 03:22:11'),(1522,0,'vi','packages/menu/menu','key_name','Tên menu (key::key)','2021-12-18 03:21:34','2021-12-18 03:22:11'),(1523,0,'vi','packages/menu/menu','remove','Xóa','2021-12-18 03:21:34','2021-12-18 03:22:11'),(1524,0,'vi','packages/menu/menu','self_open_link','Mở liên kết trong tab hiện tại','2021-12-18 03:21:34','2021-12-18 03:22:11'),(1525,0,'vi','packages/menu/menu','structure','Cấu trúc trình đơn','2021-12-18 03:21:34','2021-12-18 03:22:11'),(1526,0,'vi','packages/menu/menu','target','Target','2021-12-18 03:21:34','2021-12-18 03:22:11'),(1527,0,'vi','packages/menu/menu','title','Tiêu đề','2021-12-18 03:21:34','2021-12-18 03:22:11'),(1528,0,'vi','packages/menu/menu','url','URL','2021-12-18 03:21:34','2021-12-18 03:22:11'),(1529,0,'vi','packages/menu/menu','create','Tạo trình đơn','2021-12-18 03:21:34','2021-12-18 03:22:11'),(1530,0,'vi','packages/menu/menu','edit','Sửa trình đơn','2021-12-18 03:21:34','2021-12-18 03:22:11'),(1531,0,'en','packages/page/pages','create','Create new page','2021-12-18 03:21:34','2021-12-18 03:22:11'),(1532,0,'en','packages/page/pages','edit','Edit page','2021-12-18 03:21:34','2021-12-18 03:22:11'),(1533,0,'en','packages/page/pages','form.name','Name','2021-12-18 03:21:34','2021-12-18 03:22:11'),(1534,0,'en','packages/page/pages','form.name_placeholder','Page\'s name (Maximum 120 characters)','2021-12-18 03:21:34','2021-12-18 03:22:11'),(1535,0,'en','packages/page/pages','form.content','Content','2021-12-18 03:21:34','2021-12-18 03:22:11'),(1536,0,'en','packages/page/pages','form.note','Note content','2021-12-18 03:21:34','2021-12-18 03:22:11'),(1537,0,'en','packages/page/pages','notices.no_select','Please select at least one record to take this action!','2021-12-18 03:21:34','2021-12-18 03:22:11'),(1538,0,'en','packages/page/pages','notices.update_success_message','Update successfully','2021-12-18 03:21:34','2021-12-18 03:22:11'),(1539,0,'en','packages/page/pages','cannot_delete','Page could not be deleted','2021-12-18 03:21:34','2021-12-18 03:22:11'),(1540,0,'en','packages/page/pages','deleted','Page deleted','2021-12-18 03:21:34','2021-12-18 03:22:11'),(1541,0,'en','packages/page/pages','pages','Pages','2021-12-18 03:21:34','2021-12-18 03:22:11'),(1542,0,'en','packages/page/pages','menu','Pages','2021-12-18 03:21:34','2021-12-18 03:22:11'),(1543,0,'en','packages/page/pages','menu_name','Pages','2021-12-18 03:21:34','2021-12-18 03:22:11'),(1544,0,'en','packages/page/pages','edit_this_page','Edit this page','2021-12-18 03:21:34','2021-12-18 03:22:11'),(1545,0,'en','packages/page/pages','total_pages','Total pages','2021-12-18 03:21:34','2021-12-18 03:22:11'),(1546,0,'en','packages/page/pages','settings.show_on_front','Your homepage displays','2021-12-18 03:21:34','2021-12-18 03:22:11'),(1547,0,'en','packages/page/pages','settings.select','— Select —','2021-12-18 03:21:34','2021-12-18 03:22:11'),(1548,0,'en','packages/page/pages','front_page','Front Page','2021-12-18 03:21:34','2021-12-18 03:22:11'),(1549,0,'vi','packages/page/pages','create','Thêm trang','2021-12-18 03:21:34','2021-12-18 03:22:11'),(1550,0,'vi','packages/page/pages','edit','Sửa trang','2021-12-18 03:21:34','2021-12-18 03:22:11'),(1551,0,'vi','packages/page/pages','form.name','Tiêu đề trang','2021-12-18 03:21:34','2021-12-18 03:22:11'),(1552,0,'vi','packages/page/pages','form.note','Nội dung ghi chú','2021-12-18 03:21:34','2021-12-18 03:22:11'),(1553,0,'vi','packages/page/pages','form.name_placeholder','Tên trang (tối đa 120 kí tự)','2021-12-18 03:21:34','2021-12-18 03:22:11'),(1554,0,'vi','packages/page/pages','form.content','Nội dung','2021-12-18 03:21:34','2021-12-18 03:22:11'),(1555,0,'vi','packages/page/pages','notices.no_select','Chọn ít nhất 1 trang để thực hiện hành động này!','2021-12-18 03:21:34','2021-12-18 03:22:11'),(1556,0,'vi','packages/page/pages','notices.update_success_message','Cập nhật thành công','2021-12-18 03:21:34','2021-12-18 03:22:11'),(1557,0,'vi','packages/page/pages','deleted','Xóa trang thành công','2021-12-18 03:21:34','2021-12-18 03:22:11'),(1558,0,'vi','packages/page/pages','cannot_delete','Không thể xóa trang','2021-12-18 03:21:34','2021-12-18 03:22:11'),(1559,0,'vi','packages/page/pages','menu','Trang','2021-12-18 03:21:34','2021-12-18 03:22:11'),(1560,0,'vi','packages/page/pages','menu_name','Trang','2021-12-18 03:21:34','2021-12-18 03:22:11'),(1561,0,'vi','packages/page/pages','edit_this_page','Sửa trang này','2021-12-18 03:21:34','2021-12-18 03:22:11'),(1562,0,'vi','packages/page/pages','pages','Trang','2021-12-18 03:21:34','2021-12-18 03:22:11'),(1563,0,'en','packages/plugin-management/plugin','enabled','Enabled','2021-12-18 03:21:34','2021-12-18 03:22:11'),(1564,0,'en','packages/plugin-management/plugin','deactivated','Deactivated','2021-12-18 03:21:34','2021-12-18 03:22:11'),(1565,0,'en','packages/plugin-management/plugin','activated','Activated','2021-12-18 03:21:34','2021-12-18 03:22:11'),(1566,0,'en','packages/plugin-management/plugin','activate','Activate','2021-12-18 03:21:34','2021-12-18 03:22:11'),(1567,0,'en','packages/plugin-management/plugin','deactivate','Deactivate','2021-12-18 03:21:34','2021-12-18 03:22:11'),(1568,0,'en','packages/plugin-management/plugin','author','By','2021-12-18 03:21:34','2021-12-18 03:22:11'),(1569,0,'en','packages/plugin-management/plugin','update_plugin_status_success','Update plugin successfully','2021-12-18 03:21:34','2021-12-18 03:22:11'),(1570,0,'en','packages/plugin-management/plugin','plugins','Plugins','2021-12-18 03:21:34','2021-12-18 03:22:11'),(1571,0,'en','packages/plugin-management/plugin','missing_required_plugins','Please activate plugin(s): :plugins before activate this plugin!','2021-12-18 03:21:34','2021-12-18 03:22:11'),(1572,0,'en','packages/plugin-management/plugin','remove','Remove','2021-12-18 03:21:34','2021-12-18 03:22:11'),(1573,0,'en','packages/plugin-management/plugin','remove_plugin_success','Remove plugin successfully!','2021-12-18 03:21:34','2021-12-18 03:22:11'),(1574,0,'en','packages/plugin-management/plugin','remove_plugin','Remove plugin','2021-12-18 03:21:34','2021-12-18 03:22:11'),(1575,0,'en','packages/plugin-management/plugin','remove_plugin_confirm_message','Do you really want to remove this plugin?','2021-12-18 03:21:34','2021-12-18 03:22:11'),(1576,0,'en','packages/plugin-management/plugin','remove_plugin_confirm_yes','Yes, remove it!','2021-12-18 03:21:34','2021-12-18 03:22:11'),(1577,0,'en','packages/plugin-management/plugin','total_plugins','Total plugins','2021-12-18 03:21:35','2021-12-18 03:22:11'),(1578,0,'en','packages/plugin-management/plugin','invalid_plugin','This plugin is not a valid plugin, please check it again!','2021-12-18 03:21:35','2021-12-18 03:22:11'),(1579,0,'en','packages/plugin-management/plugin','version','Version','2021-12-18 03:21:35','2021-12-18 03:22:11'),(1580,0,'en','packages/plugin-management/plugin','invalid_json','Invalid plugin.json!','2021-12-18 03:21:35','2021-12-18 03:22:11'),(1581,0,'en','packages/plugin-management/plugin','activate_success','Activate plugin successfully!','2021-12-18 03:21:35','2021-12-18 03:22:11'),(1582,0,'en','packages/plugin-management/plugin','activated_already','This plugin is activated already!','2021-12-18 03:21:35','2021-12-18 03:22:11'),(1583,0,'en','packages/plugin-management/plugin','plugin_not_exist','This plugin is not exists.','2021-12-18 03:21:35','2021-12-18 03:22:11'),(1584,0,'en','packages/plugin-management/plugin','missing_json_file','Missing file plugin.json!','2021-12-18 03:21:35','2021-12-18 03:22:11'),(1585,0,'en','packages/plugin-management/plugin','plugin_invalid','Plugin is valid!','2021-12-18 03:21:35','2021-12-18 03:22:11'),(1586,0,'en','packages/plugin-management/plugin','published_assets_success','Publish assets for plugin :name successfully!','2021-12-18 03:21:35','2021-12-18 03:22:11'),(1587,0,'en','packages/plugin-management/plugin','plugin_removed','Plugin has been removed!','2021-12-18 03:21:35','2021-12-18 03:22:11'),(1588,0,'en','packages/plugin-management/plugin','deactivated_success','Deactivate plugin successfully!','2021-12-18 03:21:35','2021-12-18 03:22:11'),(1589,0,'en','packages/plugin-management/plugin','deactivated_already','This plugin is deactivated already!','2021-12-18 03:21:35','2021-12-18 03:22:11'),(1590,0,'en','packages/plugin-management/plugin','folder_is_not_writeable','Cannot write files! Folder :name is not writable. Please chmod to make it writable!','2021-12-18 03:21:35','2021-12-18 03:22:11'),(1591,0,'en','packages/plugin-management/plugin','plugin_is_not_ready','Plugin :name is not ready to use','2021-12-18 03:21:35','2021-12-18 03:22:11'),(1592,0,'vi','packages/plugin-management/plugin','activate','Kích hoạt','2021-12-18 03:21:35','2021-12-18 03:22:11'),(1593,0,'vi','packages/plugin-management/plugin','author','Tác giả','2021-12-18 03:21:35','2021-12-18 03:22:11'),(1594,0,'vi','packages/plugin-management/plugin','version','Phiên bản','2021-12-18 03:21:35','2021-12-18 03:22:11'),(1595,0,'vi','packages/plugin-management/plugin','activated','Đã kích hoạt','2021-12-18 03:21:35','2021-12-18 03:22:11'),(1596,0,'vi','packages/plugin-management/plugin','deactivate','Hủy kích hoạt','2021-12-18 03:21:35','2021-12-18 03:22:11'),(1597,0,'vi','packages/plugin-management/plugin','deactivated','Đã vô hiệu','2021-12-18 03:21:35','2021-12-18 03:22:11'),(1598,0,'vi','packages/plugin-management/plugin','enabled','Kích hoạt','2021-12-18 03:21:35','2021-12-18 03:22:11'),(1599,0,'vi','packages/plugin-management/plugin','invalid_plugin','Gói mở rộng không hợp lệ','2021-12-18 03:21:35','2021-12-18 03:22:11'),(1600,0,'vi','packages/plugin-management/plugin','update_plugin_status_success','Cập nhật trạng thái gói mở rộng thành công','2021-12-18 03:21:35','2021-12-18 03:22:11'),(1601,0,'vi','packages/plugin-management/plugin','missing_required_plugins','Vui lòng kích hoạt các tiện ích mở rộng :plugins trước khi kích hoạt tiện ích này','2021-12-18 03:21:35','2021-12-18 03:22:11'),(1602,0,'vi','packages/plugin-management/plugin','plugins','Tiện ích mở rộng','2021-12-18 03:21:35','2021-12-18 03:22:11'),(1603,0,'en','packages/seo-helper/seo-helper','meta_box_header','Search Engine Optimize','2021-12-18 03:21:35','2021-12-18 03:22:11'),(1604,0,'en','packages/seo-helper/seo-helper','edit_seo_meta','Edit SEO meta','2021-12-18 03:21:35','2021-12-18 03:22:11'),(1605,0,'en','packages/seo-helper/seo-helper','default_description','Setup meta title & description to make your site easy to discovered on search engines such as Google','2021-12-18 03:21:35','2021-12-18 03:22:11'),(1606,0,'en','packages/seo-helper/seo-helper','seo_title','SEO Title','2021-12-18 03:21:35','2021-12-18 03:22:11'),(1607,0,'en','packages/seo-helper/seo-helper','seo_description','SEO description','2021-12-18 03:21:35','2021-12-18 03:22:11'),(1608,0,'vi','packages/seo-helper/seo-helper','meta_box_header','Tối ưu hoá bộ máy tìm kiếm (SEO)','2021-12-18 03:21:35','2021-12-18 03:22:11'),(1609,0,'vi','packages/seo-helper/seo-helper','edit_seo_meta','Chỉnh sửa SEO','2021-12-18 03:21:35','2021-12-18 03:22:11'),(1610,0,'vi','packages/seo-helper/seo-helper','default_description','Thiết lập các thẻ mô tả giúp người dùng dễ dàng tìm thấy trên công cụ tìm kiếm như Google.','2021-12-18 03:21:35','2021-12-18 03:22:11'),(1611,0,'vi','packages/seo-helper/seo-helper','seo_title','Tiêu đề trang','2021-12-18 03:21:35','2021-12-18 03:22:11'),(1612,0,'vi','packages/seo-helper/seo-helper','seo_description','Mô tả trang','2021-12-18 03:21:35','2021-12-18 03:22:11'),(1613,0,'en','packages/slug/slug','permalink_settings','Permalink','2021-12-18 03:21:35','2021-12-18 03:22:11'),(1614,0,'en','packages/slug/slug','settings.title','Permalink settings','2021-12-18 03:21:35','2021-12-18 03:22:11'),(1615,0,'en','packages/slug/slug','settings.description','Manage permalink for all modules.','2021-12-18 03:21:35','2021-12-18 03:22:11'),(1616,0,'en','packages/slug/slug','settings.preview','Preview','2021-12-18 03:21:35','2021-12-18 03:22:11'),(1617,0,'en','packages/slug/slug','settings.turn_off_automatic_url_translation_into_latin','Turn off automatic URL translation into Latin?','2021-12-18 03:21:35','2021-12-18 03:22:11'),(1618,0,'en','packages/slug/slug','preview','Preview','2021-12-18 03:21:35','2021-12-18 03:22:11'),(1619,0,'en','packages/theme/theme','name','Themes','2021-12-18 03:21:35','2021-12-18 03:22:11'),(1620,0,'en','packages/theme/theme','theme','Theme','2021-12-18 03:21:35','2021-12-18 03:22:11'),(1621,0,'en','packages/theme/theme','author','Author','2021-12-18 03:21:35','2021-12-18 03:22:11'),(1622,0,'en','packages/theme/theme','version','Version','2021-12-18 03:21:35','2021-12-18 03:22:11'),(1623,0,'en','packages/theme/theme','description','Description','2021-12-18 03:21:35','2021-12-18 03:22:11'),(1624,0,'en','packages/theme/theme','active_success','Activate theme :name successfully!','2021-12-18 03:21:35','2021-12-18 03:22:11'),(1625,0,'en','packages/theme/theme','active','Active','2021-12-18 03:21:35','2021-12-18 03:22:11'),(1626,0,'en','packages/theme/theme','activated','Activated','2021-12-18 03:21:35','2021-12-18 03:22:11'),(1627,0,'en','packages/theme/theme','appearance','Appearance','2021-12-18 03:21:35','2021-12-18 03:22:11'),(1628,0,'en','packages/theme/theme','theme_options','Theme options','2021-12-18 03:21:35','2021-12-18 03:22:11'),(1629,0,'en','packages/theme/theme','save_changes','Save Changes','2021-12-18 03:21:35','2021-12-18 03:22:11'),(1630,0,'en','packages/theme/theme','developer_mode','Developer Mode Enabled','2021-12-18 03:21:35','2021-12-18 03:22:11'),(1631,0,'en','packages/theme/theme','custom_css','Custom CSS','2021-12-18 03:21:35','2021-12-18 03:22:11'),(1632,0,'en','packages/theme/theme','custom_js','Custom JS','2021-12-18 03:21:35','2021-12-18 03:22:11'),(1633,0,'en','packages/theme/theme','custom_header_js','Header JS','2021-12-18 03:21:35','2021-12-18 03:22:11'),(1634,0,'en','packages/theme/theme','custom_header_js_placeholder','JS in header of page, wrap it inside &#x3C;script&#x3E;&#x3C;/script&#x3E;','2021-12-18 03:21:35','2021-12-18 03:22:11'),(1635,0,'en','packages/theme/theme','custom_body_js','Body JS','2021-12-18 03:21:35','2021-12-18 03:22:11'),(1636,0,'en','packages/theme/theme','custom_body_js_placeholder','JS in body of page, wrap it inside &#x3C;script&#x3E;&#x3C;/script&#x3E;','2021-12-18 03:21:35','2021-12-18 03:22:11'),(1637,0,'en','packages/theme/theme','custom_footer_js','Footer JS','2021-12-18 03:21:35','2021-12-18 03:22:11'),(1638,0,'en','packages/theme/theme','custom_footer_js_placeholder','JS in footer of page, wrap it inside &#x3C;script&#x3E;&#x3C;/script&#x3E;','2021-12-18 03:21:35','2021-12-18 03:22:11'),(1639,0,'en','packages/theme/theme','remove_theme_success','Remove theme successfully!','2021-12-18 03:21:35','2021-12-18 03:22:11'),(1640,0,'en','packages/theme/theme','theme_is_not_existed','This theme is not existed!','2021-12-18 03:21:35','2021-12-18 03:22:11'),(1641,0,'en','packages/theme/theme','remove','Remove','2021-12-18 03:21:35','2021-12-18 03:22:11'),(1642,0,'en','packages/theme/theme','remove_theme','Remove theme','2021-12-18 03:21:35','2021-12-18 03:22:11'),(1643,0,'en','packages/theme/theme','remove_theme_confirm_message','Do you really want to remove this theme?','2021-12-18 03:21:35','2021-12-18 03:22:11'),(1644,0,'en','packages/theme/theme','remove_theme_confirm_yes','Yes, remove it!','2021-12-18 03:21:35','2021-12-18 03:22:11'),(1645,0,'en','packages/theme/theme','total_themes','Total themes','2021-12-18 03:21:35','2021-12-18 03:22:11'),(1646,0,'en','packages/theme/theme','show_admin_bar','Show admin bar (When admin logged in, still show admin bar in website)?','2021-12-18 03:21:35','2021-12-18 03:22:11'),(1647,0,'en','packages/theme/theme','settings.title','Theme','2021-12-18 03:21:35','2021-12-18 03:22:11'),(1648,0,'en','packages/theme/theme','settings.description','Setting for theme','2021-12-18 03:21:35','2021-12-18 03:22:11'),(1649,0,'en','packages/theme/theme','add_new','Add new','2021-12-18 03:21:35','2021-12-18 03:22:11'),(1650,0,'en','packages/theme/theme','theme_activated_already','Theme \":name\" is activated already!','2021-12-18 03:21:35','2021-12-18 03:22:11'),(1651,0,'en','packages/theme/theme','missing_json_file','Missing file theme.json!','2021-12-18 03:21:35','2021-12-18 03:22:11'),(1652,0,'en','packages/theme/theme','theme_invalid','Theme is valid!','2021-12-18 03:21:35','2021-12-18 03:22:11'),(1653,0,'en','packages/theme/theme','published_assets_success','Publish assets for :themes successfully!','2021-12-18 03:21:35','2021-12-18 03:22:11'),(1654,0,'en','packages/theme/theme','cannot_remove_theme','Cannot remove activated theme, please activate another theme before removing \":name\"!','2021-12-18 03:21:35','2021-12-18 03:22:11'),(1655,0,'en','packages/theme/theme','theme_deleted','Theme \":name\" has been destroyed.','2021-12-18 03:21:35','2021-12-18 03:22:11'),(1656,0,'en','packages/theme/theme','removed_assets','Remove assets of a theme :name successfully!','2021-12-18 03:21:35','2021-12-18 03:22:11'),(1657,0,'en','packages/theme/theme','update_custom_css_success','Update custom CSS successfully!','2021-12-18 03:21:35','2021-12-18 03:22:11'),(1658,0,'en','packages/theme/theme','update_custom_js_success','Update custom JS successfully!','2021-12-18 03:21:35','2021-12-18 03:22:11'),(1659,0,'en','packages/theme/theme','go_to_dashboard','Go to dashboard','2021-12-18 03:21:35','2021-12-18 03:22:11'),(1660,0,'en','packages/theme/theme','custom_css_placeholder','Using Ctrl + Space to autocomplete.','2021-12-18 03:21:35','2021-12-18 03:22:11'),(1661,0,'en','packages/theme/theme','theme_option_general','General','2021-12-18 03:21:35','2021-12-18 03:22:11'),(1662,0,'en','packages/theme/theme','theme_option_general_description','General settings','2021-12-18 03:21:35','2021-12-18 03:22:11'),(1663,0,'en','packages/theme/theme','theme_option_seo_open_graph_image','SEO default Open Graph image','2021-12-18 03:21:35','2021-12-18 03:22:11'),(1664,0,'en','packages/theme/theme','theme_option_logo','Logo','2021-12-18 03:21:35','2021-12-18 03:22:11'),(1665,0,'en','packages/theme/theme','theme_option_favicon','Favicon','2021-12-18 03:21:35','2021-12-18 03:22:11'),(1666,0,'en','packages/theme/theme','folder_is_not_writeable','Cannot write files! Folder :name is not writable. Please chmod to make it writable!','2021-12-18 03:21:35','2021-12-18 03:22:11'),(1667,0,'vi','packages/theme/theme','activated','Đã kích hoạt','2021-12-18 03:21:35','2021-12-18 03:22:11'),(1668,0,'vi','packages/theme/theme','active','Kích hoạt','2021-12-18 03:21:35','2021-12-18 03:22:11'),(1669,0,'vi','packages/theme/theme','active_success','Kích hoạt giao diện thành công!','2021-12-18 03:21:35','2021-12-18 03:22:11'),(1670,0,'vi','packages/theme/theme','author','Tác giả','2021-12-18 03:21:35','2021-12-18 03:22:11'),(1671,0,'vi','packages/theme/theme','description','Mô tả','2021-12-18 03:21:35','2021-12-18 03:22:11'),(1672,0,'vi','packages/theme/theme','theme','Giao diện','2021-12-18 03:21:35','2021-12-18 03:22:11'),(1673,0,'vi','packages/theme/theme','theme_options','Tuỳ chọn giao diện','2021-12-18 03:21:35','2021-12-18 03:22:11'),(1674,0,'vi','packages/theme/theme','version','Phiên bản','2021-12-18 03:21:35','2021-12-18 03:22:11'),(1675,0,'vi','packages/theme/theme','save_changes','Lưu thay đổi','2021-12-18 03:21:35','2021-12-18 03:22:11'),(1676,0,'vi','packages/theme/theme','developer_mode','Đang kích hoạt chế độ thử nghiệm','2021-12-18 03:21:35','2021-12-18 03:22:11'),(1677,0,'vi','packages/theme/theme','custom_css','Tuỳ chỉnh CSS','2021-12-18 03:21:35','2021-12-18 03:22:11'),(1678,0,'en','packages/widget/global','name','Widgets','2021-12-18 03:21:35','2021-12-18 03:22:11'),(1679,0,'en','packages/widget/global','create','New widget','2021-12-18 03:21:35','2021-12-18 03:22:11'),(1680,0,'en','packages/widget/global','edit','Edit widget','2021-12-18 03:21:35','2021-12-18 03:22:11'),(1681,0,'en','packages/widget/global','delete','Delete','2021-12-18 03:21:35','2021-12-18 03:22:11'),(1682,0,'en','packages/widget/global','available','Available Widgets','2021-12-18 03:21:35','2021-12-18 03:22:11'),(1683,0,'en','packages/widget/global','instruction','To activate a widget drag it to a sidebar or click on it. To deactivate a widget and delete its settings, drag it back.','2021-12-18 03:21:35','2021-12-18 03:22:11'),(1684,0,'en','packages/widget/global','number_tag_display','Number tags will be display','2021-12-18 03:21:35','2021-12-18 03:22:11'),(1685,0,'en','packages/widget/global','number_post_display','Number posts will be display','2021-12-18 03:21:35','2021-12-18 03:22:11'),(1686,0,'en','packages/widget/global','select_menu','Select Menu','2021-12-18 03:21:35','2021-12-18 03:22:11'),(1687,0,'en','packages/widget/global','widget_text','Text','2021-12-18 03:21:35','2021-12-18 03:22:11'),(1688,0,'en','packages/widget/global','widget_text_description','Arbitrary text or HTML.','2021-12-18 03:21:35','2021-12-18 03:22:11'),(1689,0,'en','packages/widget/global','widget_recent_post','Recent Posts','2021-12-18 03:21:35','2021-12-18 03:22:11'),(1690,0,'en','packages/widget/global','widget_recent_post_description','Recent posts widget.','2021-12-18 03:21:35','2021-12-18 03:22:11'),(1691,0,'en','packages/widget/global','widget_custom_menu','Custom Menu','2021-12-18 03:21:35','2021-12-18 03:22:11'),(1692,0,'en','packages/widget/global','widget_custom_menu_description','Add a custom menu to your widget area.','2021-12-18 03:21:35','2021-12-18 03:22:11'),(1693,0,'en','packages/widget/global','widget_tag','Tags','2021-12-18 03:21:35','2021-12-18 03:22:11'),(1694,0,'en','packages/widget/global','widget_tag_description','Popular tags','2021-12-18 03:21:35','2021-12-18 03:22:11'),(1695,0,'en','packages/widget/global','save_success','Save widget successfully!','2021-12-18 03:21:35','2021-12-18 03:22:11'),(1696,0,'en','packages/widget/global','delete_success','Delete widget successfully!','2021-12-18 03:21:35','2021-12-18 03:22:11'),(1697,0,'en','packages/widget/widget','name','Widgets','2021-12-18 03:21:35','2021-12-18 03:22:12'),(1698,0,'en','packages/widget/widget','create','New widget','2021-12-18 03:21:35','2021-12-18 03:22:12'),(1699,0,'en','packages/widget/widget','edit','Edit widget','2021-12-18 03:21:35','2021-12-18 03:22:12'),(1700,0,'en','packages/widget/widget','delete','Delete','2021-12-18 03:21:35','2021-12-18 03:22:12'),(1701,0,'en','packages/widget/widget','available','Available Widgets','2021-12-18 03:21:35','2021-12-18 03:22:12'),(1702,0,'en','packages/widget/widget','instruction','To activate a widget drag it to a sidebar or click on it. To deactivate a widget and delete its settings, drag it back.','2021-12-18 03:21:35','2021-12-18 03:22:12'),(1703,0,'en','packages/widget/widget','number_tag_display','Number tags will be display','2021-12-18 03:21:35','2021-12-18 03:22:12'),(1704,0,'en','packages/widget/widget','number_post_display','Number posts will be display','2021-12-18 03:21:35','2021-12-18 03:22:12'),(1705,0,'en','packages/widget/widget','select_menu','Select Menu','2021-12-18 03:21:35','2021-12-18 03:22:12'),(1706,0,'en','packages/widget/widget','widget_text','Text','2021-12-18 03:21:35','2021-12-18 03:22:12'),(1707,0,'en','packages/widget/widget','widget_text_description','Arbitrary text or HTML.','2021-12-18 03:21:35','2021-12-18 03:22:12'),(1708,0,'en','packages/widget/widget','widget_recent_post','Recent Posts','2021-12-18 03:21:35','2021-12-18 03:22:12'),(1709,0,'en','packages/widget/widget','widget_recent_post_description','Recent posts widget.','2021-12-18 03:21:35','2021-12-18 03:22:12'),(1710,0,'en','packages/widget/widget','widget_custom_menu','Custom Menu','2021-12-18 03:21:35','2021-12-18 03:22:12'),(1711,0,'en','packages/widget/widget','widget_custom_menu_description','Add a custom menu to your widget area.','2021-12-18 03:21:35','2021-12-18 03:22:12'),(1712,0,'en','packages/widget/widget','widget_tag','Tags','2021-12-18 03:21:35','2021-12-18 03:22:12'),(1713,0,'en','packages/widget/widget','widget_tag_description','Popular tags','2021-12-18 03:21:35','2021-12-18 03:22:12'),(1714,0,'en','packages/widget/widget','save_success','Save widget successfully!','2021-12-18 03:21:35','2021-12-18 03:22:12'),(1715,0,'en','packages/widget/widget','delete_success','Delete widget successfully!','2021-12-18 03:21:35','2021-12-18 03:22:12'),(1716,0,'en','packages/widget/widget','primary_sidebar_name','Primary sidebar','2021-12-18 03:21:35','2021-12-18 03:22:12'),(1717,0,'en','packages/widget/widget','primary_sidebar_description','Primary sidebar section','2021-12-18 03:21:35','2021-12-18 03:22:12'),(1718,0,'vi','packages/widget/global','name','Widgets','2021-12-18 03:21:35','2021-12-18 03:22:11'),(1719,0,'vi','packages/widget/global','create','New widget','2021-12-18 03:21:35','2021-12-18 03:22:11'),(1720,0,'vi','packages/widget/global','edit','Edit widget','2021-12-18 03:21:35','2021-12-18 03:22:11'),(1721,0,'vi','packages/widget/global','available','Tiện ích có sẵn','2021-12-18 03:21:35','2021-12-18 03:22:11'),(1722,0,'vi','packages/widget/global','delete','Xóa','2021-12-18 03:21:35','2021-12-18 03:22:11'),(1723,0,'vi','packages/widget/global','instruction','Để kích hoạt tiện ích, hãy kéo nó vào sidebar hoặc nhấn vào nó. Để hủy kích hoạt tiện ích và xóa các thiết lập của tiện ích, kéo nó quay trở lại.','2021-12-18 03:21:35','2021-12-18 03:22:11'),(1724,0,'vi','packages/widget/global','number_post_display','Số bài viết sẽ hiển thị','2021-12-18 03:21:35','2021-12-18 03:22:11'),(1725,0,'vi','packages/widget/global','number_tag_display','Số thẻ sẽ hiển thị','2021-12-18 03:21:35','2021-12-18 03:22:11'),(1726,0,'vi','packages/widget/global','select_menu','Lựa chọn trình đơn','2021-12-18 03:21:35','2021-12-18 03:22:11'),(1727,0,'vi','packages/widget/global','widget_custom_menu','Menu tùy chỉnh','2021-12-18 03:21:35','2021-12-18 03:22:11'),(1728,0,'vi','packages/widget/global','widget_custom_menu_description','Thêm menu tùy chỉnh vào khu vực tiện ích của bạn','2021-12-18 03:21:35','2021-12-18 03:22:11'),(1729,0,'vi','packages/widget/global','widget_recent_post','Bài viết gần đây','2021-12-18 03:21:35','2021-12-18 03:22:11'),(1730,0,'vi','packages/widget/global','widget_recent_post_description','Tiện ích bài viết gần đây','2021-12-18 03:21:35','2021-12-18 03:22:11'),(1731,0,'vi','packages/widget/global','widget_tag','Thẻ','2021-12-18 03:21:35','2021-12-18 03:22:11'),(1732,0,'vi','packages/widget/global','widget_tag_description','Thẻ phổ biến, sử dụng nhiều','2021-12-18 03:21:35','2021-12-18 03:22:11'),(1733,0,'vi','packages/widget/global','widget_text','Văn bản','2021-12-18 03:21:35','2021-12-18 03:22:11'),(1734,0,'vi','packages/widget/global','widget_text_description','Văn bản tùy ý hoặc HTML.','2021-12-18 03:21:35','2021-12-18 03:22:11'),(1735,0,'vi','packages/widget/global','delete_success','Xoá tiện ích thành công','2021-12-18 03:21:35','2021-12-18 03:22:11'),(1736,0,'vi','packages/widget/global','save_success','Lưu tiện ích thành công!','2021-12-18 03:21:35','2021-12-18 03:22:11'),(1737,0,'en','plugins/ads/ads','name','Ads','2021-12-18 03:21:35','2021-12-18 03:22:12'),(1738,0,'en','plugins/ads/ads','create','New ads','2021-12-18 03:21:35','2021-12-18 03:22:12'),(1739,0,'en','plugins/ads/ads','edit','Edit ads','2021-12-18 03:21:35','2021-12-18 03:22:12'),(1740,0,'en','plugins/ads/ads','location','Location','2021-12-18 03:21:35','2021-12-18 03:22:12'),(1741,0,'en','plugins/ads/ads','url','URL','2021-12-18 03:21:35','2021-12-18 03:22:12'),(1742,0,'en','plugins/ads/ads','expired_at','Expired at','2021-12-18 03:21:35','2021-12-18 03:22:12'),(1743,0,'en','plugins/ads/ads','key','Key','2021-12-18 03:21:35','2021-12-18 03:22:12'),(1744,0,'en','plugins/ads/ads','shortcode','Shortcode','2021-12-18 03:21:35','2021-12-18 03:22:12'),(1745,0,'en','plugins/ads/ads','clicked','Clicked','2021-12-18 03:21:35','2021-12-18 03:22:12'),(1746,0,'en','plugins/ads/ads','not_set','Not set','2021-12-18 03:21:35','2021-12-18 03:22:12'),(1747,0,'en','plugins/analytics/analytics','sessions','Sessions','2021-12-18 03:21:35','2021-12-18 03:22:12'),(1748,0,'en','plugins/analytics/analytics','visitors','Visitors','2021-12-18 03:21:35','2021-12-18 03:22:12'),(1749,0,'en','plugins/analytics/analytics','pageviews','Pageviews','2021-12-18 03:21:35','2021-12-18 03:22:12'),(1750,0,'en','plugins/analytics/analytics','bounce_rate','Bounce Rate','2021-12-18 03:21:35','2021-12-18 03:22:12'),(1751,0,'en','plugins/analytics/analytics','page_session','Pages/Session','2021-12-18 03:21:35','2021-12-18 03:22:12'),(1752,0,'en','plugins/analytics/analytics','avg_duration','Avg. Duration','2021-12-18 03:21:35','2021-12-18 03:22:12'),(1753,0,'en','plugins/analytics/analytics','percent_new_session','Percent new session','2021-12-18 03:21:35','2021-12-18 03:22:12'),(1754,0,'en','plugins/analytics/analytics','new_users','New visitors','2021-12-18 03:21:35','2021-12-18 03:22:12'),(1755,0,'en','plugins/analytics/analytics','visits','visits','2021-12-18 03:21:35','2021-12-18 03:22:12'),(1756,0,'en','plugins/analytics/analytics','views','views','2021-12-18 03:21:35','2021-12-18 03:22:12'),(1757,0,'en','plugins/analytics/analytics','view_id_not_specified','You must provide a valid view id. The document here: <a href=\"https://docs.botble.com/cms/master/plugin-analytics\" target=\"_blank\">https://docs.botble.com/cms/master/plugin-analytics</a>','2021-12-18 03:21:35','2021-12-18 03:22:12'),(1758,0,'en','plugins/analytics/analytics','credential_is_not_valid','Analytics credentials is not valid. The document here: <a href=\"https://docs.botble.com/cms/master/plugin-analytics\" target=\"_blank\">https://docs.botble.com/cms/master/plugin-analytics</a>','2021-12-18 03:21:35','2021-12-18 03:22:12'),(1759,0,'en','plugins/analytics/analytics','start_date_can_not_before_end_date','Start date :start_date cannot be after end date :end_date','2021-12-18 03:21:35','2021-12-18 03:22:12'),(1760,0,'en','plugins/analytics/analytics','wrong_configuration','To view analytics you\'ll need to get a google analytics client id and add it to your settings. <br /> You also need JSON credential data. <br /> The document here: <a href=\"https://docs.botble.com/cms/master/plugin-analytics\" target=\"_blank\">https://docs.botble.com/cms/master/plugin-analytics</a>','2021-12-18 03:21:35','2021-12-18 03:22:12'),(1761,0,'en','plugins/analytics/analytics','settings.title','Google Analytics','2021-12-18 03:21:35','2021-12-18 03:22:12'),(1762,0,'en','plugins/analytics/analytics','settings.description','Config Credentials for Google Analytics','2021-12-18 03:21:35','2021-12-18 03:22:12'),(1763,0,'en','plugins/analytics/analytics','settings.tracking_code','Tracking ID','2021-12-18 03:21:35','2021-12-18 03:22:12'),(1764,0,'en','plugins/analytics/analytics','settings.tracking_code_placeholder','Example: GA-12586526-8','2021-12-18 03:21:35','2021-12-18 03:22:12'),(1765,0,'en','plugins/analytics/analytics','settings.view_id','View ID','2021-12-18 03:21:35','2021-12-18 03:22:12'),(1766,0,'en','plugins/analytics/analytics','settings.view_id_description','Google Analytics View ID','2021-12-18 03:21:35','2021-12-18 03:22:12'),(1767,0,'en','plugins/analytics/analytics','settings.json_credential','Service Account Credentials','2021-12-18 03:21:35','2021-12-18 03:22:12'),(1768,0,'en','plugins/analytics/analytics','settings.json_credential_description','Service Account Credentials','2021-12-18 03:21:35','2021-12-18 03:22:12'),(1769,0,'en','plugins/analytics/analytics','widget_analytics_page','Top Most Visit Pages','2021-12-18 03:21:35','2021-12-18 03:22:12'),(1770,0,'en','plugins/analytics/analytics','widget_analytics_browser','Top Browsers','2021-12-18 03:21:35','2021-12-18 03:22:12'),(1771,0,'en','plugins/analytics/analytics','widget_analytics_referrer','Top Referrers','2021-12-18 03:21:35','2021-12-18 03:22:12'),(1772,0,'en','plugins/analytics/analytics','widget_analytics_general','Site Analytics','2021-12-18 03:21:35','2021-12-18 03:22:12'),(1773,0,'vi','plugins/analytics/analytics','avg_duration','Trung bình','2021-12-18 03:21:35','2021-12-18 03:22:12'),(1774,0,'vi','plugins/analytics/analytics','bounce_rate','Tỉ lệ thoát','2021-12-18 03:21:35','2021-12-18 03:22:12'),(1775,0,'vi','plugins/analytics/analytics','page_session','Trang/Phiên','2021-12-18 03:21:35','2021-12-18 03:22:12'),(1776,0,'vi','plugins/analytics/analytics','pageviews','Lượt xem','2021-12-18 03:21:35','2021-12-18 03:22:12'),(1777,0,'vi','plugins/analytics/analytics','sessions','Phiên','2021-12-18 03:21:35','2021-12-18 03:22:12'),(1778,0,'vi','plugins/analytics/analytics','views','lượt xem','2021-12-18 03:21:35','2021-12-18 03:22:12'),(1779,0,'vi','plugins/analytics/analytics','visitors','Người truy cập','2021-12-18 03:21:35','2021-12-18 03:22:12'),(1780,0,'vi','plugins/analytics/analytics','visits','lượt ghé thăm','2021-12-18 03:21:35','2021-12-18 03:22:12'),(1781,0,'vi','plugins/analytics/analytics','credential_is_not_valid','Thông tin cài đặt không hợp lệ. Tài liệu hướng dẫn tại đây: <a href=\"http://docs.botble.com/cms/:version/analytics\" target=\"_blank\">http://docs.botble.com/cms/:version/analytics</a>','2021-12-18 03:21:35','2021-12-18 03:22:12'),(1782,0,'vi','plugins/analytics/analytics','new_users','Lượt khách mới','2021-12-18 03:21:35','2021-12-18 03:22:12'),(1783,0,'vi','plugins/analytics/analytics','percent_new_session','Tỉ lệ khách mới','2021-12-18 03:21:35','2021-12-18 03:22:12'),(1784,0,'vi','plugins/analytics/analytics','start_date_can_not_before_end_date','Ngày bắt đầu :start_date không thể sau ngày kết thúc :end_date','2021-12-18 03:21:35','2021-12-18 03:22:12'),(1785,0,'vi','plugins/analytics/analytics','view_id_not_specified','Bạn phải cung cấp View ID hợp lê. Tài liệu hướng dẫn tại đây: <a href=\"http://docs.botble.com/cms/:version/analytics\" target=\"_blank\">http://docs.botble.com/cms/:version/analytics</a>','2021-12-18 03:21:35','2021-12-18 03:22:12'),(1786,0,'vi','plugins/analytics/analytics','wrong_configuration','Để xem dữ liệu thống kê Google Analytics, bạn cần lấy thông tin Client ID và thêm nó vào trong phần cài đặt. Bạn cũng cần thông tin xác thực dạng JSON. Tài liệu hướng dẫn tại đây: <a href=\"http://docs.botble.com/cms/:version/analytics\" target=\"_blank\">http://docs.botble.com/cms/:version/analytics</a>','2021-12-18 03:21:35','2021-12-18 03:22:12'),(1787,0,'vi','plugins/analytics/analytics','settings.title','Google Analytics','2021-12-18 03:21:35','2021-12-18 03:22:12'),(1788,0,'vi','plugins/analytics/analytics','settings.description','Config Credentials for Google Analytics','2021-12-18 03:21:35','2021-12-18 03:22:12'),(1789,0,'vi','plugins/analytics/analytics','settings.tracking_code','Tracking Code','2021-12-18 03:21:35','2021-12-18 03:22:12'),(1790,0,'vi','plugins/analytics/analytics','settings.tracking_code_placeholder','Example: GA-12586526-8','2021-12-18 03:21:35','2021-12-18 03:22:12'),(1791,0,'vi','plugins/analytics/analytics','settings.view_id','View ID','2021-12-18 03:21:35','2021-12-18 03:22:12'),(1792,0,'vi','plugins/analytics/analytics','settings.view_id_description','Google Analytics View ID','2021-12-18 03:21:35','2021-12-18 03:22:12'),(1793,0,'vi','plugins/analytics/analytics','settings.json_credential','Service Account Credentials','2021-12-18 03:21:35','2021-12-18 03:22:12'),(1794,0,'vi','plugins/analytics/analytics','settings.json_credential_description','Service Account Credentials','2021-12-18 03:21:35','2021-12-18 03:22:12'),(1795,0,'vi','plugins/analytics/analytics','widget_analytics_browser','Trình duyệt truy cập nhiều','2021-12-18 03:21:35','2021-12-18 03:22:12'),(1796,0,'vi','plugins/analytics/analytics','widget_analytics_general','Thống kê truy cập','2021-12-18 03:21:35','2021-12-18 03:22:12'),(1797,0,'vi','plugins/analytics/analytics','widget_analytics_page','Trang được xem nhiều nhất','2021-12-18 03:21:35','2021-12-18 03:22:12'),(1798,0,'vi','plugins/analytics/analytics','widget_analytics_referrer','Trang giới thiệu nhiều','2021-12-18 03:21:35','2021-12-18 03:22:12'),(1799,0,'en','plugins/audit-log/history','name','Activities Logs','2021-12-18 03:21:35','2021-12-18 03:22:12'),(1800,0,'en','plugins/audit-log/history','created','created','2021-12-18 03:21:35','2021-12-18 03:22:12'),(1801,0,'en','plugins/audit-log/history','updated','updated','2021-12-18 03:21:35','2021-12-18 03:22:12'),(1802,0,'en','plugins/audit-log/history','deleted','deleted','2021-12-18 03:21:35','2021-12-18 03:22:12'),(1803,0,'en','plugins/audit-log/history','logged in','logged in','2021-12-18 03:21:35','2021-12-18 03:22:12'),(1804,0,'en','plugins/audit-log/history','logged out','logged out','2021-12-18 03:21:35','2021-12-18 03:22:12'),(1805,0,'en','plugins/audit-log/history','changed password','changed password','2021-12-18 03:21:35','2021-12-18 03:22:12'),(1806,0,'en','plugins/audit-log/history','updated profile','updated profile','2021-12-18 03:21:35','2021-12-18 03:22:12'),(1807,0,'en','plugins/audit-log/history','attached','attached','2021-12-18 03:21:35','2021-12-18 03:22:12'),(1808,0,'en','plugins/audit-log/history','shared','shared','2021-12-18 03:21:35','2021-12-18 03:22:12'),(1809,0,'en','plugins/audit-log/history','to the system','to the system','2021-12-18 03:21:35','2021-12-18 03:22:12'),(1810,0,'en','plugins/audit-log/history','of the system','of the system','2021-12-18 03:21:35','2021-12-18 03:22:12'),(1811,0,'en','plugins/audit-log/history','menu','menu','2021-12-18 03:21:35','2021-12-18 03:22:12'),(1812,0,'en','plugins/audit-log/history','post','post','2021-12-18 03:21:35','2021-12-18 03:22:12'),(1813,0,'en','plugins/audit-log/history','page','page','2021-12-18 03:21:35','2021-12-18 03:22:12'),(1814,0,'en','plugins/audit-log/history','category','category','2021-12-18 03:21:35','2021-12-18 03:22:12'),(1815,0,'en','plugins/audit-log/history','tag','tag','2021-12-18 03:21:35','2021-12-18 03:22:12'),(1816,0,'en','plugins/audit-log/history','user','user','2021-12-18 03:21:35','2021-12-18 03:22:12'),(1817,0,'en','plugins/audit-log/history','contact','contact','2021-12-18 03:21:35','2021-12-18 03:22:12'),(1818,0,'en','plugins/audit-log/history','backup','backup','2021-12-18 03:21:35','2021-12-18 03:22:12'),(1819,0,'en','plugins/audit-log/history','custom-field','custom field','2021-12-18 03:21:35','2021-12-18 03:22:12'),(1820,0,'en','plugins/audit-log/history','widget_audit_logs','Activities Logs','2021-12-18 03:21:35','2021-12-18 03:22:12'),(1821,0,'en','plugins/audit-log/history','action','Action','2021-12-18 03:21:35','2021-12-18 03:22:12'),(1822,0,'en','plugins/audit-log/history','user_agent','User Agent','2021-12-18 03:21:35','2021-12-18 03:22:12'),(1823,0,'en','plugins/audit-log/history','system','System','2021-12-18 03:21:35','2021-12-18 03:22:12'),(1824,0,'en','plugins/audit-log/history','delete_all','Delete all records','2021-12-18 03:21:35','2021-12-18 03:22:12'),(1825,0,'vi','plugins/audit-log/history','name','Lịch sử hoạt động','2021-12-18 03:21:35','2021-12-18 03:22:12'),(1826,0,'vi','plugins/audit-log/history','created',' đã tạo','2021-12-18 03:21:36','2021-12-18 03:22:12'),(1827,0,'vi','plugins/audit-log/history','updated',' đã cập nhật','2021-12-18 03:21:36','2021-12-18 03:22:12'),(1828,0,'vi','plugins/audit-log/history','deleted',' đã xóa','2021-12-18 03:21:36','2021-12-18 03:22:12'),(1829,0,'vi','plugins/audit-log/history','attached','đính kèm','2021-12-18 03:21:36','2021-12-18 03:22:12'),(1830,0,'vi','plugins/audit-log/history','backup','sao lưu','2021-12-18 03:21:36','2021-12-18 03:22:12'),(1831,0,'vi','plugins/audit-log/history','category','danh mục','2021-12-18 03:21:36','2021-12-18 03:22:12'),(1832,0,'vi','plugins/audit-log/history','changed password','thay đổi mật khẩu','2021-12-18 03:21:36','2021-12-18 03:22:12'),(1833,0,'vi','plugins/audit-log/history','contact','liên hệ','2021-12-18 03:21:36','2021-12-18 03:22:12'),(1834,0,'vi','plugins/audit-log/history','custom-field','khung mở rộng','2021-12-18 03:21:36','2021-12-18 03:22:12'),(1835,0,'vi','plugins/audit-log/history','logged in','đăng nhập','2021-12-18 03:21:36','2021-12-18 03:22:12'),(1836,0,'vi','plugins/audit-log/history','logged out','đăng xuất','2021-12-18 03:21:36','2021-12-18 03:22:12'),(1837,0,'vi','plugins/audit-log/history','menu','trình đơn','2021-12-18 03:21:36','2021-12-18 03:22:12'),(1838,0,'vi','plugins/audit-log/history','of the system','khỏi hệ thống','2021-12-18 03:21:36','2021-12-18 03:22:12'),(1839,0,'vi','plugins/audit-log/history','page','trang','2021-12-18 03:21:36','2021-12-18 03:22:12'),(1840,0,'vi','plugins/audit-log/history','post','bài viết','2021-12-18 03:21:36','2021-12-18 03:22:12'),(1841,0,'vi','plugins/audit-log/history','shared','đã chia sẻ','2021-12-18 03:21:36','2021-12-18 03:22:12'),(1842,0,'vi','plugins/audit-log/history','tag','thẻ','2021-12-18 03:21:36','2021-12-18 03:22:12'),(1843,0,'vi','plugins/audit-log/history','to the system','vào hệ thống','2021-12-18 03:21:36','2021-12-18 03:22:12'),(1844,0,'vi','plugins/audit-log/history','updated profile','cập nhật tài khoản','2021-12-18 03:21:36','2021-12-18 03:22:12'),(1845,0,'vi','plugins/audit-log/history','user','thành viên','2021-12-18 03:21:36','2021-12-18 03:22:12'),(1846,0,'vi','plugins/audit-log/history','widget_audit_logs','Lịch sử hoạt động','2021-12-18 03:21:36','2021-12-18 03:22:12'),(1847,0,'en','plugins/backup/backup','name','Backup','2021-12-18 03:21:36','2021-12-18 03:22:12'),(1848,0,'en','plugins/backup/backup','backup_description','Backup database and uploads folder.','2021-12-18 03:21:36','2021-12-18 03:22:12'),(1849,0,'en','plugins/backup/backup','create_backup_success','Created backup successfully!','2021-12-18 03:21:36','2021-12-18 03:22:12'),(1850,0,'en','plugins/backup/backup','delete_backup_success','Delete backup successfully!','2021-12-18 03:21:36','2021-12-18 03:22:12'),(1851,0,'en','plugins/backup/backup','restore_backup_success','Restore backup successfully!','2021-12-18 03:21:36','2021-12-18 03:22:12'),(1852,0,'en','plugins/backup/backup','generate_btn','Generate backup','2021-12-18 03:21:36','2021-12-18 03:22:12'),(1853,0,'en','plugins/backup/backup','create','Create a backup','2021-12-18 03:21:36','2021-12-18 03:22:12'),(1854,0,'en','plugins/backup/backup','restore','Restore a backup','2021-12-18 03:21:36','2021-12-18 03:22:12'),(1855,0,'en','plugins/backup/backup','create_btn','Create','2021-12-18 03:21:36','2021-12-18 03:22:12'),(1856,0,'en','plugins/backup/backup','restore_btn','Restore','2021-12-18 03:21:36','2021-12-18 03:22:12'),(1857,0,'en','plugins/backup/backup','restore_confirm_msg','Do you really want to restore this revision?','2021-12-18 03:21:36','2021-12-18 03:22:12'),(1858,0,'en','plugins/backup/backup','download_uploads_folder','Download backup of uploads folder','2021-12-18 03:21:36','2021-12-18 03:22:12'),(1859,0,'en','plugins/backup/backup','download_database','Download backup of database','2021-12-18 03:21:36','2021-12-18 03:22:12'),(1860,0,'en','plugins/backup/backup','restore_tooltip','Restore this backup','2021-12-18 03:21:36','2021-12-18 03:22:12'),(1861,0,'en','plugins/backup/backup','demo_alert','Hi guest, if you see demo site is destroyed, please help me <a href=\":link\">go here</a> and restore demo site to the latest revision! Thank you so much!','2021-12-18 03:21:36','2021-12-18 03:22:12'),(1862,0,'en','plugins/backup/backup','menu_name','Backups','2021-12-18 03:21:36','2021-12-18 03:22:12'),(1863,0,'en','plugins/backup/backup','size','Size','2021-12-18 03:21:36','2021-12-18 03:22:12'),(1864,0,'en','plugins/backup/backup','no_backups','There is no backup now!','2021-12-18 03:21:36','2021-12-18 03:22:12'),(1865,0,'en','plugins/backup/backup','proc_open_disabled_error','Function <strong>proc_open()</strong> has been disabled so the system cannot backup the database. Please contact your hosting provider to enable it.','2021-12-18 03:21:36','2021-12-18 03:22:12'),(1866,0,'en','plugins/backup/backup','database_backup_not_existed','Backup database is not existed!','2021-12-18 03:21:36','2021-12-18 03:22:12'),(1867,0,'en','plugins/backup/backup','uploads_folder_backup_not_existed','Backup uploads folder is not existed!','2021-12-18 03:21:36','2021-12-18 03:22:12'),(1868,0,'en','plugins/backup/backup','important_message1','This is a simple backup feature, it is a solution for you if your site has < 1GB data and can be used for quickly backup your site.','2021-12-18 03:21:36','2021-12-18 03:22:12'),(1869,0,'en','plugins/backup/backup','important_message2','If you have more than 1GB images/files in local storage, you should use backup feature of your hosting or VPS.','2021-12-18 03:21:36','2021-12-18 03:22:12'),(1870,0,'en','plugins/backup/backup','important_message3','To backup your database, function <strong>proc_open()</strong> or <strong>system()</strong> must be enabled. Contact your hosting provider to enable it if it is disabled.','2021-12-18 03:21:36','2021-12-18 03:22:12'),(1871,0,'en','plugins/backup/backup','important_message4','It is not a full backup, it is just back up uploaded files and your database.','2021-12-18 03:21:36','2021-12-18 03:22:12'),(1872,0,'vi','plugins/backup/backup','backup_description','Sao lưu cơ sở dữ liệu và thư mục /uploads','2021-12-18 03:21:36','2021-12-18 03:22:12'),(1873,0,'vi','plugins/backup/backup','create','Tạo bản sao lưu','2021-12-18 03:21:36','2021-12-18 03:22:12'),(1874,0,'vi','plugins/backup/backup','create_backup_success','Tạo bản sao lưu thành công!','2021-12-18 03:21:36','2021-12-18 03:22:12'),(1875,0,'vi','plugins/backup/backup','create_btn','Tạo','2021-12-18 03:21:36','2021-12-18 03:22:12'),(1876,0,'vi','plugins/backup/backup','delete_backup_success','Xóa bản sao lưu thành công!','2021-12-18 03:21:36','2021-12-18 03:22:12'),(1877,0,'vi','plugins/backup/backup','generate_btn','Tạo sao lưu','2021-12-18 03:21:36','2021-12-18 03:22:12'),(1878,0,'vi','plugins/backup/backup','name','Sao lưu','2021-12-18 03:21:36','2021-12-18 03:22:12'),(1879,0,'vi','plugins/backup/backup','restore','Khôi phục bản sao lưu','2021-12-18 03:21:36','2021-12-18 03:22:12'),(1880,0,'vi','plugins/backup/backup','restore_backup_success','Khôi phục bản sao lưu thành công','2021-12-18 03:21:36','2021-12-18 03:22:12'),(1881,0,'vi','plugins/backup/backup','restore_btn','Khôi phục','2021-12-18 03:21:36','2021-12-18 03:22:12'),(1882,0,'vi','plugins/backup/backup','restore_confirm_msg','Bạn có chắc chắn muốn khôi phục hệ thống về thời điểm tạo bản sao lưu này?','2021-12-18 03:21:36','2021-12-18 03:22:12'),(1883,0,'vi','plugins/backup/backup','restore_tooltip','Khôi phục bản sao lưu này','2021-12-18 03:21:36','2021-12-18 03:22:12'),(1884,0,'vi','plugins/backup/backup','download_database','Tải về bản sao lưu CSDL','2021-12-18 03:21:36','2021-12-18 03:22:12'),(1885,0,'vi','plugins/backup/backup','download_uploads_folder','Tải về bản sao lưu thư mục uploads','2021-12-18 03:21:36','2021-12-18 03:22:12'),(1886,0,'vi','plugins/backup/backup','menu_name','Sao lưu','2021-12-18 03:21:36','2021-12-18 03:22:12'),(1887,0,'vi','plugins/backup/backup','demo_alert','Chào khách, nếu bạn thấy trang demo bị phá hoại, hãy tới <a href=\":link\">trang sao lưu</a> và khôi phục bản sao lưu cuối cùng. Cảm ơn bạn nhiều!','2021-12-18 03:21:36','2021-12-18 03:22:12'),(1888,0,'en','plugins/blog/base','menu_name','Blog','2021-12-18 03:21:36','2021-12-18 03:22:12'),(1889,0,'en','plugins/blog/base','blog_page','Blog Page','2021-12-18 03:21:36','2021-12-18 03:22:12'),(1890,0,'en','plugins/blog/base','select','-- Select --','2021-12-18 03:21:36','2021-12-18 03:22:12'),(1891,0,'en','plugins/blog/base','blog_page_id','Blog page','2021-12-18 03:21:36','2021-12-18 03:22:12'),(1892,0,'en','plugins/blog/base','number_posts_per_page','Number posts per page','2021-12-18 03:21:36','2021-12-18 03:22:12'),(1893,0,'en','plugins/blog/base','write_some_tags','Write some tags','2021-12-18 03:21:36','2021-12-18 03:22:12'),(1894,0,'en','plugins/blog/base','short_code_name','Blog posts','2021-12-18 03:21:36','2021-12-18 03:22:12'),(1895,0,'en','plugins/blog/base','short_code_description','Add blog posts','2021-12-18 03:21:36','2021-12-18 03:22:12'),(1896,0,'en','plugins/blog/base','number_posts_per_page_in_category','Number of posts per page in a category','2021-12-18 03:21:36','2021-12-18 03:22:12'),(1897,0,'en','plugins/blog/base','number_posts_per_page_in_tag','Number of posts per page in a tag','2021-12-18 03:21:36','2021-12-18 03:22:12'),(1898,0,'en','plugins/blog/categories','create','Create new category','2021-12-18 03:21:36','2021-12-18 03:22:12'),(1899,0,'en','plugins/blog/categories','edit','Edit category','2021-12-18 03:21:36','2021-12-18 03:22:12'),(1900,0,'en','plugins/blog/categories','menu','Categories','2021-12-18 03:21:36','2021-12-18 03:22:12'),(1901,0,'en','plugins/blog/categories','edit_this_category','Edit this category','2021-12-18 03:21:36','2021-12-18 03:22:12'),(1902,0,'en','plugins/blog/categories','menu_name','Categories','2021-12-18 03:21:36','2021-12-18 03:22:12'),(1903,0,'en','plugins/blog/categories','none','None','2021-12-18 03:21:36','2021-12-18 03:22:12'),(1904,0,'en','plugins/blog/categories','total_posts','Total posts: :total','2021-12-18 03:21:36','2021-12-18 03:22:12'),(1905,0,'en','plugins/blog/member','dob','Born :date','2021-12-18 03:21:36','2021-12-18 03:22:12'),(1906,0,'en','plugins/blog/member','draft_posts','Draft Posts','2021-12-18 03:21:36','2021-12-18 03:22:12'),(1907,0,'en','plugins/blog/member','pending_posts','Pending Posts','2021-12-18 03:21:36','2021-12-18 03:22:12'),(1908,0,'en','plugins/blog/member','published_posts','Published Posts','2021-12-18 03:21:36','2021-12-18 03:22:12'),(1909,0,'en','plugins/blog/member','posts','Posts','2021-12-18 03:21:36','2021-12-18 03:22:12'),(1910,0,'en','plugins/blog/member','write_post','Write a post','2021-12-18 03:21:36','2021-12-18 03:22:12'),(1911,0,'en','plugins/blog/posts','create','Create new post','2021-12-18 03:21:36','2021-12-18 03:22:12'),(1912,0,'en','plugins/blog/posts','edit','Edit post','2021-12-18 03:21:36','2021-12-18 03:22:12'),(1913,0,'en','plugins/blog/posts','form.name','Name','2021-12-18 03:21:36','2021-12-18 03:22:12'),(1914,0,'en','plugins/blog/posts','form.name_placeholder','Post\'s name (Maximum :c characters)','2021-12-18 03:21:36','2021-12-18 03:22:12'),(1915,0,'en','plugins/blog/posts','form.description','Description','2021-12-18 03:21:36','2021-12-18 03:22:12'),(1916,0,'en','plugins/blog/posts','form.description_placeholder','Short description for post (Maximum :c characters)','2021-12-18 03:21:36','2021-12-18 03:22:12'),(1917,0,'en','plugins/blog/posts','form.categories','Categories','2021-12-18 03:21:36','2021-12-18 03:22:12'),(1918,0,'en','plugins/blog/posts','form.tags','Tags','2021-12-18 03:21:36','2021-12-18 03:22:12'),(1919,0,'en','plugins/blog/posts','form.tags_placeholder','Tags','2021-12-18 03:21:36','2021-12-18 03:22:12'),(1920,0,'en','plugins/blog/posts','form.content','Content','2021-12-18 03:21:36','2021-12-18 03:22:12'),(1921,0,'en','plugins/blog/posts','form.is_featured','Is featured?','2021-12-18 03:21:36','2021-12-18 03:22:12'),(1922,0,'en','plugins/blog/posts','form.note','Note content','2021-12-18 03:21:36','2021-12-18 03:22:12'),(1923,0,'en','plugins/blog/posts','form.format_type','Format','2021-12-18 03:21:36','2021-12-18 03:22:12'),(1924,0,'en','plugins/blog/posts','cannot_delete','Post could not be deleted','2021-12-18 03:21:36','2021-12-18 03:22:12'),(1925,0,'en','plugins/blog/posts','post_deleted','Post deleted','2021-12-18 03:21:36','2021-12-18 03:22:12'),(1926,0,'en','plugins/blog/posts','posts','Posts','2021-12-18 03:21:36','2021-12-18 03:22:12'),(1927,0,'en','plugins/blog/posts','post','Post','2021-12-18 03:21:36','2021-12-18 03:22:12'),(1928,0,'en','plugins/blog/posts','edit_this_post','Edit this post','2021-12-18 03:21:36','2021-12-18 03:22:12'),(1929,0,'en','plugins/blog/posts','no_new_post_now','There is no new post now!','2021-12-18 03:21:36','2021-12-18 03:22:12'),(1930,0,'en','plugins/blog/posts','menu_name','Posts','2021-12-18 03:21:36','2021-12-18 03:22:12'),(1931,0,'en','plugins/blog/posts','widget_posts_recent','Recent Posts','2021-12-18 03:21:36','2021-12-18 03:22:12'),(1932,0,'en','plugins/blog/posts','categories','Categories','2021-12-18 03:21:36','2021-12-18 03:22:12'),(1933,0,'en','plugins/blog/posts','category','Category','2021-12-18 03:21:36','2021-12-18 03:22:12'),(1934,0,'en','plugins/blog/posts','author','Author','2021-12-18 03:21:36','2021-12-18 03:22:12'),(1935,0,'en','plugins/blog/settings','select','-- Select --','2021-12-18 03:21:36','2021-12-18 03:22:12'),(1936,0,'en','plugins/blog/settings','blog_page_id','Blog page','2021-12-18 03:21:36','2021-12-18 03:22:12'),(1937,0,'en','plugins/blog/tags','form.name','Name','2021-12-18 03:21:36','2021-12-18 03:22:12'),(1938,0,'en','plugins/blog/tags','form.name_placeholder','Tag\'s name (Maximum 120 characters)','2021-12-18 03:21:36','2021-12-18 03:22:12'),(1939,0,'en','plugins/blog/tags','form.description','Description','2021-12-18 03:21:36','2021-12-18 03:22:12'),(1940,0,'en','plugins/blog/tags','form.description_placeholder','Short description for tag (Maximum 400 characters)','2021-12-18 03:21:36','2021-12-18 03:22:12'),(1941,0,'en','plugins/blog/tags','form.categories','Categories','2021-12-18 03:21:36','2021-12-18 03:22:12'),(1942,0,'en','plugins/blog/tags','notices.no_select','Please select at least one tag to take this action!','2021-12-18 03:21:36','2021-12-18 03:22:12'),(1943,0,'en','plugins/blog/tags','create','Create new tag','2021-12-18 03:21:36','2021-12-18 03:22:12'),(1944,0,'en','plugins/blog/tags','edit','Edit tag','2021-12-18 03:21:36','2021-12-18 03:22:12'),(1945,0,'en','plugins/blog/tags','cannot_delete','Tag could not be deleted','2021-12-18 03:21:36','2021-12-18 03:22:12'),(1946,0,'en','plugins/blog/tags','deleted','Tag deleted','2021-12-18 03:21:36','2021-12-18 03:22:12'),(1947,0,'en','plugins/blog/tags','menu','Tags','2021-12-18 03:21:36','2021-12-18 03:22:12'),(1948,0,'en','plugins/blog/tags','edit_this_tag','Edit this tag','2021-12-18 03:21:36','2021-12-18 03:22:12'),(1949,0,'en','plugins/blog/tags','menu_name','Tags','2021-12-18 03:21:36','2021-12-18 03:22:12'),(1950,0,'vi','plugins/blog/base','menu_name','Blog','2021-12-18 03:21:36','2021-12-18 03:22:12'),(1951,0,'vi','plugins/blog/categories','create','Thêm danh mục mới','2021-12-18 03:21:36','2021-12-18 03:22:12'),(1952,0,'vi','plugins/blog/categories','edit','Sửa danh mục','2021-12-18 03:21:36','2021-12-18 03:22:12'),(1953,0,'vi','plugins/blog/categories','menu_name','Danh mục','2021-12-18 03:21:36','2021-12-18 03:22:12'),(1954,0,'vi','plugins/blog/categories','edit_this_category','Sửa danh mục này','2021-12-18 03:21:36','2021-12-18 03:22:12'),(1955,0,'vi','plugins/blog/categories','menu','Danh mục','2021-12-18 03:21:36','2021-12-18 03:22:12'),(1956,0,'vi','plugins/blog/posts','create','Thêm bài viết','2021-12-18 03:21:36','2021-12-18 03:22:12'),(1957,0,'vi','plugins/blog/posts','edit','Sửa bài viết','2021-12-18 03:21:36','2021-12-18 03:22:12'),(1958,0,'vi','plugins/blog/posts','form.name','Tên','2021-12-18 03:21:36','2021-12-18 03:22:12'),(1959,0,'vi','plugins/blog/posts','form.name_placeholder','Tên bài viết (Tối đa 120 kí tự)','2021-12-18 03:21:36','2021-12-18 03:22:12'),(1960,0,'vi','plugins/blog/posts','form.description','Mô tả','2021-12-18 03:21:36','2021-12-18 03:22:12'),(1961,0,'vi','plugins/blog/posts','form.description_placeholder','Mô tả ngắn cho bài viết (Tối đa 400 kí tự)','2021-12-18 03:21:36','2021-12-18 03:22:12'),(1962,0,'vi','plugins/blog/posts','form.categories','Chuyên mục','2021-12-18 03:21:36','2021-12-18 03:22:12'),(1963,0,'vi','plugins/blog/posts','form.tags','Từ khóa','2021-12-18 03:21:36','2021-12-18 03:22:12'),(1964,0,'vi','plugins/blog/posts','form.tags_placeholder','Thêm từ khóa','2021-12-18 03:21:36','2021-12-18 03:22:12'),(1965,0,'vi','plugins/blog/posts','form.content','Nội dung','2021-12-18 03:21:36','2021-12-18 03:22:12'),(1966,0,'vi','plugins/blog/posts','form.note','Nội dung ghi chú','2021-12-18 03:21:36','2021-12-18 03:22:12'),(1967,0,'vi','plugins/blog/posts','form.format_type','Định dạng','2021-12-18 03:21:36','2021-12-18 03:22:12'),(1968,0,'vi','plugins/blog/posts','post_deleted','Xóa bài viết thành công','2021-12-18 03:21:36','2021-12-18 03:22:12'),(1969,0,'vi','plugins/blog/posts','cannot_delete','Không thể xóa bài viết','2021-12-18 03:21:36','2021-12-18 03:22:12'),(1970,0,'vi','plugins/blog/posts','menu_name','Bài viết','2021-12-18 03:21:36','2021-12-18 03:22:12'),(1971,0,'vi','plugins/blog/posts','edit_this_post','Sửa bài viết này','2021-12-18 03:21:36','2021-12-18 03:22:12'),(1972,0,'vi','plugins/blog/posts','no_new_post_now','Hiện tại không có bài viết mới!','2021-12-18 03:21:36','2021-12-18 03:22:12'),(1973,0,'vi','plugins/blog/posts','posts','Bài viết','2021-12-18 03:21:36','2021-12-18 03:22:12'),(1974,0,'vi','plugins/blog/posts','widget_posts_recent','Bài viết gần đây','2021-12-18 03:21:36','2021-12-18 03:22:12'),(1975,0,'vi','plugins/blog/posts','author','Tác giả','2021-12-18 03:21:36','2021-12-18 03:22:12'),(1976,0,'vi','plugins/blog/tags','create','Thêm thẻ mới','2021-12-18 03:21:36','2021-12-18 03:22:12'),(1977,0,'vi','plugins/blog/tags','edit','Sửa thẻ','2021-12-18 03:21:36','2021-12-18 03:22:12'),(1978,0,'vi','plugins/blog/tags','form.name','Tên','2021-12-18 03:21:36','2021-12-18 03:22:12'),(1979,0,'vi','plugins/blog/tags','form.name_placeholder','Tên thẻ (Tối đa 120 kí tự)','2021-12-18 03:21:36','2021-12-18 03:22:12'),(1980,0,'vi','plugins/blog/tags','form.description','Mô tả','2021-12-18 03:21:36','2021-12-18 03:22:12'),(1981,0,'vi','plugins/blog/tags','form.description_placeholder','Mô tả ngắn cho tag (Tối đa 400 kí tự)','2021-12-18 03:21:36','2021-12-18 03:22:12'),(1982,0,'vi','plugins/blog/tags','form.categories','Chuyên mục','2021-12-18 03:21:36','2021-12-18 03:22:12'),(1983,0,'vi','plugins/blog/tags','notices.no_select','Chọn ít nhất 1 bài viết để thực hiện hành động này!','2021-12-18 03:21:36','2021-12-18 03:22:12'),(1984,0,'vi','plugins/blog/tags','cannot_delete','Không thể xóa thẻ','2021-12-18 03:21:36','2021-12-18 03:22:12'),(1985,0,'vi','plugins/blog/tags','deleted','Xóa thẻ thành công','2021-12-18 03:21:36','2021-12-18 03:22:12'),(1986,0,'vi','plugins/blog/tags','menu_name','Thẻ','2021-12-18 03:21:36','2021-12-18 03:22:12'),(1987,0,'vi','plugins/blog/tags','edit_this_tag','Sửa thẻ này','2021-12-18 03:21:36','2021-12-18 03:22:12'),(1988,0,'vi','plugins/blog/tags','menu','Thẻ','2021-12-18 03:21:36','2021-12-18 03:22:12'),(1989,0,'en','plugins/captcha/captcha','settings.title','Captcha','2021-12-18 03:21:36','2021-12-18 03:22:12'),(1990,0,'en','plugins/captcha/captcha','settings.description','Settings for Google Captcha','2021-12-18 03:21:36','2021-12-18 03:22:12'),(1991,0,'en','plugins/captcha/captcha','settings.captcha_site_key','Captcha Site Key','2021-12-18 03:21:36','2021-12-18 03:22:12'),(1992,0,'en','plugins/captcha/captcha','settings.captcha_secret','Captcha Secret','2021-12-18 03:21:36','2021-12-18 03:22:12'),(1993,0,'en','plugins/captcha/captcha','settings.enable_captcha','Enable Captcha?','2021-12-18 03:21:36','2021-12-18 03:22:12'),(1994,0,'en','plugins/captcha/captcha','settings.helper','Go here to get credentials https://www.google.com/recaptcha/admin#list.','2021-12-18 03:21:36','2021-12-18 03:22:12'),(1995,0,'en','plugins/captcha/captcha','settings.hide_badge','Hide recaptcha badge (for v3)','2021-12-18 03:21:36','2021-12-18 03:22:12'),(1996,0,'en','plugins/captcha/captcha','settings.type','Type','2021-12-18 03:21:36','2021-12-18 03:22:12'),(1997,0,'en','plugins/captcha/captcha','settings.v2_description','V2 (Verify requests with a challenge)','2021-12-18 03:21:36','2021-12-18 03:22:12'),(1998,0,'en','plugins/captcha/captcha','settings.v3_description','V3 (Verify requests with a score)','2021-12-18 03:21:36','2021-12-18 03:22:12'),(1999,0,'en','plugins/captcha/captcha','failed_validate','Failed to validate the captcha.','2021-12-18 03:21:36','2021-12-18 03:22:12'),(2000,0,'en','plugins/contact/contact','menu','Contact','2021-12-18 03:21:36','2021-12-18 03:22:12'),(2001,0,'en','plugins/contact/contact','edit','View contact','2021-12-18 03:21:36','2021-12-18 03:22:12'),(2002,0,'en','plugins/contact/contact','tables.phone','Phone','2021-12-18 03:21:36','2021-12-18 03:22:12'),(2003,0,'en','plugins/contact/contact','tables.email','Email','2021-12-18 03:21:36','2021-12-18 03:22:12'),(2004,0,'en','plugins/contact/contact','tables.full_name','Full Name','2021-12-18 03:21:36','2021-12-18 03:22:12'),(2005,0,'en','plugins/contact/contact','tables.time','Time','2021-12-18 03:21:36','2021-12-18 03:22:12'),(2006,0,'en','plugins/contact/contact','tables.address','Address','2021-12-18 03:21:36','2021-12-18 03:22:12'),(2007,0,'en','plugins/contact/contact','tables.subject','Subject','2021-12-18 03:21:36','2021-12-18 03:22:12'),(2008,0,'en','plugins/contact/contact','tables.content','Content','2021-12-18 03:21:36','2021-12-18 03:22:12'),(2009,0,'en','plugins/contact/contact','contact_information','Contact information','2021-12-18 03:21:36','2021-12-18 03:22:12'),(2010,0,'en','plugins/contact/contact','replies','Replies','2021-12-18 03:21:36','2021-12-18 03:22:12'),(2011,0,'en','plugins/contact/contact','email.header','Email','2021-12-18 03:21:36','2021-12-18 03:22:12'),(2012,0,'en','plugins/contact/contact','email.title','New contact from your site','2021-12-18 03:21:36','2021-12-18 03:22:12'),(2013,0,'en','plugins/contact/contact','form.name.required','Name is required','2021-12-18 03:21:36','2021-12-18 03:22:12'),(2014,0,'en','plugins/contact/contact','form.email.required','Email is required','2021-12-18 03:21:36','2021-12-18 03:22:12'),(2015,0,'en','plugins/contact/contact','form.email.email','The email address is not valid','2021-12-18 03:21:36','2021-12-18 03:22:12'),(2016,0,'en','plugins/contact/contact','form.content.required','Content is required','2021-12-18 03:21:36','2021-12-18 03:22:12'),(2017,0,'en','plugins/contact/contact','contact_sent_from','This contact information sent from','2021-12-18 03:21:36','2021-12-18 03:22:12'),(2018,0,'en','plugins/contact/contact','sender','Sender','2021-12-18 03:21:36','2021-12-18 03:22:12'),(2019,0,'en','plugins/contact/contact','sender_email','Email','2021-12-18 03:21:36','2021-12-18 03:22:12'),(2020,0,'en','plugins/contact/contact','sender_address','Address','2021-12-18 03:21:36','2021-12-18 03:22:12'),(2021,0,'en','plugins/contact/contact','sender_phone','Phone','2021-12-18 03:21:36','2021-12-18 03:22:12'),(2022,0,'en','plugins/contact/contact','message_content','Message content','2021-12-18 03:21:36','2021-12-18 03:22:12'),(2023,0,'en','plugins/contact/contact','sent_from','Email sent from','2021-12-18 03:21:36','2021-12-18 03:22:12'),(2024,0,'en','plugins/contact/contact','form_name','Name','2021-12-18 03:21:36','2021-12-18 03:22:12'),(2025,0,'en','plugins/contact/contact','form_email','Email','2021-12-18 03:21:36','2021-12-18 03:22:12'),(2026,0,'en','plugins/contact/contact','form_address','Address','2021-12-18 03:21:36','2021-12-18 03:22:12'),(2027,0,'en','plugins/contact/contact','form_subject','Subject','2021-12-18 03:21:36','2021-12-18 03:22:12'),(2028,0,'en','plugins/contact/contact','form_phone','Phone','2021-12-18 03:21:36','2021-12-18 03:22:12'),(2029,0,'en','plugins/contact/contact','form_message','Message','2021-12-18 03:21:36','2021-12-18 03:22:12'),(2030,0,'en','plugins/contact/contact','required_field','The field with (<span style=\"color: red\">*</span>) is required.','2021-12-18 03:21:36','2021-12-18 03:22:12'),(2031,0,'en','plugins/contact/contact','send_btn','Send message','2021-12-18 03:21:36','2021-12-18 03:22:12'),(2032,0,'en','plugins/contact/contact','new_msg_notice','You have <span class=\"bold\">:count</span> New Messages','2021-12-18 03:21:36','2021-12-18 03:22:12'),(2033,0,'en','plugins/contact/contact','view_all','View all','2021-12-18 03:21:36','2021-12-18 03:22:12'),(2034,0,'en','plugins/contact/contact','statuses.read','Read','2021-12-18 03:21:36','2021-12-18 03:22:12'),(2035,0,'en','plugins/contact/contact','statuses.unread','Unread','2021-12-18 03:21:36','2021-12-18 03:22:12'),(2036,0,'en','plugins/contact/contact','phone','Phone','2021-12-18 03:21:36','2021-12-18 03:22:12'),(2037,0,'en','plugins/contact/contact','address','Address','2021-12-18 03:21:36','2021-12-18 03:22:12'),(2038,0,'en','plugins/contact/contact','message','Message','2021-12-18 03:21:36','2021-12-18 03:22:12'),(2039,0,'en','plugins/contact/contact','settings.email.title','Contact','2021-12-18 03:21:36','2021-12-18 03:22:12'),(2040,0,'en','plugins/contact/contact','settings.email.description','Contact email configuration','2021-12-18 03:21:36','2021-12-18 03:22:12'),(2041,0,'en','plugins/contact/contact','settings.email.templates.notice_title','Send notice to administrator','2021-12-18 03:21:36','2021-12-18 03:22:12'),(2042,0,'en','plugins/contact/contact','settings.email.templates.notice_description','Email template to send notice to administrator when system get new contact','2021-12-18 03:21:36','2021-12-18 03:22:12'),(2043,0,'en','plugins/contact/contact','no_reply','No reply yet!','2021-12-18 03:21:36','2021-12-18 03:22:12'),(2044,0,'en','plugins/contact/contact','reply','Reply','2021-12-18 03:21:36','2021-12-18 03:22:12'),(2045,0,'en','plugins/contact/contact','send','Send','2021-12-18 03:21:36','2021-12-18 03:22:12'),(2046,0,'en','plugins/contact/contact','shortcode_name','Contact form','2021-12-18 03:21:36','2021-12-18 03:22:12'),(2047,0,'en','plugins/contact/contact','shortcode_description','Add a contact form','2021-12-18 03:21:36','2021-12-18 03:22:12'),(2048,0,'en','plugins/contact/contact','shortcode_content_description','Add shortcode [contact-form][/contact-form] to editor?','2021-12-18 03:21:36','2021-12-18 03:22:12'),(2049,0,'en','plugins/contact/contact','message_sent_success','Message sent successfully!','2021-12-18 03:21:36','2021-12-18 03:22:12'),(2050,0,'vi','plugins/contact/contact','menu','Liên hệ','2021-12-18 03:21:36','2021-12-18 03:22:12'),(2051,0,'vi','plugins/contact/contact','edit','Xem liên hệ','2021-12-18 03:21:36','2021-12-18 03:22:12'),(2052,0,'vi','plugins/contact/contact','tables.phone','Điện thoại','2021-12-18 03:21:36','2021-12-18 03:22:12'),(2053,0,'vi','plugins/contact/contact','tables.email','Email','2021-12-18 03:21:36','2021-12-18 03:22:12'),(2054,0,'vi','plugins/contact/contact','tables.full_name','Họ tên','2021-12-18 03:21:36','2021-12-18 03:22:12'),(2055,0,'vi','plugins/contact/contact','tables.time','Thời gian','2021-12-18 03:21:36','2021-12-18 03:22:12'),(2056,0,'vi','plugins/contact/contact','tables.address','Địa địa chỉ','2021-12-18 03:21:36','2021-12-18 03:22:12'),(2057,0,'vi','plugins/contact/contact','tables.subject','Tiêu đề','2021-12-18 03:21:36','2021-12-18 03:22:12'),(2058,0,'vi','plugins/contact/contact','tables.content','Nội dung','2021-12-18 03:21:36','2021-12-18 03:22:12'),(2059,0,'vi','plugins/contact/contact','contact_information','Thông tin liên hệ','2021-12-18 03:21:36','2021-12-18 03:22:12'),(2060,0,'vi','plugins/contact/contact','email.title','Thông tin liên hệ mới','2021-12-18 03:21:37','2021-12-18 03:22:12'),(2061,0,'vi','plugins/contact/contact','email.header','Email','2021-12-18 03:21:37','2021-12-18 03:22:12'),(2062,0,'vi','plugins/contact/contact','contact_sent_from','Liên hệ này được gửi từ','2021-12-18 03:21:37','2021-12-18 03:22:12'),(2063,0,'vi','plugins/contact/contact','form_address','Địa chỉ','2021-12-18 03:21:37','2021-12-18 03:22:12'),(2064,0,'vi','plugins/contact/contact','form_email','Thư điện tử','2021-12-18 03:21:37','2021-12-18 03:22:12'),(2065,0,'vi','plugins/contact/contact','form_message','Thông điệp','2021-12-18 03:21:37','2021-12-18 03:22:12'),(2066,0,'vi','plugins/contact/contact','form_name','Họ tên','2021-12-18 03:21:37','2021-12-18 03:22:12'),(2067,0,'vi','plugins/contact/contact','form_phone','Số điện thoại','2021-12-18 03:21:37','2021-12-18 03:22:12'),(2068,0,'vi','plugins/contact/contact','message_content','Nội dung thông điệp','2021-12-18 03:21:37','2021-12-18 03:22:12'),(2069,0,'vi','plugins/contact/contact','required_field','Những trường có dấu (<span style=\"color: red\">*</span>) là bắt buộc.','2021-12-18 03:21:37','2021-12-18 03:22:12'),(2070,0,'vi','plugins/contact/contact','send_btn','Gửi tin nhắn','2021-12-18 03:21:37','2021-12-18 03:22:12'),(2071,0,'vi','plugins/contact/contact','sender','Người gửi','2021-12-18 03:21:37','2021-12-18 03:22:12'),(2072,0,'vi','plugins/contact/contact','sender_address','Địa chỉ','2021-12-18 03:21:37','2021-12-18 03:22:12'),(2073,0,'vi','plugins/contact/contact','sender_email','Thư điện tử','2021-12-18 03:21:37','2021-12-18 03:22:12'),(2074,0,'vi','plugins/contact/contact','sender_phone','Số điện thoại','2021-12-18 03:21:37','2021-12-18 03:22:12'),(2075,0,'vi','plugins/contact/contact','sent_from','Thư được gửi từ','2021-12-18 03:21:37','2021-12-18 03:22:12'),(2076,0,'vi','plugins/contact/contact','address','Địa chỉ','2021-12-18 03:21:37','2021-12-18 03:22:12'),(2077,0,'vi','plugins/contact/contact','message','Liên hệ','2021-12-18 03:21:37','2021-12-18 03:22:12'),(2078,0,'vi','plugins/contact/contact','new_msg_notice','Bạn có <span class=\"bold\">:count</span> tin nhắn mới','2021-12-18 03:21:37','2021-12-18 03:22:12'),(2079,0,'vi','plugins/contact/contact','phone','Điện thoại','2021-12-18 03:21:37','2021-12-18 03:22:12'),(2080,0,'vi','plugins/contact/contact','statuses.read','Đã đọc','2021-12-18 03:21:37','2021-12-18 03:22:12'),(2081,0,'vi','plugins/contact/contact','statuses.unread','Chưa đọc','2021-12-18 03:21:37','2021-12-18 03:22:12'),(2082,0,'vi','plugins/contact/contact','view_all','Xem tất cả','2021-12-18 03:21:37','2021-12-18 03:22:12'),(2083,0,'vi','plugins/contact/contact','settings.email.title','Liên hệ','2021-12-18 03:21:37','2021-12-18 03:22:12'),(2084,0,'vi','plugins/contact/contact','settings.email.description','Cấu hình thông tin cho mục liên hệ','2021-12-18 03:21:37','2021-12-18 03:22:12'),(2085,0,'vi','plugins/contact/contact','settings.email.templates.notice_title','Thông báo tới admin','2021-12-18 03:21:37','2021-12-18 03:22:12'),(2086,0,'vi','plugins/contact/contact','settings.email.templates.notice_description','Mẫu nội dung email gửi tới admin khi có liên hệ mới','2021-12-18 03:21:37','2021-12-18 03:22:12'),(2087,0,'en','plugins/cookie-consent/cookie-consent','theme_options.name','Cookie Consent','2021-12-18 03:21:37','2021-12-18 03:22:12'),(2088,0,'en','plugins/cookie-consent/cookie-consent','theme_options.description','Cookie consent settings','2021-12-18 03:21:37','2021-12-18 03:22:12'),(2089,0,'en','plugins/cookie-consent/cookie-consent','theme_options.enable','Enable cookie consent?','2021-12-18 03:21:37','2021-12-18 03:22:12'),(2090,0,'en','plugins/cookie-consent/cookie-consent','theme_options.message','Message','2021-12-18 03:21:37','2021-12-18 03:22:12'),(2091,0,'en','plugins/cookie-consent/cookie-consent','theme_options.button_text','Button text','2021-12-18 03:21:37','2021-12-18 03:22:12'),(2092,0,'en','plugins/cookie-consent/cookie-consent','theme_options.max_width','Max width (px)','2021-12-18 03:21:37','2021-12-18 03:22:12'),(2093,0,'en','plugins/cookie-consent/cookie-consent','theme_options.background_color','Background color','2021-12-18 03:21:37','2021-12-18 03:22:12'),(2094,0,'en','plugins/cookie-consent/cookie-consent','theme_options.text_color','Text color','2021-12-18 03:21:37','2021-12-18 03:22:12'),(2095,0,'en','plugins/cookie-consent/cookie-consent','theme_options.learn_more_url','Learn more URL','2021-12-18 03:21:37','2021-12-18 03:22:12'),(2096,0,'en','plugins/cookie-consent/cookie-consent','theme_options.learn_more_text','Learn more text','2021-12-18 03:21:37','2021-12-18 03:22:12'),(2097,0,'en','plugins/cookie-consent/cookie-consent','theme_options.style','Style','2021-12-18 03:21:37','2021-12-18 03:22:12'),(2098,0,'en','plugins/cookie-consent/cookie-consent','theme_options.full_width','Full width','2021-12-18 03:21:37','2021-12-18 03:22:12'),(2099,0,'en','plugins/cookie-consent/cookie-consent','theme_options.minimal','Minimal','2021-12-18 03:21:37','2021-12-18 03:22:12'),(2100,0,'en','plugins/cookie-consent/cookie-consent','message','Your experience on this site will be improved by allowing cookies.','2021-12-18 03:21:37','2021-12-18 03:22:12'),(2101,0,'en','plugins/cookie-consent/cookie-consent','button_text','Allow cookies','2021-12-18 03:21:37','2021-12-18 03:22:12'),(2102,0,'en','plugins/ecommerce/brands','name','Brands','2021-12-18 03:21:37','2021-12-18 03:22:12'),(2103,0,'en','plugins/ecommerce/brands','create','New brand','2021-12-18 03:21:37','2021-12-18 03:22:12'),(2104,0,'en','plugins/ecommerce/brands','edit','Edit brand','2021-12-18 03:21:37','2021-12-18 03:22:12'),(2105,0,'en','plugins/ecommerce/brands','form.name','Name','2021-12-18 03:21:37','2021-12-18 03:22:12'),(2106,0,'en','plugins/ecommerce/brands','form.name_placeholder','Brand\'s name (Maximum 255 characters)','2021-12-18 03:21:37','2021-12-18 03:22:12'),(2107,0,'en','plugins/ecommerce/brands','form.description','Description','2021-12-18 03:21:37','2021-12-18 03:22:12'),(2108,0,'en','plugins/ecommerce/brands','form.description_placeholder','Short description for brand (Maximum 400 characters)','2021-12-18 03:21:37','2021-12-18 03:22:12'),(2109,0,'en','plugins/ecommerce/brands','form.website','Website','2021-12-18 03:21:37','2021-12-18 03:22:12'),(2110,0,'en','plugins/ecommerce/brands','form.logo','Logo','2021-12-18 03:21:37','2021-12-18 03:22:12'),(2111,0,'en','plugins/ecommerce/brands','form.is_featured','Is featured','2021-12-18 03:21:37','2021-12-18 03:22:12'),(2112,0,'en','plugins/ecommerce/brands','logo','Logo','2021-12-18 03:21:37','2021-12-18 03:22:12'),(2113,0,'en','plugins/ecommerce/brands','website','Website','2021-12-18 03:21:37','2021-12-18 03:22:12'),(2114,0,'en','plugins/ecommerce/brands','notices.no_select','Please select at least one record to take this action!','2021-12-18 03:21:37','2021-12-18 03:22:12'),(2115,0,'en','plugins/ecommerce/brands','notices.update_success_message','Update successfully','2021-12-18 03:21:37','2021-12-18 03:22:12'),(2116,0,'en','plugins/ecommerce/brands','cannot_delete','Brand could not be deleted','2021-12-18 03:21:37','2021-12-18 03:22:12'),(2117,0,'en','plugins/ecommerce/brands','brand_deleted','Brand deleted','2021-12-18 03:21:37','2021-12-18 03:22:12'),(2118,0,'en','plugins/ecommerce/brands','menu','Brands','2021-12-18 03:21:37','2021-12-18 03:22:12'),(2119,0,'en','plugins/ecommerce/brands','no_brand','No brand','2021-12-18 03:21:37','2021-12-18 03:22:12'),(2120,0,'en','plugins/ecommerce/brands','intro.title','Manage brands','2021-12-18 03:21:37','2021-12-18 03:22:12'),(2121,0,'en','plugins/ecommerce/brands','intro.description','Manage product brands such as Nike, Adidas, Bitis ...','2021-12-18 03:21:37','2021-12-18 03:22:12'),(2122,0,'en','plugins/ecommerce/brands','intro.button_text','Create brand','2021-12-18 03:21:37','2021-12-18 03:22:12'),(2123,0,'en','plugins/ecommerce/bulk-import','name','Bulk Import','2021-12-18 03:21:37','2021-12-18 03:22:12'),(2124,0,'en','plugins/ecommerce/bulk-import','loading_text','Importing','2021-12-18 03:21:37','2021-12-18 03:22:12'),(2125,0,'en','plugins/ecommerce/bulk-import','imported_successfully','Imported successfully.','2021-12-18 03:21:37','2021-12-18 03:22:12'),(2126,0,'en','plugins/ecommerce/bulk-import','please_choose_the_file_mime','Please choose the file mime :types','2021-12-18 03:21:37','2021-12-18 03:22:12'),(2127,0,'en','plugins/ecommerce/bulk-import','please_choose_the_file','Please choose the file','2021-12-18 03:21:37','2021-12-18 03:22:12'),(2128,0,'en','plugins/ecommerce/bulk-import','start_import','Start Import','2021-12-18 03:21:37','2021-12-18 03:22:12'),(2129,0,'en','plugins/ecommerce/bulk-import','note','Note!','2021-12-18 03:21:37','2021-12-18 03:22:12'),(2130,0,'en','plugins/ecommerce/bulk-import','warning_before_importing','If this is your first time using this feature, please read the documentation or contact the Administrator for access to the correct functionality!','2021-12-18 03:21:37','2021-12-18 03:22:12'),(2131,0,'en','plugins/ecommerce/bulk-import','results','Result: :success successes, :failed failures','2021-12-18 03:21:37','2021-12-18 03:22:12'),(2132,0,'en','plugins/ecommerce/bulk-import','failures','Failures','2021-12-18 03:21:37','2021-12-18 03:22:12'),(2133,0,'en','plugins/ecommerce/bulk-import','tables.import','Import','2021-12-18 03:21:37','2021-12-18 03:22:12'),(2134,0,'en','plugins/ecommerce/bulk-import','template','Template','2021-12-18 03:21:37','2021-12-18 03:22:12'),(2135,0,'en','plugins/ecommerce/bulk-import','rules','Rules','2021-12-18 03:21:37','2021-12-18 03:22:12'),(2136,0,'en','plugins/ecommerce/bulk-import','choose_file_with_mime','Choose file with mime: (:types)','2021-12-18 03:21:37','2021-12-18 03:22:12'),(2137,0,'en','plugins/ecommerce/bulk-import','choose_file','Choose file','2021-12-18 03:21:37','2021-12-18 03:22:12'),(2138,0,'en','plugins/ecommerce/bulk-import','menu','Import products','2021-12-18 03:21:37','2021-12-18 03:22:12'),(2139,0,'en','plugins/ecommerce/bulk-import','download-csv-file','Download CSV template','2021-12-18 03:21:37','2021-12-18 03:22:12'),(2140,0,'en','plugins/ecommerce/bulk-import','download-excel-file','Download Excel template','2021-12-18 03:21:37','2021-12-18 03:22:12'),(2141,0,'en','plugins/ecommerce/bulk-import','downloading','Downloading...','2021-12-18 03:21:37','2021-12-18 03:22:12'),(2142,0,'en','plugins/ecommerce/bulk-import','export.template.input_error','Input error','2021-12-18 03:21:37','2021-12-18 03:22:12'),(2143,0,'en','plugins/ecommerce/bulk-import','export.template.number_not_allowed','Number is not allowed!','2021-12-18 03:21:37','2021-12-18 03:22:12'),(2144,0,'en','plugins/ecommerce/bulk-import','export.template.allowed_input','Allowed input','2021-12-18 03:21:37','2021-12-18 03:22:12'),(2145,0,'en','plugins/ecommerce/bulk-import','export.template.prompt_decimal','Only numbers or decimals are accepted and greater than or equal to :min.','2021-12-18 03:21:37','2021-12-18 03:22:12'),(2146,0,'en','plugins/ecommerce/bulk-import','export.template.prompt_whole_number','Only numbers are accepted and greater than or equal to :min.','2021-12-18 03:21:37','2021-12-18 03:22:12'),(2147,0,'en','plugins/ecommerce/bulk-import','export.template.prompt_list','Please pick a value from the drop-down list.','2021-12-18 03:21:37','2021-12-18 03:22:12'),(2148,0,'en','plugins/ecommerce/bulk-import','export.template.pick_from_list','Pick from list','2021-12-18 03:21:37','2021-12-18 03:22:12'),(2149,0,'en','plugins/ecommerce/bulk-import','export.template.value_not_in_list','Value is not in list.','2021-12-18 03:21:37','2021-12-18 03:22:12'),(2150,0,'en','plugins/ecommerce/bulk-import','import_failed_description','Import failed, please check the errors below!','2021-12-18 03:21:37','2021-12-18 03:22:12'),(2151,0,'en','plugins/ecommerce/currency','currencies','Currencies','2021-12-18 03:21:37','2021-12-18 03:22:12'),(2152,0,'en','plugins/ecommerce/currency','setting_description','List of currencies using on website','2021-12-18 03:21:37','2021-12-18 03:22:12'),(2153,0,'en','plugins/ecommerce/currency','name','Name','2021-12-18 03:21:37','2021-12-18 03:22:12'),(2154,0,'en','plugins/ecommerce/currency','symbol','Symbol','2021-12-18 03:21:37','2021-12-18 03:22:12'),(2155,0,'en','plugins/ecommerce/currency','number_of_decimals','Number of decimals','2021-12-18 03:21:37','2021-12-18 03:22:12'),(2156,0,'en','plugins/ecommerce/currency','exchange_rate','Exchange rate','2021-12-18 03:21:37','2021-12-18 03:22:12'),(2157,0,'en','plugins/ecommerce/currency','is_prefix_symbol','Position of symbol','2021-12-18 03:21:37','2021-12-18 03:22:12'),(2158,0,'en','plugins/ecommerce/currency','is_default','Is default?','2021-12-18 03:21:37','2021-12-18 03:22:12'),(2159,0,'en','plugins/ecommerce/currency','remove','Remove','2021-12-18 03:21:37','2021-12-18 03:22:12'),(2160,0,'en','plugins/ecommerce/currency','new_currency','Add a new currency','2021-12-18 03:21:37','2021-12-18 03:22:12'),(2161,0,'en','plugins/ecommerce/currency','save_settings','Save settings','2021-12-18 03:21:37','2021-12-18 03:22:12'),(2162,0,'en','plugins/ecommerce/currency','before_number','Before number','2021-12-18 03:21:37','2021-12-18 03:22:12'),(2163,0,'en','plugins/ecommerce/currency','after_number','After number','2021-12-18 03:21:37','2021-12-18 03:22:12'),(2164,0,'en','plugins/ecommerce/currency','require_at_least_one_currency','The system requires at least one currency!','2021-12-18 03:21:37','2021-12-18 03:22:12'),(2165,0,'en','plugins/ecommerce/currency','enable_auto_detect_visitor_currency','Enable auto-detect visitor currency?','2021-12-18 03:21:37','2021-12-18 03:22:12'),(2166,0,'en','plugins/ecommerce/customer','name','Customers','2021-12-18 03:21:37','2021-12-18 03:22:12'),(2167,0,'en','plugins/ecommerce/customer','create','Create a customer','2021-12-18 03:21:37','2021-12-18 03:22:12'),(2168,0,'en','plugins/ecommerce/customer','edit','Edit customer \":name\"','2021-12-18 03:21:37','2021-12-18 03:22:12'),(2169,0,'en','plugins/ecommerce/customer','email','Email','2021-12-18 03:21:37','2021-12-18 03:22:12'),(2170,0,'en','plugins/ecommerce/customer','email_placeholder','Ex: example@gmail.com','2021-12-18 03:21:37','2021-12-18 03:22:12'),(2171,0,'en','plugins/ecommerce/customer','password','Password','2021-12-18 03:21:37','2021-12-18 03:22:12'),(2172,0,'en','plugins/ecommerce/customer','change_password','Change password?','2021-12-18 03:21:37','2021-12-18 03:22:12'),(2173,0,'en','plugins/ecommerce/customer','password_confirmation','Password confirmation','2021-12-18 03:21:37','2021-12-18 03:22:12'),(2174,0,'en','plugins/ecommerce/customer','intro.title','Manage customers','2021-12-18 03:21:37','2021-12-18 03:22:12'),(2175,0,'en','plugins/ecommerce/customer','intro.description','When a customer buy your product(s), you will know their order histories.','2021-12-18 03:21:37','2021-12-18 03:22:12'),(2176,0,'en','plugins/ecommerce/customer','intro.button_text','Create customer','2021-12-18 03:21:37','2021-12-18 03:22:12'),(2177,0,'en','plugins/ecommerce/customer','phone','Phone','2021-12-18 03:21:37','2021-12-18 03:22:12'),(2178,0,'en','plugins/ecommerce/customer','phone_placeholder','Phone','2021-12-18 03:21:37','2021-12-18 03:22:12'),(2179,0,'en','plugins/ecommerce/customer','avatar','Avatar','2021-12-18 03:21:37','2021-12-18 03:22:12'),(2180,0,'en','plugins/ecommerce/customer','dob','Date of birth','2021-12-18 03:21:37','2021-12-18 03:22:12'),(2181,0,'en','plugins/ecommerce/customer','statuses.activated','Activated','2021-12-18 03:21:37','2021-12-18 03:22:12'),(2182,0,'en','plugins/ecommerce/customer','statuses.locked','Locked','2021-12-18 03:21:37','2021-12-18 03:22:12'),(2183,0,'en','plugins/ecommerce/customer','email_verified','Email verified?','2021-12-18 03:21:37','2021-12-18 03:22:12'),(2184,0,'en','plugins/ecommerce/discount','name','Discounts','2021-12-18 03:21:37','2021-12-18 03:22:12'),(2185,0,'en','plugins/ecommerce/discount','create','Create discount','2021-12-18 03:21:37','2021-12-18 03:22:12'),(2186,0,'en','plugins/ecommerce/discount','invalid_coupon','This coupon is invalid or expired!','2021-12-18 03:21:37','2021-12-18 03:22:12'),(2187,0,'en','plugins/ecommerce/discount','cannot_use_same_time_with_other_discount_program','Cannot use this coupon in the same time with other discount program!','2021-12-18 03:21:37','2021-12-18 03:22:12'),(2188,0,'en','plugins/ecommerce/discount','not_used','This coupon is not used yet!','2021-12-18 03:21:37','2021-12-18 03:22:12'),(2189,0,'en','plugins/ecommerce/discount','detail','Detail','2021-12-18 03:21:37','2021-12-18 03:22:12'),(2190,0,'en','plugins/ecommerce/discount','used','Used','2021-12-18 03:21:37','2021-12-18 03:22:12'),(2191,0,'en','plugins/ecommerce/discount','intro.title','Manage discount/coupon code','2021-12-18 03:21:37','2021-12-18 03:22:12'),(2192,0,'en','plugins/ecommerce/discount','intro.description','Create coupon code or promotion for your products.','2021-12-18 03:21:37','2021-12-18 03:22:12'),(2193,0,'en','plugins/ecommerce/discount','intro.button_text','Create discount','2021-12-18 03:21:37','2021-12-18 03:22:12'),(2194,0,'en','plugins/ecommerce/discount','expired','Expired','2021-12-18 03:21:37','2021-12-18 03:22:12'),(2195,0,'en','plugins/ecommerce/discount','discount_promotion','Discount promotion','2021-12-18 03:21:37','2021-12-18 03:22:12'),(2196,0,'en','plugins/ecommerce/discount','can','can','2021-12-18 03:21:37','2021-12-18 03:22:12'),(2197,0,'en','plugins/ecommerce/discount','cannot','cannot','2021-12-18 03:21:37','2021-12-18 03:22:12'),(2198,0,'en','plugins/ecommerce/discount','use_with_promotion','be used with promotion','2021-12-18 03:21:37','2021-12-18 03:22:12'),(2199,0,'en','plugins/ecommerce/discount','create_discount_validate_title_required_if','Please enter the name of the promotion','2021-12-18 03:21:37','2021-12-18 03:22:12'),(2200,0,'en','plugins/ecommerce/discount','create_discount_validate_code_required_if','Please enter the promotion code','2021-12-18 03:21:37','2021-12-18 03:22:12'),(2201,0,'en','plugins/ecommerce/discount','create_discount_validate_value_required','Amount must be greater than 0','2021-12-18 03:21:37','2021-12-18 03:22:12'),(2202,0,'en','plugins/ecommerce/discount','create_discount_validate_target_required','No object selected for promotion','2021-12-18 03:21:37','2021-12-18 03:22:12'),(2203,0,'en','plugins/ecommerce/discount','enums.type-options.amount','Amount - Fixed','2021-12-18 03:21:37','2021-12-18 03:22:12'),(2204,0,'en','plugins/ecommerce/discount','enums.type-options.percentage','Discount %','2021-12-18 03:21:37','2021-12-18 03:22:12'),(2205,0,'en','plugins/ecommerce/discount','enums.type-options.shipping','Free shipping','2021-12-18 03:21:37','2021-12-18 03:22:12'),(2206,0,'en','plugins/ecommerce/discount','enums.type-options.same-price','Same price','2021-12-18 03:21:37','2021-12-18 03:22:12'),(2207,0,'en','plugins/ecommerce/discount','discount','Discount','2021-12-18 03:21:37','2021-12-18 03:22:12'),(2208,0,'en','plugins/ecommerce/discount','create_coupon_code','Create coupon code','2021-12-18 03:21:37','2021-12-18 03:22:12'),(2209,0,'en','plugins/ecommerce/discount','create_discount_promotion','Create discount promotion','2021-12-18 03:21:37','2021-12-18 03:22:12'),(2210,0,'en','plugins/ecommerce/discount','generate_coupon_code','Generate coupon code','2021-12-18 03:21:37','2021-12-18 03:22:12'),(2211,0,'en','plugins/ecommerce/discount','customers_will_enter_this_coupon_code_when_they_checkout','Customers will enter this coupon code when they checkout','2021-12-18 03:21:37','2021-12-18 03:22:12'),(2212,0,'en','plugins/ecommerce/discount','select_type_of_discount','Select type of discount','2021-12-18 03:21:37','2021-12-18 03:22:12'),(2213,0,'en','plugins/ecommerce/discount','coupon_code','Coupon code','2021-12-18 03:21:37','2021-12-18 03:22:12'),(2214,0,'en','plugins/ecommerce/discount','promotion','Promotion','2021-12-18 03:21:37','2021-12-18 03:22:12'),(2215,0,'en','plugins/ecommerce/discount','can_be_used_with_promotion','Can be used with promotion','2021-12-18 03:21:37','2021-12-18 03:22:12'),(2216,0,'en','plugins/ecommerce/discount','unlimited_coupon','Unlimited coupon','2021-12-18 03:21:37','2021-12-18 03:22:12'),(2217,0,'en','plugins/ecommerce/discount','enter_number','Enter number','2021-12-18 03:21:37','2021-12-18 03:22:12'),(2218,0,'en','plugins/ecommerce/discount','coupon_type','Coupon type','2021-12-18 03:21:37','2021-12-18 03:22:12'),(2219,0,'en','plugins/ecommerce/discount','percentage_discount','Percentage discount (%)','2021-12-18 03:21:37','2021-12-18 03:22:12'),(2220,0,'en','plugins/ecommerce/discount','free_shipping','Free shipping','2021-12-18 03:21:37','2021-12-18 03:22:12'),(2221,0,'en','plugins/ecommerce/discount','same_price','Same price','2021-12-18 03:21:37','2021-12-18 03:22:12'),(2222,0,'en','plugins/ecommerce/discount','apply_for','apply for','2021-12-18 03:21:37','2021-12-18 03:22:12'),(2223,0,'en','plugins/ecommerce/discount','all_orders','All orders','2021-12-18 03:21:37','2021-12-18 03:22:12'),(2224,0,'en','plugins/ecommerce/discount','order_amount_from','Order amount from','2021-12-18 03:21:37','2021-12-18 03:22:12'),(2225,0,'en','plugins/ecommerce/discount','product_collection','Product collection','2021-12-18 03:21:37','2021-12-18 03:22:12'),(2226,0,'en','plugins/ecommerce/discount','product','Product','2021-12-18 03:21:37','2021-12-18 03:22:12'),(2227,0,'en','plugins/ecommerce/discount','customer','Customer','2021-12-18 03:21:37','2021-12-18 03:22:12'),(2228,0,'en','plugins/ecommerce/discount','variant','Variant','2021-12-18 03:21:37','2021-12-18 03:22:12'),(2229,0,'en','plugins/ecommerce/discount','search_product','Search product','2021-12-18 03:21:37','2021-12-18 03:22:12'),(2230,0,'en','plugins/ecommerce/discount','no_products_found','No products found!','2021-12-18 03:21:37','2021-12-18 03:22:12'),(2231,0,'en','plugins/ecommerce/discount','search_customer','Search customer','2021-12-18 03:21:37','2021-12-18 03:22:12'),(2232,0,'en','plugins/ecommerce/discount','no_customer_found','No customer found!','2021-12-18 03:21:37','2021-12-18 03:22:12'),(2233,0,'en','plugins/ecommerce/discount','one_time_per_order','One time per order','2021-12-18 03:21:37','2021-12-18 03:22:12'),(2234,0,'en','plugins/ecommerce/discount','one_time_per_product_in_cart','One time per product in cart','2021-12-18 03:21:37','2021-12-18 03:22:12'),(2235,0,'en','plugins/ecommerce/discount','number_of_products','Number of products required to apply','2021-12-18 03:21:37','2021-12-18 03:22:12'),(2236,0,'en','plugins/ecommerce/discount','selected_products','Selected products','2021-12-18 03:21:37','2021-12-18 03:22:12'),(2237,0,'en','plugins/ecommerce/discount','selected_customers','Selected customers','2021-12-18 03:21:37','2021-12-18 03:22:12'),(2238,0,'en','plugins/ecommerce/discount','time','Time','2021-12-18 03:21:37','2021-12-18 03:22:12'),(2239,0,'en','plugins/ecommerce/discount','start_date','Start date','2021-12-18 03:21:37','2021-12-18 03:22:12'),(2240,0,'en','plugins/ecommerce/discount','end_date','End date','2021-12-18 03:21:37','2021-12-18 03:22:12'),(2241,0,'en','plugins/ecommerce/discount','never_expired','Never expired','2021-12-18 03:21:37','2021-12-18 03:22:12'),(2242,0,'en','plugins/ecommerce/discount','save','Save','2021-12-18 03:21:37','2021-12-18 03:22:12'),(2243,0,'en','plugins/ecommerce/discount','enter_promotion_name','Enter promotion name','2021-12-18 03:21:37','2021-12-18 03:22:12'),(2244,0,'en','plugins/ecommerce/discount','enter_coupon_name','Enter coupon name','2021-12-18 03:21:37','2021-12-18 03:22:12'),(2245,0,'en','plugins/ecommerce/discount','cancel','Cancel','2021-12-18 03:21:37','2021-12-18 03:22:12'),(2246,0,'en','plugins/ecommerce/discount','is','Is','2021-12-18 03:21:37','2021-12-18 03:22:12'),(2247,0,'en','plugins/ecommerce/discount','when_shipping_fee_less_than','when shipping fee less than','2021-12-18 03:21:37','2021-12-18 03:22:12'),(2248,0,'en','plugins/ecommerce/ecommerce','settings','Settings','2021-12-18 03:21:37','2021-12-18 03:22:13'),(2249,0,'en','plugins/ecommerce/ecommerce','name','Ecommerce','2021-12-18 03:21:37','2021-12-18 03:22:13'),(2250,0,'en','plugins/ecommerce/ecommerce','setting.email.title','E-commerce','2021-12-18 03:21:37','2021-12-18 03:22:13'),(2251,0,'en','plugins/ecommerce/ecommerce','setting.email.description','Ecommerce email config','2021-12-18 03:21:37','2021-12-18 03:22:13'),(2252,0,'en','plugins/ecommerce/ecommerce','setting.email.order_confirm_subject','Subject of order confirmation email','2021-12-18 03:21:37','2021-12-18 03:22:13'),(2253,0,'en','plugins/ecommerce/ecommerce','setting.email.order_confirm_subject_placeholder','The subject of email confirmation send to the customer','2021-12-18 03:21:37','2021-12-18 03:22:13'),(2254,0,'en','plugins/ecommerce/ecommerce','setting.email.order_confirm_content','Content of order confirmation email','2021-12-18 03:21:37','2021-12-18 03:22:13'),(2255,0,'en','plugins/ecommerce/ecommerce','setting.email.order_status_change_subject','Subject of email when changing order\'s status','2021-12-18 03:21:37','2021-12-18 03:22:13'),(2256,0,'en','plugins/ecommerce/ecommerce','setting.email.order_status_change_subject_placeholder','Subject of email when changing order\'s status send to customer','2021-12-18 03:21:37','2021-12-18 03:22:13'),(2257,0,'en','plugins/ecommerce/ecommerce','setting.email.order_status_change_content','Content of email when changing order\'s status','2021-12-18 03:21:37','2021-12-18 03:22:13'),(2258,0,'en','plugins/ecommerce/ecommerce','setting.email.from_email','Email from','2021-12-18 03:21:37','2021-12-18 03:22:13'),(2259,0,'en','plugins/ecommerce/ecommerce','setting.email.from_email_placeholder','Email from address to display in mail. Ex: example@gmail.com','2021-12-18 03:21:37','2021-12-18 03:22:13'),(2260,0,'en','plugins/ecommerce/ecommerce','setting.title','Basic information','2021-12-18 03:21:37','2021-12-18 03:22:13'),(2261,0,'en','plugins/ecommerce/ecommerce','setting.state','State','2021-12-18 03:21:37','2021-12-18 03:22:13'),(2262,0,'en','plugins/ecommerce/ecommerce','setting.city','City','2021-12-18 03:21:37','2021-12-18 03:22:13'),(2263,0,'en','plugins/ecommerce/ecommerce','setting.country','Country','2021-12-18 03:21:37','2021-12-18 03:22:13'),(2264,0,'en','plugins/ecommerce/ecommerce','setting.select country','Select a country...','2021-12-18 03:21:37','2021-12-18 03:22:13'),(2265,0,'en','plugins/ecommerce/ecommerce','setting.weight_unit_gram','Gram (g)','2021-12-18 03:21:37','2021-12-18 03:22:13'),(2266,0,'en','plugins/ecommerce/ecommerce','setting.weight_unit_kilogram','Kilogram (kg)','2021-12-18 03:21:37','2021-12-18 03:22:13'),(2267,0,'en','plugins/ecommerce/ecommerce','setting.weight_unit_lb','Pound (lb)','2021-12-18 03:21:37','2021-12-18 03:22:13'),(2268,0,'en','plugins/ecommerce/ecommerce','setting.weight_unit_oz','Ounce (oz)','2021-12-18 03:21:37','2021-12-18 03:22:13'),(2269,0,'en','plugins/ecommerce/ecommerce','setting.height_unit_cm','Centimeter (cm)','2021-12-18 03:21:37','2021-12-18 03:22:13'),(2270,0,'en','plugins/ecommerce/ecommerce','setting.height_unit_m','Meter (m)','2021-12-18 03:21:37','2021-12-18 03:22:13'),(2271,0,'en','plugins/ecommerce/ecommerce','setting.height_unit_inch','Inch','2021-12-18 03:21:37','2021-12-18 03:22:13'),(2272,0,'en','plugins/ecommerce/ecommerce','setting.store_locator_title','Store locators','2021-12-18 03:21:37','2021-12-18 03:22:13'),(2273,0,'en','plugins/ecommerce/ecommerce','setting.store_locator_description','All the lists of your chains, main stores, branches, etc. The locations can be used to track sales and to help us configure tax rates to charge when selling products.','2021-12-18 03:21:37','2021-12-18 03:22:13'),(2274,0,'en','plugins/ecommerce/ecommerce','setting.phone','Phone','2021-12-18 03:21:37','2021-12-18 03:22:13'),(2275,0,'en','plugins/ecommerce/ecommerce','setting.address','Address','2021-12-18 03:21:37','2021-12-18 03:22:13'),(2276,0,'en','plugins/ecommerce/ecommerce','setting.is_primary','Primary?','2021-12-18 03:21:37','2021-12-18 03:22:13'),(2277,0,'en','plugins/ecommerce/ecommerce','setting.add_new','Add new','2021-12-18 03:21:37','2021-12-18 03:22:13'),(2278,0,'en','plugins/ecommerce/ecommerce','setting.or','Or','2021-12-18 03:21:37','2021-12-18 03:22:13'),(2279,0,'en','plugins/ecommerce/ecommerce','setting.change_primary_store','change default store locator','2021-12-18 03:21:37','2021-12-18 03:22:13'),(2280,0,'en','plugins/ecommerce/ecommerce','setting.other_settings','Other settings','2021-12-18 03:21:37','2021-12-18 03:22:13'),(2281,0,'en','plugins/ecommerce/ecommerce','setting.other_settings_description','Settings for cart, review...','2021-12-18 03:21:37','2021-12-18 03:22:13'),(2282,0,'en','plugins/ecommerce/ecommerce','setting.enable_cart','Enable shopping cart?','2021-12-18 03:21:37','2021-12-18 03:22:13'),(2283,0,'en','plugins/ecommerce/ecommerce','setting.enable_tax','Enable tax?','2021-12-18 03:21:37','2021-12-18 03:22:13'),(2284,0,'en','plugins/ecommerce/ecommerce','setting.display_product_price_including_taxes','Display product price including taxes?','2021-12-18 03:21:37','2021-12-18 03:22:13'),(2285,0,'en','plugins/ecommerce/ecommerce','setting.enable_review','Enable review?','2021-12-18 03:21:37','2021-12-18 03:22:13'),(2286,0,'en','plugins/ecommerce/ecommerce','setting.enable_quick_buy_button','Enable quick buy button?','2021-12-18 03:21:37','2021-12-18 03:22:13'),(2287,0,'en','plugins/ecommerce/ecommerce','setting.quick_buy_target','Quick buy target page?','2021-12-18 03:21:37','2021-12-18 03:22:13'),(2288,0,'en','plugins/ecommerce/ecommerce','setting.checkout_page','Checkout page','2021-12-18 03:21:37','2021-12-18 03:22:13'),(2289,0,'en','plugins/ecommerce/ecommerce','setting.cart_page','Cart page','2021-12-18 03:21:37','2021-12-18 03:22:13'),(2290,0,'en','plugins/ecommerce/ecommerce','setting.add_location','Add location','2021-12-18 03:21:37','2021-12-18 03:22:13'),(2291,0,'en','plugins/ecommerce/ecommerce','setting.edit_location','Edit location','2021-12-18 03:21:37','2021-12-18 03:22:13'),(2292,0,'en','plugins/ecommerce/ecommerce','setting.delete_location','Delete location','2021-12-18 03:21:37','2021-12-18 03:22:13'),(2293,0,'en','plugins/ecommerce/ecommerce','setting.change_primary_location','Change primary location','2021-12-18 03:21:37','2021-12-18 03:22:13'),(2294,0,'en','plugins/ecommerce/ecommerce','setting.delete_location_confirmation','Are you sure you want to delete this location? This action cannot be undo.','2021-12-18 03:21:37','2021-12-18 03:22:13'),(2295,0,'en','plugins/ecommerce/ecommerce','setting.save_location','Save location','2021-12-18 03:21:37','2021-12-18 03:22:13'),(2296,0,'en','plugins/ecommerce/ecommerce','setting.accept','Accept','2021-12-18 03:21:37','2021-12-18 03:22:13'),(2297,0,'en','plugins/ecommerce/ecommerce','setting.select_country','Select country','2021-12-18 03:21:37','2021-12-18 03:22:13'),(2298,0,'en','plugins/ecommerce/ecommerce','setting.zip_code_enabled','Enable Zip Code?','2021-12-18 03:21:37','2021-12-18 03:22:13'),(2299,0,'en','plugins/ecommerce/ecommerce','setting.thousands_separator','Thousands separator','2021-12-18 03:21:37','2021-12-18 03:22:13'),(2300,0,'en','plugins/ecommerce/ecommerce','setting.decimal_separator','Decimal separator','2021-12-18 03:21:37','2021-12-18 03:22:13'),(2301,0,'en','plugins/ecommerce/ecommerce','setting.separator_period','Period (.)','2021-12-18 03:21:37','2021-12-18 03:22:13'),(2302,0,'en','plugins/ecommerce/ecommerce','setting.separator_comma','Comma (,)','2021-12-18 03:21:37','2021-12-18 03:22:13'),(2303,0,'en','plugins/ecommerce/ecommerce','setting.separator_space','Space ( )','2021-12-18 03:21:37','2021-12-18 03:22:13'),(2304,0,'en','plugins/ecommerce/ecommerce','setting.available_countries','Available countries','2021-12-18 03:21:37','2021-12-18 03:22:13'),(2305,0,'en','plugins/ecommerce/ecommerce','setting.all','All','2021-12-18 03:21:37','2021-12-18 03:22:13'),(2306,0,'en','plugins/ecommerce/ecommerce','setting.verify_customer_email','Verify customer\'s email?','2021-12-18 03:21:37','2021-12-18 03:22:13'),(2307,0,'en','plugins/ecommerce/ecommerce','setting.minimum_order_amount','Minimum order amount to place an order (:currency).','2021-12-18 03:21:37','2021-12-18 03:22:13'),(2308,0,'en','plugins/ecommerce/ecommerce','setting.enable_guest_checkout','Enable guest checkout?','2021-12-18 03:21:37','2021-12-18 03:22:13'),(2309,0,'en','plugins/ecommerce/ecommerce','setting.show_number_of_products','Show number of products in the product single','2021-12-18 03:21:37','2021-12-18 03:22:13'),(2310,0,'en','plugins/ecommerce/ecommerce','setting.payment_method_cod_minimum_amount','Minimum order amount - :currency (Optional)','2021-12-18 03:21:37','2021-12-18 03:22:13'),(2311,0,'en','plugins/ecommerce/ecommerce','setting.review.max_file_size','Review max file size (MB)','2021-12-18 03:21:37','2021-12-18 03:22:13'),(2312,0,'en','plugins/ecommerce/ecommerce','setting.review.max_file_number','Review max file number','2021-12-18 03:21:37','2021-12-18 03:22:13'),(2313,0,'en','plugins/ecommerce/ecommerce','setting.using_custom_font_for_invoice','Using custom font for invoice?','2021-12-18 03:21:37','2021-12-18 03:22:13'),(2314,0,'en','plugins/ecommerce/ecommerce','setting.invoice_font_family','Invoice font family (Only work for Latin language)','2021-12-18 03:21:37','2021-12-18 03:22:13'),(2315,0,'en','plugins/ecommerce/ecommerce','setting.enable_invoice_stamp','Enable invoice stamp?','2021-12-18 03:21:37','2021-12-18 03:22:13'),(2316,0,'en','plugins/ecommerce/ecommerce','setting.make_phone_field_at_the_checkout_optional','Make phone field at the checkout optional?','2021-12-18 03:21:37','2021-12-18 03:22:13'),(2317,0,'en','plugins/ecommerce/ecommerce','setting.disable_order_invoice_until_order_confirmed','Disable order invoice until order confirmed?','2021-12-18 03:21:37','2021-12-18 03:22:13'),(2318,0,'en','plugins/ecommerce/ecommerce','setting.vat_number','VAT number','2021-12-18 03:21:37','2021-12-18 03:22:13'),(2319,0,'en','plugins/ecommerce/ecommerce','setting.enable_recaptcha_in_register_page','Enable Recaptcha in the registration page?','2021-12-18 03:21:37','2021-12-18 03:22:13'),(2320,0,'en','plugins/ecommerce/ecommerce','setting.enable_recaptcha_in_register_page_description','Need to setup Captcha in Admin -> Settings -> General first.','2021-12-18 03:21:37','2021-12-18 03:22:13'),(2321,0,'en','plugins/ecommerce/ecommerce','store_address','Store address','2021-12-18 03:21:37','2021-12-18 03:22:13'),(2322,0,'en','plugins/ecommerce/ecommerce','store_phone','Store phone','2021-12-18 03:21:37','2021-12-18 03:22:13'),(2323,0,'en','plugins/ecommerce/ecommerce','order_id','Order ID','2021-12-18 03:21:37','2021-12-18 03:22:13'),(2324,0,'en','plugins/ecommerce/ecommerce','order_token','Order token','2021-12-18 03:21:37','2021-12-18 03:22:13'),(2325,0,'en','plugins/ecommerce/ecommerce','customer_name','Customer name','2021-12-18 03:21:37','2021-12-18 03:22:13'),(2326,0,'en','plugins/ecommerce/ecommerce','customer_email','Customer email','2021-12-18 03:21:37','2021-12-18 03:22:13'),(2327,0,'en','plugins/ecommerce/ecommerce','customer_phone','Customer phone','2021-12-18 03:21:37','2021-12-18 03:22:13'),(2328,0,'en','plugins/ecommerce/ecommerce','customer_address','Customer address','2021-12-18 03:21:37','2021-12-18 03:22:13'),(2329,0,'en','plugins/ecommerce/ecommerce','product_list','List products in order','2021-12-18 03:21:37','2021-12-18 03:22:13'),(2330,0,'en','plugins/ecommerce/ecommerce','payment_detail','Payment detail','2021-12-18 03:21:37','2021-12-18 03:22:13'),(2331,0,'en','plugins/ecommerce/ecommerce','shipping_method','Shipping method','2021-12-18 03:21:37','2021-12-18 03:22:13'),(2332,0,'en','plugins/ecommerce/ecommerce','payment_method','Payment method','2021-12-18 03:21:37','2021-12-18 03:22:13'),(2333,0,'en','plugins/ecommerce/ecommerce','standard_and_format','Standard & Format','2021-12-18 03:21:37','2021-12-18 03:22:13'),(2334,0,'en','plugins/ecommerce/ecommerce','standard_and_format_description','Standards and formats are used to calculate things like product prices, shipping weights, and order times.','2021-12-18 03:21:37','2021-12-18 03:22:13'),(2335,0,'en','plugins/ecommerce/ecommerce','change_order_format','Edit order code format (optional)','2021-12-18 03:21:37','2021-12-18 03:22:13'),(2336,0,'en','plugins/ecommerce/ecommerce','change_order_format_description','The default order code starts at: number. You can change the start or end string to create the order code you want, for example \"DH-: number\" or \": number-A\"','2021-12-18 03:21:37','2021-12-18 03:22:13'),(2337,0,'en','plugins/ecommerce/ecommerce','start_with','Start with','2021-12-18 03:21:37','2021-12-18 03:22:13'),(2338,0,'en','plugins/ecommerce/ecommerce','end_with','End with','2021-12-18 03:21:37','2021-12-18 03:22:13'),(2339,0,'en','plugins/ecommerce/ecommerce','order_will_be_shown','Your order code will be shown','2021-12-18 03:21:37','2021-12-18 03:22:13'),(2340,0,'en','plugins/ecommerce/ecommerce','weight_unit','Unit of weight','2021-12-18 03:21:37','2021-12-18 03:22:13'),(2341,0,'en','plugins/ecommerce/ecommerce','height_unit','Unit length / height','2021-12-18 03:21:37','2021-12-18 03:22:13'),(2342,0,'en','plugins/ecommerce/ecommerce','theme_options.name','Ecommerce','2021-12-18 03:21:37','2021-12-18 03:22:13'),(2343,0,'en','plugins/ecommerce/ecommerce','theme_options.description','Theme options for Ecommerce','2021-12-18 03:21:37','2021-12-18 03:22:13'),(2344,0,'en','plugins/ecommerce/ecommerce','theme_options.number_products_per_page','Number of products per page','2021-12-18 03:21:37','2021-12-18 03:22:13'),(2345,0,'en','plugins/ecommerce/ecommerce','theme_options.number_of_cross_sale_product','Number of cross sale products in product detail page','2021-12-18 03:21:37','2021-12-18 03:22:13'),(2346,0,'en','plugins/ecommerce/ecommerce','theme_options.max_price_filter','Maximum price to filter','2021-12-18 03:21:37','2021-12-18 03:22:13'),(2347,0,'en','plugins/ecommerce/ecommerce','theme_options.logo_in_the_checkout_page','Logo in the checkout page (Default is the main logo)','2021-12-18 03:21:37','2021-12-18 03:22:13'),(2348,0,'en','plugins/ecommerce/ecommerce','theme_options.logo_in_invoices','Logo in invoices (Default is the main logo)','2021-12-18 03:21:37','2021-12-18 03:22:13'),(2349,0,'en','plugins/ecommerce/email','customer_new_order_title','Order confirmation','2021-12-18 03:21:37','2021-12-18 03:22:13'),(2350,0,'en','plugins/ecommerce/email','customer_new_order_description','Send email confirmation to customer when an order placed','2021-12-18 03:21:37','2021-12-18 03:22:13'),(2351,0,'en','plugins/ecommerce/email','order_cancellation_title','Order cancellation','2021-12-18 03:21:37','2021-12-18 03:22:13'),(2352,0,'en','plugins/ecommerce/email','order_cancellation_description','Send to custom when they cancelled order','2021-12-18 03:21:37','2021-12-18 03:22:13'),(2353,0,'en','plugins/ecommerce/email','delivery_confirmation_title','Delivering confirmation','2021-12-18 03:21:37','2021-12-18 03:22:13'),(2354,0,'en','plugins/ecommerce/email','delivery_confirmation_description','Send to customer when order is delivering','2021-12-18 03:21:37','2021-12-18 03:22:13'),(2355,0,'en','plugins/ecommerce/email','admin_new_order_title','Notice about new order','2021-12-18 03:21:37','2021-12-18 03:22:13'),(2356,0,'en','plugins/ecommerce/email','admin_new_order_description','Send to administrators when an order placed','2021-12-18 03:21:37','2021-12-18 03:22:13'),(2357,0,'en','plugins/ecommerce/email','order_confirmation_title','Order confirmation','2021-12-18 03:21:37','2021-12-18 03:22:13'),(2358,0,'en','plugins/ecommerce/email','order_confirmation_description','Send to customer when they order was confirmed by admins','2021-12-18 03:21:37','2021-12-18 03:22:13'),(2359,0,'en','plugins/ecommerce/email','payment_confirmation_title','Payment confirmation','2021-12-18 03:21:37','2021-12-18 03:22:13'),(2360,0,'en','plugins/ecommerce/email','payment_confirmation_description','Send to customer when their payment was confirmed','2021-12-18 03:21:37','2021-12-18 03:22:13'),(2361,0,'en','plugins/ecommerce/email','order_recover_title','Incomplete order','2021-12-18 03:21:37','2021-12-18 03:22:13'),(2362,0,'en','plugins/ecommerce/email','order_recover_description','Send to custom to remind them about incomplete orders','2021-12-18 03:21:37','2021-12-18 03:22:13'),(2363,0,'en','plugins/ecommerce/email','view_order','View order','2021-12-18 03:21:37','2021-12-18 03:22:13'),(2364,0,'en','plugins/ecommerce/email','link_go_to_our_shop','or <a href=\":link\">Go to our shop</a>','2021-12-18 03:21:37','2021-12-18 03:22:13'),(2365,0,'en','plugins/ecommerce/email','order_number','Order number: <strong>:order_id</strong>','2021-12-18 03:21:37','2021-12-18 03:22:13'),(2366,0,'en','plugins/ecommerce/email','order_information','Order information:','2021-12-18 03:21:37','2021-12-18 03:22:13'),(2367,0,'en','plugins/ecommerce/export','products.name','Export products','2021-12-18 03:21:37','2021-12-18 03:22:13'),(2368,0,'en','plugins/ecommerce/export','products.title','Export Products (CSV)','2021-12-18 03:21:37','2021-12-18 03:22:13'),(2369,0,'en','plugins/ecommerce/export','products.total_products','Total products','2021-12-18 03:21:37','2021-12-18 03:22:13'),(2370,0,'en','plugins/ecommerce/export','products.total_variations','Total variations','2021-12-18 03:21:37','2021-12-18 03:22:13'),(2371,0,'en','plugins/ecommerce/export','start_export','Start export','2021-12-18 03:21:38','2021-12-18 03:22:13'),(2372,0,'en','plugins/ecommerce/export','exporting','Exporting','2021-12-18 03:21:38','2021-12-18 03:22:13'),(2373,0,'en','plugins/ecommerce/export','export','Export','2021-12-18 03:21:38','2021-12-18 03:22:13'),(2374,0,'en','plugins/ecommerce/flash-sale','name','Flash sales','2021-12-18 03:21:38','2021-12-18 03:22:13'),(2375,0,'en','plugins/ecommerce/flash-sale','create','New flash sale','2021-12-18 03:21:38','2021-12-18 03:22:13'),(2376,0,'en','plugins/ecommerce/flash-sale','edit','Edit flash sale','2021-12-18 03:21:38','2021-12-18 03:22:13'),(2377,0,'en','plugins/ecommerce/flash-sale','products','Products','2021-12-18 03:21:38','2021-12-18 03:22:13'),(2378,0,'en','plugins/ecommerce/order','statuses.pending','Pending','2021-12-18 03:21:38','2021-12-18 03:22:13'),(2379,0,'en','plugins/ecommerce/order','statuses.processing','Processing','2021-12-18 03:21:38','2021-12-18 03:22:13'),(2380,0,'en','plugins/ecommerce/order','statuses.completed','Completed','2021-12-18 03:21:38','2021-12-18 03:22:13'),(2381,0,'en','plugins/ecommerce/order','statuses.canceled','Canceled','2021-12-18 03:21:38','2021-12-18 03:22:13'),(2382,0,'en','plugins/ecommerce/order','menu','Orders','2021-12-18 03:21:38','2021-12-18 03:22:13'),(2383,0,'en','plugins/ecommerce/order','create','Create an order','2021-12-18 03:21:38','2021-12-18 03:22:13'),(2384,0,'en','plugins/ecommerce/order','cancel_error','The order is delivering or completed','2021-12-18 03:21:38','2021-12-18 03:22:13'),(2385,0,'en','plugins/ecommerce/order','cancel_success','You do cancel the order successful','2021-12-18 03:21:38','2021-12-18 03:22:13'),(2386,0,'en','plugins/ecommerce/order','incomplete_order','Incomplete orders','2021-12-18 03:21:38','2021-12-18 03:22:13'),(2387,0,'en','plugins/ecommerce/order','order_id','Order ID','2021-12-18 03:21:38','2021-12-18 03:22:13'),(2388,0,'en','plugins/ecommerce/order','product_id','Product ID','2021-12-18 03:21:38','2021-12-18 03:22:13'),(2389,0,'en','plugins/ecommerce/order','customer_label','Customer','2021-12-18 03:21:38','2021-12-18 03:22:13'),(2390,0,'en','plugins/ecommerce/order','tax_amount','Tax Amount','2021-12-18 03:21:38','2021-12-18 03:22:13'),(2391,0,'en','plugins/ecommerce/order','shipping_amount','Shipping amount','2021-12-18 03:21:38','2021-12-18 03:22:13'),(2392,0,'en','plugins/ecommerce/order','payment_method','Payment method','2021-12-18 03:21:38','2021-12-18 03:22:13'),(2393,0,'en','plugins/ecommerce/order','payment_status_label','Payment status','2021-12-18 03:21:38','2021-12-18 03:22:13'),(2394,0,'en','plugins/ecommerce/order','manage_orders','Manage orders','2021-12-18 03:21:38','2021-12-18 03:22:13'),(2395,0,'en','plugins/ecommerce/order','order_intro_description','Once your store has orders, this is where you will process and track those orders.','2021-12-18 03:21:38','2021-12-18 03:22:13'),(2396,0,'en','plugins/ecommerce/order','create_new_order','Create a new order','2021-12-18 03:21:38','2021-12-18 03:22:13'),(2397,0,'en','plugins/ecommerce/order','manage_incomplete_orders','Manage incomplete orders','2021-12-18 03:21:38','2021-12-18 03:22:13'),(2398,0,'en','plugins/ecommerce/order','incomplete_orders_intro_description','Incomplete order is an order created when a customer adds a product to the cart, proceeds to fill out the purchase information but does not complete the checkout process.','2021-12-18 03:21:38','2021-12-18 03:22:13'),(2399,0,'en','plugins/ecommerce/order','invoice_for_order','Invoice for order','2021-12-18 03:21:38','2021-12-18 03:22:13'),(2400,0,'en','plugins/ecommerce/order','created','Created','2021-12-18 03:21:38','2021-12-18 03:22:13'),(2401,0,'en','plugins/ecommerce/order','invoice','Invoice','2021-12-18 03:21:38','2021-12-18 03:22:13'),(2402,0,'en','plugins/ecommerce/order','return','Return','2021-12-18 03:21:38','2021-12-18 03:22:13'),(2403,0,'en','plugins/ecommerce/order','total_refund_amount','Total refund amount','2021-12-18 03:21:38','2021-12-18 03:22:13'),(2404,0,'en','plugins/ecommerce/order','total_amount_can_be_refunded','Total amount can be refunded','2021-12-18 03:21:38','2021-12-18 03:22:13'),(2405,0,'en','plugins/ecommerce/order','refund_reason','Refund reason (optional)','2021-12-18 03:21:38','2021-12-18 03:22:13'),(2406,0,'en','plugins/ecommerce/order','products','product(s)','2021-12-18 03:21:38','2021-12-18 03:22:13'),(2407,0,'en','plugins/ecommerce/order','default','Default','2021-12-18 03:21:38','2021-12-18 03:22:13'),(2408,0,'en','plugins/ecommerce/order','system','System','2021-12-18 03:21:38','2021-12-18 03:22:13'),(2409,0,'en','plugins/ecommerce/order','new_order_from','New order :order_id from :customer','2021-12-18 03:21:38','2021-12-18 03:22:13'),(2410,0,'en','plugins/ecommerce/order','confirmation_email_was_sent_to_customer','The email confirmation was sent to customer','2021-12-18 03:21:38','2021-12-18 03:22:13'),(2411,0,'en','plugins/ecommerce/order','address_name_required','The name field is required.','2021-12-18 03:21:38','2021-12-18 03:22:13'),(2412,0,'en','plugins/ecommerce/order','address_phone_required','The phone field is required.','2021-12-18 03:21:38','2021-12-18 03:22:13'),(2413,0,'en','plugins/ecommerce/order','address_email_required','The email field is required.','2021-12-18 03:21:38','2021-12-18 03:22:13'),(2414,0,'en','plugins/ecommerce/order','address_email_unique','The customer with that email is existed, please choose other email or login with this email!','2021-12-18 03:21:38','2021-12-18 03:22:13'),(2415,0,'en','plugins/ecommerce/order','address_state_required','The state field is required.','2021-12-18 03:21:38','2021-12-18 03:22:13'),(2416,0,'en','plugins/ecommerce/order','address_city_required','The city field is required.','2021-12-18 03:21:38','2021-12-18 03:22:13'),(2417,0,'en','plugins/ecommerce/order','address_country_required','The country field is required.','2021-12-18 03:21:38','2021-12-18 03:22:13'),(2418,0,'en','plugins/ecommerce/order','address_address_required','The address field is required.','2021-12-18 03:21:38','2021-12-18 03:22:13'),(2419,0,'en','plugins/ecommerce/order','create_order_from_payment_page','Order was created from checkout page','2021-12-18 03:21:38','2021-12-18 03:22:13'),(2420,0,'en','plugins/ecommerce/order','order_was_verified_by','Order was verified by %user_name%','2021-12-18 03:21:38','2021-12-18 03:22:13'),(2421,0,'en','plugins/ecommerce/order','new_order','New order :order_id','2021-12-18 03:21:38','2021-12-18 03:22:13'),(2422,0,'en','plugins/ecommerce/order','payment_was_confirmed_by','Payment was confirmed (amount :money) by %user_name%','2021-12-18 03:21:38','2021-12-18 03:22:13'),(2423,0,'en','plugins/ecommerce/order','edit_order','Edit order :code','2021-12-18 03:21:38','2021-12-18 03:22:13'),(2424,0,'en','plugins/ecommerce/order','confirm_order_success','Confirm order successfully!','2021-12-18 03:21:38','2021-12-18 03:22:13'),(2425,0,'en','plugins/ecommerce/order','error_when_sending_email','There is an error when sending email','2021-12-18 03:21:38','2021-12-18 03:22:13'),(2426,0,'en','plugins/ecommerce/order','sent_confirmation_email_success','Sent confirmation email successfully!','2021-12-18 03:21:38','2021-12-18 03:22:13'),(2427,0,'en','plugins/ecommerce/order','order_was_sent_to_shipping_team','Order was sent to shipping team','2021-12-18 03:21:38','2021-12-18 03:22:13'),(2428,0,'en','plugins/ecommerce/order','by_username','by %user_name%','2021-12-18 03:21:38','2021-12-18 03:22:13'),(2429,0,'en','plugins/ecommerce/order','shipping_was_created_from','Shipping was created from order %order_id%','2021-12-18 03:21:38','2021-12-18 03:22:13'),(2430,0,'en','plugins/ecommerce/order','shipping_was_canceled_success','Shipping was cancelled successfully!','2021-12-18 03:21:38','2021-12-18 03:22:13'),(2431,0,'en','plugins/ecommerce/order','shipping_was_canceled_by','Shipping was cancelled by %user_name%','2021-12-18 03:21:38','2021-12-18 03:22:13'),(2432,0,'en','plugins/ecommerce/order','update_shipping_address_success','Update shipping address successfully!','2021-12-18 03:21:38','2021-12-18 03:22:13'),(2433,0,'en','plugins/ecommerce/order','order_was_canceled_by','Order was cancelled by %user_name%','2021-12-18 03:21:38','2021-12-18 03:22:13'),(2434,0,'en','plugins/ecommerce/order','confirm_payment_success','Confirm payment successfully!','2021-12-18 03:21:38','2021-12-18 03:22:13'),(2435,0,'en','plugins/ecommerce/order','refund_amount_invalid','Refund amount must be lower or equal :price','2021-12-18 03:21:38','2021-12-18 03:22:13'),(2436,0,'en','plugins/ecommerce/order','number_of_products_invalid','Number of products refund is not valid!','2021-12-18 03:21:38','2021-12-18 03:22:13'),(2437,0,'en','plugins/ecommerce/order','cannot_found_payment_for_this_order','Cannot found payment for this order!','2021-12-18 03:21:38','2021-12-18 03:22:13'),(2438,0,'en','plugins/ecommerce/order','refund_success_with_price','Refund success :price','2021-12-18 03:21:38','2021-12-18 03:22:13'),(2439,0,'en','plugins/ecommerce/order','refund_success','Refund successfully!','2021-12-18 03:21:38','2021-12-18 03:22:13'),(2440,0,'en','plugins/ecommerce/order','order_is_not_existed','Order is not existed!','2021-12-18 03:21:38','2021-12-18 03:22:13'),(2441,0,'en','plugins/ecommerce/order','reorder','Reorder','2021-12-18 03:21:38','2021-12-18 03:22:13'),(2442,0,'en','plugins/ecommerce/order','sent_email_incomplete_order_success','Sent email to remind about incomplete order successfully!','2021-12-18 03:21:38','2021-12-18 03:22:13'),(2443,0,'en','plugins/ecommerce/order','applied_coupon_success','Applied coupon \":code\" successfully!','2021-12-18 03:21:38','2021-12-18 03:22:13'),(2444,0,'en','plugins/ecommerce/order','new_order_notice','You have <span class=\"bold\">:count</span> New Order(s)','2021-12-18 03:21:38','2021-12-18 03:22:13'),(2445,0,'en','plugins/ecommerce/order','view_all','View all','2021-12-18 03:21:38','2021-12-18 03:22:13'),(2446,0,'en','plugins/ecommerce/order','cancel_order','Cancel order','2021-12-18 03:21:38','2021-12-18 03:22:13'),(2447,0,'en','plugins/ecommerce/order','order_canceled','Order canceled','2021-12-18 03:21:38','2021-12-18 03:22:13'),(2448,0,'en','plugins/ecommerce/order','order_was_canceled_at','Order was canceled at','2021-12-18 03:21:38','2021-12-18 03:22:13'),(2449,0,'en','plugins/ecommerce/order','completed','Completed','2021-12-18 03:21:38','2021-12-18 03:22:13'),(2450,0,'en','plugins/ecommerce/order','uncompleted','Uncompleted','2021-12-18 03:21:38','2021-12-18 03:22:13'),(2451,0,'en','plugins/ecommerce/order','sku','SKU','2021-12-18 03:21:38','2021-12-18 03:22:13'),(2452,0,'en','plugins/ecommerce/order','warehouse','Warehouse','2021-12-18 03:21:38','2021-12-18 03:22:13'),(2453,0,'en','plugins/ecommerce/order','sub_amount','Sub amount','2021-12-18 03:21:38','2021-12-18 03:22:13'),(2454,0,'en','plugins/ecommerce/order','coupon_code','Coupon code: \":code\"','2021-12-18 03:21:38','2021-12-18 03:22:13'),(2455,0,'en','plugins/ecommerce/order','shipping_fee','Shipping fee','2021-12-18 03:21:38','2021-12-18 03:22:13'),(2456,0,'en','plugins/ecommerce/order','tax','Tax','2021-12-18 03:21:38','2021-12-18 03:22:13'),(2457,0,'en','plugins/ecommerce/order','refunded_amount','Refunded amount','2021-12-18 03:21:38','2021-12-18 03:22:13'),(2458,0,'en','plugins/ecommerce/order','amount_received','The amount actually received','2021-12-18 03:21:38','2021-12-18 03:22:13'),(2459,0,'en','plugins/ecommerce/order','download_invoice','Download invoice','2021-12-18 03:21:38','2021-12-18 03:22:13'),(2460,0,'en','plugins/ecommerce/order','add_note','Add note...','2021-12-18 03:21:38','2021-12-18 03:22:13'),(2461,0,'en','plugins/ecommerce/order','order_was_confirmed','Order was confirmed','2021-12-18 03:21:38','2021-12-18 03:22:13'),(2462,0,'en','plugins/ecommerce/order','confirm_order','Confirm order','2021-12-18 03:21:38','2021-12-18 03:22:13'),(2463,0,'en','plugins/ecommerce/order','confirm','Confirm','2021-12-18 03:21:38','2021-12-18 03:22:13'),(2464,0,'en','plugins/ecommerce/order','order_was_canceled','Order was canceled','2021-12-18 03:21:38','2021-12-18 03:22:13'),(2465,0,'en','plugins/ecommerce/order','pending_payment','Pending payment','2021-12-18 03:21:38','2021-12-18 03:22:13'),(2466,0,'en','plugins/ecommerce/order','payment_was_accepted','Payment :money was accepted','2021-12-18 03:21:38','2021-12-18 03:22:13'),(2467,0,'en','plugins/ecommerce/order','payment_was_refunded','Payment was refunded','2021-12-18 03:21:38','2021-12-18 03:22:13'),(2468,0,'en','plugins/ecommerce/order','confirm_payment','Confirm payment','2021-12-18 03:21:38','2021-12-18 03:22:13'),(2469,0,'en','plugins/ecommerce/order','refund','Refund','2021-12-18 03:21:38','2021-12-18 03:22:13'),(2470,0,'en','plugins/ecommerce/order','all_products_are_not_delivered','All products are not delivered','2021-12-18 03:21:38','2021-12-18 03:22:13'),(2471,0,'en','plugins/ecommerce/order','delivery','Delivery','2021-12-18 03:21:38','2021-12-18 03:22:13'),(2472,0,'en','plugins/ecommerce/order','history','History','2021-12-18 03:21:38','2021-12-18 03:22:13'),(2473,0,'en','plugins/ecommerce/order','order_number','Order number','2021-12-18 03:21:38','2021-12-18 03:22:13'),(2474,0,'en','plugins/ecommerce/order','from','from','2021-12-18 03:21:38','2021-12-18 03:22:13'),(2475,0,'en','plugins/ecommerce/order','status','Status','2021-12-18 03:21:38','2021-12-18 03:22:13'),(2476,0,'en','plugins/ecommerce/order','successfully','Successfully','2021-12-18 03:21:38','2021-12-18 03:22:13'),(2477,0,'en','plugins/ecommerce/order','transaction_type','Transaction\'s type','2021-12-18 03:21:38','2021-12-18 03:22:13'),(2478,0,'en','plugins/ecommerce/order','staff','Staff','2021-12-18 03:21:38','2021-12-18 03:22:13'),(2479,0,'en','plugins/ecommerce/order','refund_date','Refund date','2021-12-18 03:21:38','2021-12-18 03:22:13'),(2480,0,'en','plugins/ecommerce/order','n_a','N\\A','2021-12-18 03:21:38','2021-12-18 03:22:13'),(2481,0,'en','plugins/ecommerce/order','payment_date','Payment date','2021-12-18 03:21:38','2021-12-18 03:22:13'),(2482,0,'en','plugins/ecommerce/order','payment_gateway','Payment gateway','2021-12-18 03:21:38','2021-12-18 03:22:13'),(2483,0,'en','plugins/ecommerce/order','transaction_amount','Transaction amount','2021-12-18 03:21:38','2021-12-18 03:22:13'),(2484,0,'en','plugins/ecommerce/order','resend','Resend','2021-12-18 03:21:38','2021-12-18 03:22:13'),(2485,0,'en','plugins/ecommerce/order','default_store','Default store','2021-12-18 03:21:38','2021-12-18 03:22:13'),(2486,0,'en','plugins/ecommerce/order','update_address','Update address','2021-12-18 03:21:38','2021-12-18 03:22:13'),(2487,0,'en','plugins/ecommerce/order','have_an_account_already','Have an account already','2021-12-18 03:21:38','2021-12-18 03:22:13'),(2488,0,'en','plugins/ecommerce/order','dont_have_an_account_yet','Don\'t have an account yet','2021-12-18 03:21:38','2021-12-18 03:22:13'),(2489,0,'en','plugins/ecommerce/order','mark_payment_as_confirmed','Mark <span>:method</span> as confirmed','2021-12-18 03:21:38','2021-12-18 03:22:13'),(2490,0,'en','plugins/ecommerce/order','resend_order_confirmation','Resend order confirmation','2021-12-18 03:21:38','2021-12-18 03:22:13'),(2491,0,'en','plugins/ecommerce/order','resend_order_confirmation_description','Confirmation email will be sent to <strong>:email</strong>?','2021-12-18 03:21:38','2021-12-18 03:22:13'),(2492,0,'en','plugins/ecommerce/order','send','Send','2021-12-18 03:21:38','2021-12-18 03:22:13'),(2493,0,'en','plugins/ecommerce/order','update','Update','2021-12-18 03:21:38','2021-12-18 03:22:13'),(2494,0,'en','plugins/ecommerce/order','cancel_shipping_confirmation','Cancel shipping confirmation?','2021-12-18 03:21:38','2021-12-18 03:22:13'),(2495,0,'en','plugins/ecommerce/order','cancel_shipping_confirmation_description','Cancel shipping confirmation?','2021-12-18 03:21:38','2021-12-18 03:22:13'),(2496,0,'en','plugins/ecommerce/order','cancel_order_confirmation','Cancel order confirmation?','2021-12-18 03:21:38','2021-12-18 03:22:13'),(2497,0,'en','plugins/ecommerce/order','cancel_order_confirmation_description','Are you sure you want to cancel this order? This action cannot rollback','2021-12-18 03:21:38','2021-12-18 03:22:13'),(2498,0,'en','plugins/ecommerce/order','confirm_payment_confirmation_description','Processed by <strong>:method</strong>. Did you receive payment outside the system? This payment won\'t be saved into system and cannot be refunded','2021-12-18 03:21:38','2021-12-18 03:22:13'),(2499,0,'en','plugins/ecommerce/order','save_note','Save note','2021-12-18 03:21:38','2021-12-18 03:22:13'),(2500,0,'en','plugins/ecommerce/order','order_note','Order note','2021-12-18 03:21:38','2021-12-18 03:22:13'),(2501,0,'en','plugins/ecommerce/order','order_note_placeholder','Note about order, ex: time or shipping instruction.','2021-12-18 03:21:38','2021-12-18 03:22:13'),(2502,0,'en','plugins/ecommerce/order','order_amount','Order amount','2021-12-18 03:21:38','2021-12-18 03:22:13'),(2503,0,'en','plugins/ecommerce/order','additional_information','Additional information','2021-12-18 03:21:38','2021-12-18 03:22:13'),(2504,0,'en','plugins/ecommerce/order','notice_about_incomplete_order','Notice about incomplete order','2021-12-18 03:21:38','2021-12-18 03:22:13'),(2505,0,'en','plugins/ecommerce/order','notice_about_incomplete_order_description','Remind email about uncompleted order will be send to <strong>:email</strong>?','2021-12-18 03:21:38','2021-12-18 03:22:13'),(2506,0,'en','plugins/ecommerce/order','incomplete_order_description_1','An incomplete order is when a potential customer places items in their shopping cart, and goes all the way through to the payment page, but then doesn\'t complete the transaction.','2021-12-18 03:21:38','2021-12-18 03:22:13'),(2507,0,'en','plugins/ecommerce/order','incomplete_order_description_2','If you have contacted customers and they want to continue buying, you can help them complete their order by following the link:','2021-12-18 03:21:38','2021-12-18 03:22:13'),(2508,0,'en','plugins/ecommerce/order','send_an_email_to_recover_this_order','Send an email to customer to recover this order','2021-12-18 03:21:38','2021-12-18 03:22:13'),(2509,0,'en','plugins/ecommerce/order','see_maps','See maps','2021-12-18 03:21:38','2021-12-18 03:22:13'),(2510,0,'en','plugins/ecommerce/order','one_or_more_products_dont_have_enough_quantity','One or more products don\'t have enough quantity!','2021-12-18 03:21:38','2021-12-18 03:22:13'),(2511,0,'en','plugins/ecommerce/order','cannot_send_order_recover_to_mail','The email could not be found so it can\'t send a recovery email to the customer.','2021-12-18 03:21:38','2021-12-18 03:22:13'),(2512,0,'en','plugins/ecommerce/order','payment_info','Payment Info','2021-12-18 03:21:38','2021-12-18 03:22:13'),(2513,0,'en','plugins/ecommerce/order','payment_method_refund_automatic','Your customer will be refunded using :method automatically.','2021-12-18 03:21:38','2021-12-18 03:22:13'),(2514,0,'en','plugins/ecommerce/order','order','Order','2021-12-18 03:21:38','2021-12-18 03:22:13'),(2515,0,'en','plugins/ecommerce/order','order_information','Order information','2021-12-18 03:21:38','2021-12-18 03:22:13'),(2516,0,'en','plugins/ecommerce/order','create_a_new_product','Create a new product','2021-12-18 03:21:38','2021-12-18 03:22:13'),(2517,0,'en','plugins/ecommerce/order','out_of_stock','Out of stock','2021-12-18 03:21:38','2021-12-18 03:22:13'),(2518,0,'en','plugins/ecommerce/order','products_available','product(s) available','2021-12-18 03:21:38','2021-12-18 03:22:13'),(2519,0,'en','plugins/ecommerce/order','no_products_found','No products found!','2021-12-18 03:21:38','2021-12-18 03:22:13'),(2520,0,'en','plugins/ecommerce/order','note','Note','2021-12-18 03:21:38','2021-12-18 03:22:13'),(2521,0,'en','plugins/ecommerce/order','note_for_order','Note for order...','2021-12-18 03:21:38','2021-12-18 03:22:13'),(2522,0,'en','plugins/ecommerce/order','amount','Amount','2021-12-18 03:21:38','2021-12-18 03:22:13'),(2523,0,'en','plugins/ecommerce/order','add_discount','Add discount','2021-12-18 03:21:38','2021-12-18 03:22:13'),(2524,0,'en','plugins/ecommerce/order','discount','Discount','2021-12-18 03:21:38','2021-12-18 03:22:13'),(2525,0,'en','plugins/ecommerce/order','add_shipping_fee','Add shipping fee','2021-12-18 03:21:38','2021-12-18 03:22:13'),(2526,0,'en','plugins/ecommerce/order','shipping','Shipping','2021-12-18 03:21:38','2021-12-18 03:22:13'),(2527,0,'en','plugins/ecommerce/order','total_amount','Total amount','2021-12-18 03:21:38','2021-12-18 03:22:13'),(2528,0,'en','plugins/ecommerce/order','confirm_payment_and_create_order','Confirm payment and create order','2021-12-18 03:21:38','2021-12-18 03:22:13'),(2529,0,'en','plugins/ecommerce/order','paid','Paid','2021-12-18 03:21:38','2021-12-18 03:22:13'),(2530,0,'en','plugins/ecommerce/order','pay_later','Pay later','2021-12-18 03:21:38','2021-12-18 03:22:13'),(2531,0,'en','plugins/ecommerce/order','customer_information','Customer information','2021-12-18 03:21:38','2021-12-18 03:22:13'),(2532,0,'en','plugins/ecommerce/order','create_new_customer','Create new customer','2021-12-18 03:21:38','2021-12-18 03:22:13'),(2533,0,'en','plugins/ecommerce/order','no_customer_found','No customer found!','2021-12-18 03:21:38','2021-12-18 03:22:13'),(2534,0,'en','plugins/ecommerce/order','customer','Customer','2021-12-18 03:21:38','2021-12-18 03:22:13'),(2535,0,'en','plugins/ecommerce/order','orders','order(s)','2021-12-18 03:21:38','2021-12-18 03:22:13'),(2536,0,'en','plugins/ecommerce/order','shipping_address','Shipping Address','2021-12-18 03:21:38','2021-12-18 03:22:13'),(2537,0,'en','plugins/ecommerce/order','see_on_maps','See on maps','2021-12-18 03:21:38','2021-12-18 03:22:13'),(2538,0,'en','plugins/ecommerce/order','name','Name','2021-12-18 03:21:38','2021-12-18 03:22:13'),(2539,0,'en','plugins/ecommerce/order','price','Price','2021-12-18 03:21:38','2021-12-18 03:22:13'),(2540,0,'en','plugins/ecommerce/order','sku_optional','SKU (optional)','2021-12-18 03:21:38','2021-12-18 03:22:13'),(2541,0,'en','plugins/ecommerce/order','with_storehouse_management','With storehouse management?','2021-12-18 03:21:38','2021-12-18 03:22:13'),(2542,0,'en','plugins/ecommerce/order','quantity','Quantity','2021-12-18 03:21:38','2021-12-18 03:22:13'),(2543,0,'en','plugins/ecommerce/order','allow_customer_checkout_when_this_product_out_of_stock','Allow customer checkout when this product out of stock?','2021-12-18 03:21:38','2021-12-18 03:22:13'),(2544,0,'en','plugins/ecommerce/order','address','Address','2021-12-18 03:21:38','2021-12-18 03:22:13'),(2545,0,'en','plugins/ecommerce/order','phone','Phone','2021-12-18 03:21:38','2021-12-18 03:22:13'),(2546,0,'en','plugins/ecommerce/order','country','Country','2021-12-18 03:21:38','2021-12-18 03:22:13'),(2547,0,'en','plugins/ecommerce/order','state','State','2021-12-18 03:21:38','2021-12-18 03:22:13'),(2548,0,'en','plugins/ecommerce/order','city','City','2021-12-18 03:21:38','2021-12-18 03:22:13'),(2549,0,'en','plugins/ecommerce/order','zip_code','Zip code','2021-12-18 03:21:38','2021-12-18 03:22:13'),(2550,0,'en','plugins/ecommerce/order','discount_based_on','Discount based on','2021-12-18 03:21:38','2021-12-18 03:22:13'),(2551,0,'en','plugins/ecommerce/order','or_coupon_code','Or coupon code','2021-12-18 03:21:38','2021-12-18 03:22:13'),(2552,0,'en','plugins/ecommerce/order','description','Description','2021-12-18 03:21:38','2021-12-18 03:22:13'),(2553,0,'en','plugins/ecommerce/order','how_to_select_configured_shipping','How to select configured shipping?','2021-12-18 03:21:38','2021-12-18 03:22:13'),(2554,0,'en','plugins/ecommerce/order','please_add_customer_information_with_the_complete_shipping_address_to_see_the_configured_shipping_rates','Please add customer information with the complete shipping address to see the configured shipping rates','2021-12-18 03:21:38','2021-12-18 03:22:13'),(2555,0,'en','plugins/ecommerce/order','free_shipping','Free shipping','2021-12-18 03:21:38','2021-12-18 03:22:13'),(2556,0,'en','plugins/ecommerce/order','custom','Custom','2021-12-18 03:21:38','2021-12-18 03:22:13'),(2557,0,'en','plugins/ecommerce/order','email','Email','2021-12-18 03:21:38','2021-12-18 03:22:13'),(2558,0,'en','plugins/ecommerce/order','create_order','Create order','2021-12-18 03:21:38','2021-12-18 03:22:13'),(2559,0,'en','plugins/ecommerce/order','close','Close','2021-12-18 03:21:38','2021-12-18 03:22:13'),(2560,0,'en','plugins/ecommerce/order','confirm_payment_is_paid_for_this_order','Confirm payment is paid for this order','2021-12-18 03:21:38','2021-12-18 03:22:13'),(2561,0,'en','plugins/ecommerce/order','payment_status_of_the_order_is_paid_once_the_order_has_been_created_you_cannot_change_the_payment_method_or_status','Payment status of the order is Paid. Once the order has been created, you cannot change the payment method or status','2021-12-18 03:21:38','2021-12-18 03:22:13'),(2562,0,'en','plugins/ecommerce/order','select_payment_method','Select payment method','2021-12-18 03:21:38','2021-12-18 03:22:13'),(2563,0,'en','plugins/ecommerce/order','cash_on_delivery_cod','Cash on delivery (COD)','2021-12-18 03:21:38','2021-12-18 03:22:13'),(2564,0,'en','plugins/ecommerce/order','bank_transfer','Bank transfer','2021-12-18 03:21:38','2021-12-18 03:22:13'),(2565,0,'en','plugins/ecommerce/order','paid_amount','Paid amount','2021-12-18 03:21:38','2021-12-18 03:22:13'),(2566,0,'en','plugins/ecommerce/order','confirm_that_payment_for_this_order_will_be_paid_later','Confirm that payment for this order will be paid later','2021-12-18 03:21:38','2021-12-18 03:22:13'),(2567,0,'en','plugins/ecommerce/order','payment_status_of_the_order_is_pending_once_the_order_has_been_created_you_cannot_change_the_payment_method_or_status','Payment status of the order is Pending. Once the order has been created, you cannot change the payment method or status','2021-12-18 03:21:38','2021-12-18 03:22:13'),(2568,0,'en','plugins/ecommerce/order','pending_amount','Pending amount','2021-12-18 03:21:38','2021-12-18 03:22:13'),(2569,0,'en','plugins/ecommerce/order','update_email','Update email','2021-12-18 03:21:38','2021-12-18 03:22:13'),(2570,0,'en','plugins/ecommerce/order','save','Save','2021-12-18 03:21:38','2021-12-18 03:22:13'),(2571,0,'en','plugins/ecommerce/order','cancel','Cancel','2021-12-18 03:21:38','2021-12-18 03:22:13'),(2572,0,'en','plugins/ecommerce/order','create_a_new_order','Create a new order','2021-12-18 03:21:38','2021-12-18 03:22:13'),(2573,0,'en','plugins/ecommerce/order','search_or_create_new_product','Search or create a new product','2021-12-18 03:21:38','2021-12-18 03:22:13'),(2574,0,'en','plugins/ecommerce/order','search_or_create_new_customer','Search or create a new customer','2021-12-18 03:21:38','2021-12-18 03:22:13'),(2575,0,'en','plugins/ecommerce/order','discount_description','Discount description','2021-12-18 03:21:38','2021-12-18 03:22:13'),(2576,0,'en','plugins/ecommerce/order','cant_select_out_of_stock_product','Cannot select out of stock product!','2021-12-18 03:21:38','2021-12-18 03:22:13'),(2577,0,'en','plugins/ecommerce/payment','name','Payments','2021-12-18 03:21:38','2021-12-18 03:22:13'),(2578,0,'en','plugins/ecommerce/payment','payment_method','Payment methods','2021-12-18 03:21:38','2021-12-18 03:22:13'),(2579,0,'en','plugins/ecommerce/payment','view_payment','View payment #','2021-12-18 03:21:38','2021-12-18 03:22:13'),(2580,0,'en','plugins/ecommerce/payment','charge_id','Charge ID','2021-12-18 03:21:38','2021-12-18 03:22:13'),(2581,0,'en','plugins/ecommerce/payment','amount','Amount','2021-12-18 03:21:38','2021-12-18 03:22:13'),(2582,0,'en','plugins/ecommerce/payment','currency','Currency','2021-12-18 03:21:38','2021-12-18 03:22:13'),(2583,0,'en','plugins/ecommerce/payment','user','User','2021-12-18 03:21:38','2021-12-18 03:22:13'),(2584,0,'en','plugins/ecommerce/payment','paypal_name_required','PayPal\'s name is required!','2021-12-18 03:21:38','2021-12-18 03:22:13'),(2585,0,'en','plugins/ecommerce/payment','paypal_name_max','PayPal\'s name is too long!','2021-12-18 03:21:38','2021-12-18 03:22:13'),(2586,0,'en','plugins/ecommerce/payment','stripe_name_required','Stripe\'s name is required!','2021-12-18 03:21:38','2021-12-18 03:22:13'),(2587,0,'en','plugins/ecommerce/payment','stripe_name_max','Stripe\'s name is too long!','2021-12-18 03:21:38','2021-12-18 03:22:13'),(2588,0,'en','plugins/ecommerce/payment','status','Status','2021-12-18 03:21:38','2021-12-18 03:22:13'),(2589,0,'en','plugins/ecommerce/payment','enabled','Enabled','2021-12-18 03:21:38','2021-12-18 03:22:13'),(2590,0,'en','plugins/ecommerce/payment','disabled','Disabled','2021-12-18 03:21:38','2021-12-18 03:22:13'),(2591,0,'en','plugins/ecommerce/payment','client_id','Client ID','2021-12-18 03:21:38','2021-12-18 03:22:13'),(2592,0,'en','plugins/ecommerce/payment','client_secret','Client Secret','2021-12-18 03:21:38','2021-12-18 03:22:13'),(2593,0,'en','plugins/ecommerce/payment','mode','Mode','2021-12-18 03:21:38','2021-12-18 03:22:13'),(2594,0,'en','plugins/ecommerce/payment','sandbox','Sandbox','2021-12-18 03:21:38','2021-12-18 03:22:13'),(2595,0,'en','plugins/ecommerce/payment','live','Live','2021-12-18 03:21:38','2021-12-18 03:22:13'),(2596,0,'en','plugins/ecommerce/payment','enable_payment_log','Enable Payment Log','2021-12-18 03:21:38','2021-12-18 03:22:13'),(2597,0,'en','plugins/ecommerce/payment','yes','Yes','2021-12-18 03:21:38','2021-12-18 03:22:13'),(2598,0,'en','plugins/ecommerce/payment','no','No','2021-12-18 03:21:38','2021-12-18 03:22:13'),(2599,0,'en','plugins/ecommerce/payment','client_key','Client Key','2021-12-18 03:21:38','2021-12-18 03:22:13'),(2600,0,'en','plugins/ecommerce/payment','stripe','Stripe','2021-12-18 03:21:38','2021-12-18 03:22:13'),(2601,0,'en','plugins/ecommerce/payment','paypal','PayPal','2021-12-18 03:21:38','2021-12-18 03:22:13'),(2602,0,'en','plugins/ecommerce/payment','action','Action','2021-12-18 03:21:38','2021-12-18 03:22:13'),(2603,0,'en','plugins/ecommerce/payment','go_back','Go back','2021-12-18 03:21:38','2021-12-18 03:22:13'),(2604,0,'en','plugins/ecommerce/payment','view','View','2021-12-18 03:21:38','2021-12-18 03:22:13'),(2605,0,'en','plugins/ecommerce/payment','cash_on_delivery','Cash on delivery (COD)','2021-12-18 03:21:38','2021-12-18 03:22:13'),(2606,0,'en','plugins/ecommerce/payment','via_bank_transfer','Via bank transfer','2021-12-18 03:21:38','2021-12-18 03:22:13'),(2607,0,'en','plugins/ecommerce/payment','payment_via_cart','Payment via card','2021-12-18 03:21:38','2021-12-18 03:22:13'),(2608,0,'en','plugins/ecommerce/payment','card_number','Card number','2021-12-18 03:21:38','2021-12-18 03:22:13'),(2609,0,'en','plugins/ecommerce/payment','full_name','Full name','2021-12-18 03:21:38','2021-12-18 03:22:13'),(2610,0,'en','plugins/ecommerce/payment','payment_via_paypal','Payment via PayPal','2021-12-18 03:21:38','2021-12-18 03:22:13'),(2611,0,'en','plugins/ecommerce/payment','mm_yy','MM/YY','2021-12-18 03:21:38','2021-12-18 03:22:13'),(2612,0,'en','plugins/ecommerce/payment','cvc','CVC','2021-12-18 03:21:38','2021-12-18 03:22:13'),(2613,0,'en','plugins/ecommerce/payment','details','Details','2021-12-18 03:21:38','2021-12-18 03:22:13'),(2614,0,'en','plugins/ecommerce/payment','payer_name','Payer Name','2021-12-18 03:21:38','2021-12-18 03:22:13'),(2615,0,'en','plugins/ecommerce/payment','email','Email','2021-12-18 03:21:38','2021-12-18 03:22:13'),(2616,0,'en','plugins/ecommerce/payment','phone','Phone','2021-12-18 03:21:38','2021-12-18 03:22:13'),(2617,0,'en','plugins/ecommerce/payment','country','Country','2021-12-18 03:21:38','2021-12-18 03:22:13'),(2618,0,'en','plugins/ecommerce/payment','shipping_address','Shipping Address','2021-12-18 03:21:38','2021-12-18 03:22:13'),(2619,0,'en','plugins/ecommerce/payment','payment_details','Payment Details','2021-12-18 03:21:38','2021-12-18 03:22:13'),(2620,0,'en','plugins/ecommerce/payment','card','Card','2021-12-18 03:21:38','2021-12-18 03:22:13'),(2621,0,'en','plugins/ecommerce/payment','address','Address','2021-12-18 03:21:38','2021-12-18 03:22:13'),(2622,0,'en','plugins/ecommerce/payment','could_not_get_stripe_token','Could not get Stripe token to make a charge.','2021-12-18 03:21:38','2021-12-18 03:22:13'),(2623,0,'en','plugins/ecommerce/payment','new_payment','Payment for order :id','2021-12-18 03:21:38','2021-12-18 03:22:13'),(2624,0,'en','plugins/ecommerce/payment','payment_id','Payment ID','2021-12-18 03:21:38','2021-12-18 03:22:13'),(2625,0,'en','plugins/ecommerce/prices','name','Price','2021-12-18 03:21:38','2021-12-18 03:22:13'),(2626,0,'en','plugins/ecommerce/prices','create','New price','2021-12-18 03:21:38','2021-12-18 03:22:13'),(2627,0,'en','plugins/ecommerce/prices','edit','Edit price','2021-12-18 03:21:38','2021-12-18 03:22:13'),(2628,0,'en','plugins/ecommerce/prices','list','List price','2021-12-18 03:21:38','2021-12-18 03:22:13'),(2629,0,'en','plugins/ecommerce/product-attribute-sets','name','Product attribute sets','2021-12-18 03:21:39','2021-12-18 03:22:13'),(2630,0,'en','plugins/ecommerce/product-attribute-sets','create','New product attribute set','2021-12-18 03:21:39','2021-12-18 03:22:13'),(2631,0,'en','plugins/ecommerce/product-attribute-sets','edit','Edit product attribute set','2021-12-18 03:21:39','2021-12-18 03:22:13'),(2632,0,'en','plugins/ecommerce/product-attribute-sets','visible_in_categories','Visible in categories','2021-12-18 03:21:39','2021-12-18 03:22:13'),(2633,0,'en','plugins/ecommerce/product-attribute-sets','product_with_more_version','Product with more version','2021-12-18 03:21:39','2021-12-18 03:22:13'),(2634,0,'en','plugins/ecommerce/product-attribute-sets','create_a_version','Create a version','2021-12-18 03:21:39','2021-12-18 03:22:13'),(2635,0,'en','plugins/ecommerce/product-attribute-sets','enabled','Enabled','2021-12-18 03:21:39','2021-12-18 03:22:13'),(2636,0,'en','plugins/ecommerce/product-attribute-sets','attributes','Attributes','2021-12-18 03:21:39','2021-12-18 03:22:13'),(2637,0,'en','plugins/ecommerce/product-attribute-sets','price','Price','2021-12-18 03:21:39','2021-12-18 03:22:13'),(2638,0,'en','plugins/ecommerce/product-attribute-sets','edit_btn','Edit','2021-12-18 03:21:39','2021-12-18 03:22:13'),(2639,0,'en','plugins/ecommerce/product-attribute-sets','remove_btn','Remove','2021-12-18 03:21:39','2021-12-18 03:22:13'),(2640,0,'en','plugins/ecommerce/product-attribute-sets','product','Product','2021-12-18 03:21:39','2021-12-18 03:22:13'),(2641,0,'en','plugins/ecommerce/product-attribute-sets','back_to_product','Back to product','2021-12-18 03:21:39','2021-12-18 03:22:13'),(2642,0,'en','plugins/ecommerce/product-attribute-sets','save','Save','2021-12-18 03:21:39','2021-12-18 03:22:13'),(2643,0,'en','plugins/ecommerce/product-attribute-sets','other_existing_versions','Other existing versions','2021-12-18 03:21:39','2021-12-18 03:22:13'),(2644,0,'en','plugins/ecommerce/product-attribute-sets','version_information','Version information','2021-12-18 03:21:39','2021-12-18 03:22:13'),(2645,0,'en','plugins/ecommerce/product-attribute-sets','add_rule','Add rule','2021-12-18 03:21:39','2021-12-18 03:22:13'),(2646,0,'en','plugins/ecommerce/product-attribute-sets','rules','Rules','2021-12-18 03:21:39','2021-12-18 03:22:13'),(2647,0,'en','plugins/ecommerce/product-attribute-sets','pricing','Pricing','2021-12-18 03:21:39','2021-12-18 03:22:13'),(2648,0,'en','plugins/ecommerce/product-attribute-sets','sale_price','Sale price','2021-12-18 03:21:39','2021-12-18 03:22:13'),(2649,0,'en','plugins/ecommerce/product-attribute-sets','sale_type','Sale type','2021-12-18 03:21:39','2021-12-18 03:22:13'),(2650,0,'en','plugins/ecommerce/product-attribute-sets','no_sale_price','No sale price','2021-12-18 03:21:39','2021-12-18 03:22:13'),(2651,0,'en','plugins/ecommerce/product-attribute-sets','always_on_sale','Always on sale','2021-12-18 03:21:39','2021-12-18 03:22:13'),(2652,0,'en','plugins/ecommerce/product-attribute-sets','limited_time','Limited time','2021-12-18 03:21:39','2021-12-18 03:22:13'),(2653,0,'en','plugins/ecommerce/product-attribute-sets','from','From','2021-12-18 03:21:39','2021-12-18 03:22:13'),(2654,0,'en','plugins/ecommerce/product-attribute-sets','to','To','2021-12-18 03:21:39','2021-12-18 03:22:13'),(2655,0,'en','plugins/ecommerce/product-attribute-sets','storehouse','Storehouse','2021-12-18 03:21:39','2021-12-18 03:22:13'),(2656,0,'en','plugins/ecommerce/product-attribute-sets','no_storehouse_management','No storehouse management','2021-12-18 03:21:39','2021-12-18 03:22:13'),(2657,0,'en','plugins/ecommerce/product-attribute-sets','with_storehouse_management','With storehouse management','2021-12-18 03:21:39','2021-12-18 03:22:13'),(2658,0,'en','plugins/ecommerce/product-attribute-sets','quantity','Quantity','2021-12-18 03:21:39','2021-12-18 03:22:13'),(2659,0,'en','plugins/ecommerce/product-attribute-sets','allow_customer_checkout_out_of_stock','Allow customer checkout when this product out of stock','2021-12-18 03:21:39','2021-12-18 03:22:13'),(2660,0,'en','plugins/ecommerce/product-attribute-sets','shipping','Shipping','2021-12-18 03:21:39','2021-12-18 03:22:13'),(2661,0,'en','plugins/ecommerce/product-attribute-sets','length','Length','2021-12-18 03:21:39','2021-12-18 03:22:13'),(2662,0,'en','plugins/ecommerce/product-attribute-sets','wide','Wide','2021-12-18 03:21:39','2021-12-18 03:22:13'),(2663,0,'en','plugins/ecommerce/product-attribute-sets','height','Height','2021-12-18 03:21:39','2021-12-18 03:22:13'),(2664,0,'en','plugins/ecommerce/product-attribute-sets','weight','Weight','2021-12-18 03:21:39','2021-12-18 03:22:13'),(2665,0,'en','plugins/ecommerce/product-attribute-sets','version_images','Version images','2021-12-18 03:21:39','2021-12-18 03:22:13'),(2666,0,'en','plugins/ecommerce/product-attribute-sets','add_new_image','Add new image','2021-12-18 03:21:39','2021-12-18 03:22:13'),(2667,0,'en','plugins/ecommerce/product-attribute-sets','attribute_set','Attribute set','2021-12-18 03:21:39','2021-12-18 03:22:13'),(2668,0,'en','plugins/ecommerce/product-attribute-sets','value','Value','2021-12-18 03:21:39','2021-12-18 03:22:13'),(2669,0,'en','plugins/ecommerce/product-attribute-sets','dropdown_swatch','Dropdown Swatch','2021-12-18 03:21:39','2021-12-18 03:22:13'),(2670,0,'en','plugins/ecommerce/product-attribute-sets','visual_swatch','Visual Swatch','2021-12-18 03:21:39','2021-12-18 03:22:13'),(2671,0,'en','plugins/ecommerce/product-attribute-sets','text_swatch','Text Swatch','2021-12-18 03:21:39','2021-12-18 03:22:13'),(2672,0,'en','plugins/ecommerce/product-attribute-sets','display_layout','Display Layout','2021-12-18 03:21:39','2021-12-18 03:22:13'),(2673,0,'en','plugins/ecommerce/product-attribute-sets','searchable','Searchable','2021-12-18 03:21:39','2021-12-18 03:22:13'),(2674,0,'en','plugins/ecommerce/product-attribute-sets','comparable','Comparable','2021-12-18 03:21:39','2021-12-18 03:22:13'),(2675,0,'en','plugins/ecommerce/product-attribute-sets','use_in_product_listing','Used in product listing','2021-12-18 03:21:39','2021-12-18 03:22:13'),(2676,0,'en','plugins/ecommerce/product-attribute-sets','attributes_list','Attributes list','2021-12-18 03:21:39','2021-12-18 03:22:13'),(2677,0,'en','plugins/ecommerce/product-attribute-sets','is_default','Is default?','2021-12-18 03:21:39','2021-12-18 03:22:13'),(2678,0,'en','plugins/ecommerce/product-attribute-sets','title','Title','2021-12-18 03:21:39','2021-12-18 03:22:13'),(2679,0,'en','plugins/ecommerce/product-attribute-sets','slug','Slug','2021-12-18 03:21:39','2021-12-18 03:22:13'),(2680,0,'en','plugins/ecommerce/product-attribute-sets','color','Color','2021-12-18 03:21:39','2021-12-18 03:22:13'),(2681,0,'en','plugins/ecommerce/product-attribute-sets','image','Image','2021-12-18 03:21:39','2021-12-18 03:22:13'),(2682,0,'en','plugins/ecommerce/product-attribute-sets','remove','Remove','2021-12-18 03:21:39','2021-12-18 03:22:13'),(2683,0,'en','plugins/ecommerce/product-attribute-sets','add_new_attribute','Add new attribute','2021-12-18 03:21:39','2021-12-18 03:22:13'),(2684,0,'en','plugins/ecommerce/product-attributes','name','Product attributes','2021-12-18 03:21:39','2021-12-18 03:22:13'),(2685,0,'en','plugins/ecommerce/product-attributes','create','New product attribute','2021-12-18 03:21:39','2021-12-18 03:22:13'),(2686,0,'en','plugins/ecommerce/product-attributes','edit','Edit product attribute','2021-12-18 03:21:39','2021-12-18 03:22:13'),(2687,0,'en','plugins/ecommerce/product-attributes','intro.title','Manage product attributes','2021-12-18 03:21:39','2021-12-18 03:22:13'),(2688,0,'en','plugins/ecommerce/product-attributes','intro.description','Product attribute such as color, width, height ...','2021-12-18 03:21:39','2021-12-18 03:22:13'),(2689,0,'en','plugins/ecommerce/product-attributes','intro.button_text','Create product attribute','2021-12-18 03:21:39','2021-12-18 03:22:13'),(2690,0,'en','plugins/ecommerce/product-categories','name','Product categories','2021-12-18 03:21:39','2021-12-18 03:22:13'),(2691,0,'en','plugins/ecommerce/product-categories','create','Create new product category','2021-12-18 03:21:39','2021-12-18 03:22:13'),(2692,0,'en','plugins/ecommerce/product-categories','edit','Edit product category','2021-12-18 03:21:39','2021-12-18 03:22:13'),(2693,0,'en','plugins/ecommerce/product-categories','list','List product categories','2021-12-18 03:21:39','2021-12-18 03:22:13'),(2694,0,'en','plugins/ecommerce/product-categories','none','None','2021-12-18 03:21:39','2021-12-18 03:22:13'),(2695,0,'en','plugins/ecommerce/product-categories','menu','Product categories','2021-12-18 03:21:39','2021-12-18 03:22:13'),(2696,0,'en','plugins/ecommerce/product-categories','intro.title','Manage product categories','2021-12-18 03:21:39','2021-12-18 03:22:13'),(2697,0,'en','plugins/ecommerce/product-categories','intro.description','Such as clothes, shoes, bags, jewelry ...','2021-12-18 03:21:39','2021-12-18 03:22:13'),(2698,0,'en','plugins/ecommerce/product-categories','intro.button_text','Create product category','2021-12-18 03:21:39','2021-12-18 03:22:13'),(2699,0,'en','plugins/ecommerce/product-categories','total_products','Total products: :total','2021-12-18 03:21:39','2021-12-18 03:22:13'),(2700,0,'en','plugins/ecommerce/product-collections','name','Product collections','2021-12-18 03:21:39','2021-12-18 03:22:13'),(2701,0,'en','plugins/ecommerce/product-collections','create','New product collection','2021-12-18 03:21:39','2021-12-18 03:22:13'),(2702,0,'en','plugins/ecommerce/product-collections','edit','Edit product collection','2021-12-18 03:21:39','2021-12-18 03:22:13'),(2703,0,'en','plugins/ecommerce/product-collections','slug_help_block','Label key: <code>:slug</code>. We will use this key for filter.','2021-12-18 03:21:39','2021-12-18 03:22:13'),(2704,0,'en','plugins/ecommerce/product-collections','intro.title','Manage product collections','2021-12-18 03:21:39','2021-12-18 03:22:13'),(2705,0,'en','plugins/ecommerce/product-collections','intro.description','Group your products into collections to make it easier for customers to find them by category.','2021-12-18 03:21:39','2021-12-18 03:22:13'),(2706,0,'en','plugins/ecommerce/product-collections','intro.button_text','Create product collection','2021-12-18 03:21:39','2021-12-18 03:22:13'),(2707,0,'en','plugins/ecommerce/product-label','name','Product labels','2021-12-18 03:21:39','2021-12-18 03:22:13'),(2708,0,'en','plugins/ecommerce/product-label','create','New product label','2021-12-18 03:21:39','2021-12-18 03:22:13'),(2709,0,'en','plugins/ecommerce/product-label','edit','Edit product label','2021-12-18 03:21:39','2021-12-18 03:22:13'),(2710,0,'en','plugins/ecommerce/product-label','color','Color','2021-12-18 03:21:39','2021-12-18 03:22:13'),(2711,0,'en','plugins/ecommerce/product-label','color_placeholder','Example: #f0f0f0','2021-12-18 03:21:39','2021-12-18 03:22:13'),(2712,0,'en','plugins/ecommerce/product-tag','name','Product tags','2021-12-18 03:21:39','2021-12-18 03:22:13'),(2713,0,'en','plugins/ecommerce/product-tag','create','New product tag','2021-12-18 03:21:39','2021-12-18 03:22:13'),(2714,0,'en','plugins/ecommerce/product-tag','edit','Edit product tag','2021-12-18 03:21:39','2021-12-18 03:22:13'),(2715,0,'en','plugins/ecommerce/products','name','Products','2021-12-18 03:21:39','2021-12-18 03:22:13'),(2716,0,'en','plugins/ecommerce/products','create','New product','2021-12-18 03:21:39','2021-12-18 03:22:13'),(2717,0,'en','plugins/ecommerce/products','edit','Edit product - :name','2021-12-18 03:21:39','2021-12-18 03:22:13'),(2718,0,'en','plugins/ecommerce/products','form.name','Name','2021-12-18 03:21:39','2021-12-18 03:22:13'),(2719,0,'en','plugins/ecommerce/products','form.name_placeholder','Product\'s name (Maximum 120 characters)','2021-12-18 03:21:39','2021-12-18 03:22:13'),(2720,0,'en','plugins/ecommerce/products','form.description','Description','2021-12-18 03:21:39','2021-12-18 03:22:13'),(2721,0,'en','plugins/ecommerce/products','form.description_placeholder','Short description for product (Maximum 400 characters)','2021-12-18 03:21:39','2021-12-18 03:22:13'),(2722,0,'en','plugins/ecommerce/products','form.categories','Categories','2021-12-18 03:21:39','2021-12-18 03:22:13'),(2723,0,'en','plugins/ecommerce/products','form.content','Content','2021-12-18 03:21:39','2021-12-18 03:22:13'),(2724,0,'en','plugins/ecommerce/products','form.price','Price','2021-12-18 03:21:39','2021-12-18 03:22:13'),(2725,0,'en','plugins/ecommerce/products','form.quantity','Quantity','2021-12-18 03:21:39','2021-12-18 03:22:13'),(2726,0,'en','plugins/ecommerce/products','form.brand','Brand','2021-12-18 03:21:39','2021-12-18 03:22:13'),(2727,0,'en','plugins/ecommerce/products','form.width','Width','2021-12-18 03:21:39','2021-12-18 03:22:13'),(2728,0,'en','plugins/ecommerce/products','form.height','Height','2021-12-18 03:21:39','2021-12-18 03:22:13'),(2729,0,'en','plugins/ecommerce/products','form.weight','Weight','2021-12-18 03:21:39','2021-12-18 03:22:13'),(2730,0,'en','plugins/ecommerce/products','form.date.end','From date','2021-12-18 03:21:39','2021-12-18 03:22:13'),(2731,0,'en','plugins/ecommerce/products','form.date.start','To date','2021-12-18 03:21:39','2021-12-18 03:22:13'),(2732,0,'en','plugins/ecommerce/products','form.image','Images','2021-12-18 03:21:39','2021-12-18 03:22:13'),(2733,0,'en','plugins/ecommerce/products','form.collections','Product collections','2021-12-18 03:21:39','2021-12-18 03:22:13'),(2734,0,'en','plugins/ecommerce/products','form.labels','Labels','2021-12-18 03:21:39','2021-12-18 03:22:13'),(2735,0,'en','plugins/ecommerce/products','form.price_sale','Price sale','2021-12-18 03:21:39','2021-12-18 03:22:13'),(2736,0,'en','plugins/ecommerce/products','form.product_type.title','Product type','2021-12-18 03:21:39','2021-12-18 03:22:13'),(2737,0,'en','plugins/ecommerce/products','form.product','Product','2021-12-18 03:21:39','2021-12-18 03:22:13'),(2738,0,'en','plugins/ecommerce/products','form.total','Total','2021-12-18 03:21:39','2021-12-18 03:22:13'),(2739,0,'en','plugins/ecommerce/products','form.sub_total','Subtotal','2021-12-18 03:21:39','2021-12-18 03:22:13'),(2740,0,'en','plugins/ecommerce/products','form.shipping_fee','Shipping fee','2021-12-18 03:21:39','2021-12-18 03:22:13'),(2741,0,'en','plugins/ecommerce/products','form.discount','Discount','2021-12-18 03:21:39','2021-12-18 03:22:13'),(2742,0,'en','plugins/ecommerce/products','form.options','Options','2021-12-18 03:21:39','2021-12-18 03:22:13'),(2743,0,'en','plugins/ecommerce/products','form.shipping.height','Height','2021-12-18 03:21:39','2021-12-18 03:22:13'),(2744,0,'en','plugins/ecommerce/products','form.shipping.length','Length','2021-12-18 03:21:39','2021-12-18 03:22:13'),(2745,0,'en','plugins/ecommerce/products','form.shipping.title','Shipping','2021-12-18 03:21:39','2021-12-18 03:22:13'),(2746,0,'en','plugins/ecommerce/products','form.shipping.weight','Weight','2021-12-18 03:21:39','2021-12-18 03:22:13'),(2747,0,'en','plugins/ecommerce/products','form.shipping.wide','Wide','2021-12-18 03:21:39','2021-12-18 03:22:13'),(2748,0,'en','plugins/ecommerce/products','form.stock.allow_order_when_out','Allow customer checkout when this product out of stock','2021-12-18 03:21:39','2021-12-18 03:22:13'),(2749,0,'en','plugins/ecommerce/products','form.stock.in_stock','In stock','2021-12-18 03:21:39','2021-12-18 03:22:13'),(2750,0,'en','plugins/ecommerce/products','form.stock.out_stock','Out stock','2021-12-18 03:21:39','2021-12-18 03:22:13'),(2751,0,'en','plugins/ecommerce/products','form.stock.title','Stock status','2021-12-18 03:21:39','2021-12-18 03:22:13'),(2752,0,'en','plugins/ecommerce/products','form.storehouse.no_storehouse','No storehouse management','2021-12-18 03:21:39','2021-12-18 03:22:13'),(2753,0,'en','plugins/ecommerce/products','form.storehouse.storehouse','With storehouse management','2021-12-18 03:21:39','2021-12-18 03:22:13'),(2754,0,'en','plugins/ecommerce/products','form.storehouse.title','Storehouse','2021-12-18 03:21:39','2021-12-18 03:22:13'),(2755,0,'en','plugins/ecommerce/products','form.storehouse.quantity','Quantity','2021-12-18 03:21:39','2021-12-18 03:22:13'),(2756,0,'en','plugins/ecommerce/products','form.tax','Tax','2021-12-18 03:21:39','2021-12-18 03:22:13'),(2757,0,'en','plugins/ecommerce/products','form.is_default','Is default','2021-12-18 03:21:39','2021-12-18 03:22:13'),(2758,0,'en','plugins/ecommerce/products','form.action','Action','2021-12-18 03:21:39','2021-12-18 03:22:13'),(2759,0,'en','plugins/ecommerce/products','form.restock_quantity','Restock quantity','2021-12-18 03:21:39','2021-12-18 03:22:13'),(2760,0,'en','plugins/ecommerce/products','form.remain','Remain','2021-12-18 03:21:39','2021-12-18 03:22:13'),(2761,0,'en','plugins/ecommerce/products','form.choose_discount_period','Choose Discount Period','2021-12-18 03:21:39','2021-12-18 03:22:13'),(2762,0,'en','plugins/ecommerce/products','form.cancel','Cancel','2021-12-18 03:21:39','2021-12-18 03:22:13'),(2763,0,'en','plugins/ecommerce/products','form.no_results','No results!','2021-12-18 03:21:39','2021-12-18 03:22:13'),(2764,0,'en','plugins/ecommerce/products','form.value','Value','2021-12-18 03:21:39','2021-12-18 03:22:13'),(2765,0,'en','plugins/ecommerce/products','form.attribute_name','Attribute name','2021-12-18 03:21:39','2021-12-18 03:22:13'),(2766,0,'en','plugins/ecommerce/products','form.add_more_attribute','Add more attribute','2021-12-18 03:21:39','2021-12-18 03:22:13'),(2767,0,'en','plugins/ecommerce/products','form.continue','Continue','2021-12-18 03:21:39','2021-12-18 03:22:13'),(2768,0,'en','plugins/ecommerce/products','form.add_new_attributes','Add new attributes','2021-12-18 03:21:39','2021-12-18 03:22:13'),(2769,0,'en','plugins/ecommerce/products','form.add_new_attributes_description','Adding new attributes helps the product to have many options, such as size or color.','2021-12-18 03:21:39','2021-12-18 03:22:13'),(2770,0,'en','plugins/ecommerce/products','form.create_product_variations',':link to create product variations!','2021-12-18 03:21:39','2021-12-18 03:22:13'),(2771,0,'en','plugins/ecommerce/products','form.tags','Tags','2021-12-18 03:21:39','2021-12-18 03:22:13'),(2772,0,'en','plugins/ecommerce/products','form.write_some_tags','Write some tags','2021-12-18 03:21:39','2021-12-18 03:22:13'),(2773,0,'en','plugins/ecommerce/products','form.variation_existed','This variation is existed.','2021-12-18 03:21:39','2021-12-18 03:22:13'),(2774,0,'en','plugins/ecommerce/products','form.no_attributes_selected','No attributes selected!','2021-12-18 03:21:39','2021-12-18 03:22:13'),(2775,0,'en','plugins/ecommerce/products','form.added_variation_success','Added variation successfully!','2021-12-18 03:21:39','2021-12-18 03:22:13'),(2776,0,'en','plugins/ecommerce/products','form.updated_variation_success','Updated variation successfully!','2021-12-18 03:21:39','2021-12-18 03:22:13'),(2777,0,'en','plugins/ecommerce/products','form.created_all_variation_success','Created all variations successfully!','2021-12-18 03:21:39','2021-12-18 03:22:13'),(2778,0,'en','plugins/ecommerce/products','form.updated_product_attributes_success','Updated product attributes successfully!','2021-12-18 03:21:39','2021-12-18 03:22:13'),(2779,0,'en','plugins/ecommerce/products','form.stock_status','Stock status','2021-12-18 03:21:39','2021-12-18 03:22:13'),(2780,0,'en','plugins/ecommerce/products','form.auto_generate_sku','Auto generate SKU?','2021-12-18 03:21:39','2021-12-18 03:22:13'),(2781,0,'en','plugins/ecommerce/products','form.featured_image','Featured image (optional)','2021-12-18 03:21:39','2021-12-18 03:22:13'),(2782,0,'en','plugins/ecommerce/products','price','Price','2021-12-18 03:21:39','2021-12-18 03:22:13'),(2783,0,'en','plugins/ecommerce/products','quantity','Quantity','2021-12-18 03:21:39','2021-12-18 03:22:13'),(2784,0,'en','plugins/ecommerce/products','type','Type','2021-12-18 03:21:39','2021-12-18 03:22:13'),(2785,0,'en','plugins/ecommerce/products','image','Thumbnail','2021-12-18 03:21:39','2021-12-18 03:22:13'),(2786,0,'en','plugins/ecommerce/products','sku','SKU','2021-12-18 03:21:39','2021-12-18 03:22:13'),(2787,0,'en','plugins/ecommerce/products','brand','Brand','2021-12-18 03:21:39','2021-12-18 03:22:13'),(2788,0,'en','plugins/ecommerce/products','cannot_delete','Product could not be deleted','2021-12-18 03:21:39','2021-12-18 03:22:13'),(2789,0,'en','plugins/ecommerce/products','product_deleted','Product deleted','2021-12-18 03:21:39','2021-12-18 03:22:13'),(2790,0,'en','plugins/ecommerce/products','product_collections','Product collections','2021-12-18 03:21:39','2021-12-18 03:22:13'),(2791,0,'en','plugins/ecommerce/products','products','Products','2021-12-18 03:21:39','2021-12-18 03:22:13'),(2792,0,'en','plugins/ecommerce/products','menu','Products','2021-12-18 03:21:39','2021-12-18 03:22:13'),(2793,0,'en','plugins/ecommerce/products','control.button_add_image','Add image','2021-12-18 03:21:39','2021-12-18 03:22:13'),(2794,0,'en','plugins/ecommerce/products','price_sale','Sale price','2021-12-18 03:21:39','2021-12-18 03:22:13'),(2795,0,'en','plugins/ecommerce/products','price_group_title','Manager product price','2021-12-18 03:21:39','2021-12-18 03:22:13'),(2796,0,'en','plugins/ecommerce/products','store_house_group_title','Manager store house','2021-12-18 03:21:39','2021-12-18 03:22:13'),(2797,0,'en','plugins/ecommerce/products','shipping_group_title','Manager shipping','2021-12-18 03:21:39','2021-12-18 03:22:13'),(2798,0,'en','plugins/ecommerce/products','overview','Overview','2021-12-18 03:21:39','2021-12-18 03:22:13'),(2799,0,'en','plugins/ecommerce/products','attributes','Attributes','2021-12-18 03:21:39','2021-12-18 03:22:13'),(2800,0,'en','plugins/ecommerce/products','product_has_variations','Product has variations','2021-12-18 03:21:39','2021-12-18 03:22:13'),(2801,0,'en','plugins/ecommerce/products','manage_products','Manage products','2021-12-18 03:21:39','2021-12-18 03:22:13'),(2802,0,'en','plugins/ecommerce/products','add_new_product','Add a new product','2021-12-18 03:21:40','2021-12-18 03:22:13'),(2803,0,'en','plugins/ecommerce/products','start_by_adding_new_product','Start by adding new products.','2021-12-18 03:21:40','2021-12-18 03:22:13'),(2804,0,'en','plugins/ecommerce/products','edit_this_product','Edit this product','2021-12-18 03:21:40','2021-12-18 03:22:13'),(2805,0,'en','plugins/ecommerce/products','delete','Delete','2021-12-18 03:21:40','2021-12-18 03:22:13'),(2806,0,'en','plugins/ecommerce/products','related_products','Related products','2021-12-18 03:21:40','2021-12-18 03:22:13'),(2807,0,'en','plugins/ecommerce/products','cross_selling_products','Cross-selling products','2021-12-18 03:21:40','2021-12-18 03:22:13'),(2808,0,'en','plugins/ecommerce/products','up_selling_products','Up-selling products','2021-12-18 03:21:40','2021-12-18 03:22:13'),(2809,0,'en','plugins/ecommerce/products','grouped_products','Grouped products','2021-12-18 03:21:40','2021-12-18 03:22:13'),(2810,0,'en','plugins/ecommerce/products','search_products','Search products','2021-12-18 03:21:40','2021-12-18 03:22:13'),(2811,0,'en','plugins/ecommerce/products','selected_products','Selected products','2021-12-18 03:21:40','2021-12-18 03:22:13'),(2812,0,'en','plugins/ecommerce/products','edit_variation_item','Edit','2021-12-18 03:21:40','2021-12-18 03:22:13'),(2813,0,'en','plugins/ecommerce/products','variations_box_description','Click on \"Edit attribute\" to add/remove attributes of variation or click on \"Add new variation\" to add variation.','2021-12-18 03:21:40','2021-12-18 03:22:13'),(2814,0,'en','plugins/ecommerce/products','save_changes','Save changes','2021-12-18 03:21:40','2021-12-18 03:22:13'),(2815,0,'en','plugins/ecommerce/products','continue','Continue','2021-12-18 03:21:40','2021-12-18 03:22:13'),(2816,0,'en','plugins/ecommerce/products','edit_attribute','Edit attribute','2021-12-18 03:21:40','2021-12-18 03:22:13'),(2817,0,'en','plugins/ecommerce/products','select_attribute','Select attribute','2021-12-18 03:21:40','2021-12-18 03:22:13'),(2818,0,'en','plugins/ecommerce/products','add_new_variation','Add new variation','2021-12-18 03:21:40','2021-12-18 03:22:13'),(2819,0,'en','plugins/ecommerce/products','edit_variation','Edit variation','2021-12-18 03:21:40','2021-12-18 03:22:13'),(2820,0,'en','plugins/ecommerce/products','generate_all_variations','Generate all variations','2021-12-18 03:21:40','2021-12-18 03:22:13'),(2821,0,'en','plugins/ecommerce/products','generate_all_variations_confirmation','Are you sure you want to generate all variations for this product?','2021-12-18 03:21:40','2021-12-18 03:22:13'),(2822,0,'en','plugins/ecommerce/products','delete_variation','Delete variation?','2021-12-18 03:21:40','2021-12-18 03:22:13'),(2823,0,'en','plugins/ecommerce/products','delete_variation_confirmation','Are you sure you want to delete this variation? This action cannot be undo.','2021-12-18 03:21:40','2021-12-18 03:22:13'),(2824,0,'en','plugins/ecommerce/products','delete_variations_confirmation','Are you sure you want to delete those variations? This action cannot be undo.','2021-12-18 03:21:40','2021-12-18 03:22:13'),(2825,0,'en','plugins/ecommerce/products','product_create_validate_name_required','Please enter product\'s name','2021-12-18 03:21:40','2021-12-18 03:22:13'),(2826,0,'en','plugins/ecommerce/products','product_create_validate_sale_price_max','The discount must be less than the original price','2021-12-18 03:21:40','2021-12-18 03:22:13'),(2827,0,'en','plugins/ecommerce/products','product_create_validate_sale_price_required_if','Must enter a discount when you want to schedule a promotion','2021-12-18 03:21:40','2021-12-18 03:22:13'),(2828,0,'en','plugins/ecommerce/products','product_create_validate_end_date_after','End date must be after start date','2021-12-18 03:21:40','2021-12-18 03:22:13'),(2829,0,'en','plugins/ecommerce/products','product_create_validate_start_date_required_if','Discount start date cannot be left blank when scheduling is selected','2021-12-18 03:21:40','2021-12-18 03:22:13'),(2830,0,'en','plugins/ecommerce/products','product_create_validate_sale_price','Discounts cannot be left blank when scheduling is selected','2021-12-18 03:21:40','2021-12-18 03:22:13'),(2831,0,'en','plugins/ecommerce/products','stock_statuses.in_stock','In stock','2021-12-18 03:21:40','2021-12-18 03:22:13'),(2832,0,'en','plugins/ecommerce/products','stock_statuses.out_of_stock','Out of stock','2021-12-18 03:21:40','2021-12-18 03:22:13'),(2833,0,'en','plugins/ecommerce/products','stock_statuses.on_backorder','On backorder','2021-12-18 03:21:40','2021-12-18 03:22:13'),(2834,0,'en','plugins/ecommerce/products','stock_status','Stock status','2021-12-18 03:21:40','2021-12-18 03:22:13'),(2835,0,'en','plugins/ecommerce/products','processing','Processing...','2021-12-18 03:21:40','2021-12-18 03:22:13'),(2836,0,'en','plugins/ecommerce/products','delete_selected_variations','Delete selected variations','2021-12-18 03:21:40','2021-12-18 03:22:13'),(2837,0,'en','plugins/ecommerce/products','delete_variations','Delete variations','2021-12-18 03:21:40','2021-12-18 03:22:13'),(2838,0,'en','plugins/ecommerce/products','category','Category','2021-12-18 03:21:40','2021-12-18 03:22:13'),(2839,0,'en','plugins/ecommerce/reports','name','Report','2021-12-18 03:21:40','2021-12-18 03:22:13'),(2840,0,'en','plugins/ecommerce/reports','widget.order.title','Orders','2021-12-18 03:21:40','2021-12-18 03:22:13'),(2841,0,'en','plugins/ecommerce/reports','count.revenue','Today revenue','2021-12-18 03:21:40','2021-12-18 03:22:13'),(2842,0,'en','plugins/ecommerce/reports','count.orders','Today orders','2021-12-18 03:21:40','2021-12-18 03:22:13'),(2843,0,'en','plugins/ecommerce/reports','count.products','Total products','2021-12-18 03:21:40','2021-12-18 03:22:13'),(2844,0,'en','plugins/ecommerce/reports','count.customers','Total customers','2021-12-18 03:21:40','2021-12-18 03:22:13'),(2845,0,'en','plugins/ecommerce/reports','product_name','Product name','2021-12-18 03:21:40','2021-12-18 03:22:13'),(2846,0,'en','plugins/ecommerce/reports','quantity','Quantity','2021-12-18 03:21:40','2021-12-18 03:22:13'),(2847,0,'en','plugins/ecommerce/reports','revenue_statistics','Revenue statistics','2021-12-18 03:21:40','2021-12-18 03:22:13'),(2848,0,'en','plugins/ecommerce/reports','top_selling_products','Top Selling Products','2021-12-18 03:21:40','2021-12-18 03:22:13'),(2849,0,'en','plugins/ecommerce/reports','ranges.today','Today','2021-12-18 03:21:40','2021-12-18 03:22:13'),(2850,0,'en','plugins/ecommerce/reports','ranges.this_week','This week','2021-12-18 03:21:40','2021-12-18 03:22:13'),(2851,0,'en','plugins/ecommerce/reports','ranges.last_7_days','Last 7 days','2021-12-18 03:21:40','2021-12-18 03:22:13'),(2852,0,'en','plugins/ecommerce/reports','ranges.last_30_days','Last 30 days','2021-12-18 03:21:40','2021-12-18 03:22:13'),(2853,0,'en','plugins/ecommerce/reports','ranges.this_month','This month','2021-12-18 03:21:40','2021-12-18 03:22:13'),(2854,0,'en','plugins/ecommerce/reports','ranges.this_year','This year','2021-12-18 03:21:40','2021-12-18 03:22:13'),(2855,0,'en','plugins/ecommerce/reports','revenue_this_month','Revenue this month','2021-12-18 03:21:40','2021-12-18 03:22:13'),(2856,0,'en','plugins/ecommerce/reports','order_processing_this_month','order(s) processing in this month','2021-12-18 03:21:40','2021-12-18 03:22:13'),(2857,0,'en','plugins/ecommerce/reports','order_completed_this_month','order(s) completed in this month','2021-12-18 03:21:40','2021-12-18 03:22:13'),(2858,0,'en','plugins/ecommerce/reports','product_will_be_out_of_stock','product(s) will be out of stock soon','2021-12-18 03:21:40','2021-12-18 03:22:13'),(2859,0,'en','plugins/ecommerce/reports','product_out_of_stock','product(s) out of stock','2021-12-18 03:21:40','2021-12-18 03:22:13'),(2860,0,'en','plugins/ecommerce/reports','sales_reports','Sales Reports','2021-12-18 03:21:40','2021-12-18 03:22:13'),(2861,0,'en','plugins/ecommerce/reports','total_earnings','Total Earnings','2021-12-18 03:21:40','2021-12-18 03:22:13'),(2862,0,'en','plugins/ecommerce/reports','recent_orders','Recent Orders','2021-12-18 03:21:40','2021-12-18 03:22:13'),(2863,0,'en','plugins/ecommerce/reports','statistics','Statistics','2021-12-18 03:21:40','2021-12-18 03:22:13'),(2864,0,'en','plugins/ecommerce/reports','items_earning_sales','Items Earning Sales: :value','2021-12-18 03:21:40','2021-12-18 03:22:13'),(2865,0,'en','plugins/ecommerce/reports','revenue','Revenue','2021-12-18 03:21:40','2021-12-18 03:22:13'),(2866,0,'en','plugins/ecommerce/reports','orders','Orders','2021-12-18 03:21:40','2021-12-18 03:22:13'),(2867,0,'en','plugins/ecommerce/reports','products','Products','2021-12-18 03:21:40','2021-12-18 03:22:13'),(2868,0,'en','plugins/ecommerce/reports','customers','Customers','2021-12-18 03:21:40','2021-12-18 03:22:13'),(2869,0,'en','plugins/ecommerce/reports','earnings','Earnings','2021-12-18 03:21:40','2021-12-18 03:22:13'),(2870,0,'en','plugins/ecommerce/reports','date_range_format_value','From :from to :to','2021-12-18 03:21:40','2021-12-18 03:22:13'),(2871,0,'en','plugins/ecommerce/reports','select_range','Select Range','2021-12-18 03:21:40','2021-12-18 03:22:13'),(2872,0,'en','plugins/ecommerce/review','name','Reviews','2021-12-18 03:21:40','2021-12-18 03:22:13'),(2873,0,'en','plugins/ecommerce/review','add_review','Add review','2021-12-18 03:21:40','2021-12-18 03:22:13'),(2874,0,'en','plugins/ecommerce/review','delete_review','Delete review','2021-12-18 03:21:40','2021-12-18 03:22:13'),(2875,0,'en','plugins/ecommerce/review','create_review','Create Review','2021-12-18 03:21:40','2021-12-18 03:22:13'),(2876,0,'en','plugins/ecommerce/review','please_select_rating','Please select rating','2021-12-18 03:21:40','2021-12-18 03:22:13'),(2877,0,'en','plugins/ecommerce/review','comment','Comment','2021-12-18 03:21:40','2021-12-18 03:22:13'),(2878,0,'en','plugins/ecommerce/review','approve','Approve','2021-12-18 03:21:40','2021-12-18 03:22:13'),(2879,0,'en','plugins/ecommerce/review','approved','Approved','2021-12-18 03:21:40','2021-12-18 03:22:13'),(2880,0,'en','plugins/ecommerce/review','disapprove','Disapprove','2021-12-18 03:21:40','2021-12-18 03:22:13'),(2881,0,'en','plugins/ecommerce/review','disapproved','Disapproved','2021-12-18 03:21:40','2021-12-18 03:22:13'),(2882,0,'en','plugins/ecommerce/review','product','Product','2021-12-18 03:21:40','2021-12-18 03:22:13'),(2883,0,'en','plugins/ecommerce/review','user','User','2021-12-18 03:21:40','2021-12-18 03:22:13'),(2884,0,'en','plugins/ecommerce/review','star','Star','2021-12-18 03:21:40','2021-12-18 03:22:13'),(2885,0,'en','plugins/ecommerce/review','status','Status','2021-12-18 03:21:40','2021-12-18 03:22:13'),(2886,0,'en','plugins/ecommerce/review','list_review','Customer reviews','2021-12-18 03:21:40','2021-12-18 03:22:13'),(2887,0,'en','plugins/ecommerce/review','intro.title','Manage customer reviews','2021-12-18 03:21:40','2021-12-18 03:22:13'),(2888,0,'en','plugins/ecommerce/review','intro.description','Customer reviews will be shown here and you can manage it to show/hide in product detail page.','2021-12-18 03:21:40','2021-12-18 03:22:13'),(2889,0,'en','plugins/ecommerce/review','images','Images','2021-12-18 03:21:40','2021-12-18 03:22:13'),(2890,0,'en','plugins/ecommerce/shipping','name','Shipping Rules','2021-12-18 03:21:40','2021-12-18 03:22:13'),(2891,0,'en','plugins/ecommerce/shipping','shipping','Shipping','2021-12-18 03:21:40','2021-12-18 03:22:13'),(2892,0,'en','plugins/ecommerce/shipping','title','Title','2021-12-18 03:21:40','2021-12-18 03:22:13'),(2893,0,'en','plugins/ecommerce/shipping','amount','Amount','2021-12-18 03:21:40','2021-12-18 03:22:13'),(2894,0,'en','plugins/ecommerce/shipping','enable','Enable','2021-12-18 03:21:40','2021-12-18 03:22:13'),(2895,0,'en','plugins/ecommerce/shipping','enabled','Enabled','2021-12-18 03:21:40','2021-12-18 03:22:13'),(2896,0,'en','plugins/ecommerce/shipping','disable','Disable','2021-12-18 03:21:40','2021-12-18 03:22:13'),(2897,0,'en','plugins/ecommerce/shipping','disabled','Disabled','2021-12-18 03:21:40','2021-12-18 03:22:13'),(2898,0,'en','plugins/ecommerce/shipping','create_shipping','Create a shipping','2021-12-18 03:21:40','2021-12-18 03:22:13'),(2899,0,'en','plugins/ecommerce/shipping','edit_shipping','Edit shipping :code','2021-12-18 03:21:40','2021-12-18 03:22:13'),(2900,0,'en','plugins/ecommerce/shipping','status','Status','2021-12-18 03:21:40','2021-12-18 03:22:13'),(2901,0,'en','plugins/ecommerce/shipping','shipping_methods','Shipping methods','2021-12-18 03:21:40','2021-12-18 03:22:13'),(2902,0,'en','plugins/ecommerce/shipping','create_shipping_method','Create shipping method','2021-12-18 03:21:40','2021-12-18 03:22:13'),(2903,0,'en','plugins/ecommerce/shipping','edit_shipping_method','Edit shipping method','2021-12-18 03:21:40','2021-12-18 03:22:13'),(2904,0,'en','plugins/ecommerce/shipping','add_shipping_region','Add shipping region','2021-12-18 03:21:40','2021-12-18 03:22:13'),(2905,0,'en','plugins/ecommerce/shipping','country','Country','2021-12-18 03:21:40','2021-12-18 03:22:13'),(2906,0,'en','plugins/ecommerce/shipping','state','State','2021-12-18 03:21:40','2021-12-18 03:22:13'),(2907,0,'en','plugins/ecommerce/shipping','city','City','2021-12-18 03:21:40','2021-12-18 03:22:13'),(2908,0,'en','plugins/ecommerce/shipping','address','Address','2021-12-18 03:21:40','2021-12-18 03:22:13'),(2909,0,'en','plugins/ecommerce/shipping','phone','Phone','2021-12-18 03:21:40','2021-12-18 03:22:13'),(2910,0,'en','plugins/ecommerce/shipping','email','Email','2021-12-18 03:21:40','2021-12-18 03:22:13'),(2911,0,'en','plugins/ecommerce/shipping','zip_code','Zip code','2021-12-18 03:21:40','2021-12-18 03:22:13'),(2912,0,'en','plugins/ecommerce/shipping','methods.default','Default','2021-12-18 03:21:40','2021-12-18 03:22:13'),(2913,0,'en','plugins/ecommerce/shipping','statuses.not_approved','Not approved','2021-12-18 03:21:40','2021-12-18 03:22:13'),(2914,0,'en','plugins/ecommerce/shipping','statuses.approved','Approved','2021-12-18 03:21:40','2021-12-18 03:22:13'),(2915,0,'en','plugins/ecommerce/shipping','statuses.picking','Picking','2021-12-18 03:21:40','2021-12-18 03:22:13'),(2916,0,'en','plugins/ecommerce/shipping','statuses.delay_picking','Delay picking','2021-12-18 03:21:40','2021-12-18 03:22:13'),(2917,0,'en','plugins/ecommerce/shipping','statuses.picked','Picked','2021-12-18 03:21:40','2021-12-18 03:22:13'),(2918,0,'en','plugins/ecommerce/shipping','statuses.not_picked','Not picked','2021-12-18 03:21:40','2021-12-18 03:22:13'),(2919,0,'en','plugins/ecommerce/shipping','statuses.delivering','Delivering','2021-12-18 03:21:40','2021-12-18 03:22:13'),(2920,0,'en','plugins/ecommerce/shipping','statuses.delivered','Delivered','2021-12-18 03:21:40','2021-12-18 03:22:13'),(2921,0,'en','plugins/ecommerce/shipping','statuses.not_delivered','Not delivered','2021-12-18 03:21:40','2021-12-18 03:22:13'),(2922,0,'en','plugins/ecommerce/shipping','statuses.audited','Audited','2021-12-18 03:21:40','2021-12-18 03:22:13'),(2923,0,'en','plugins/ecommerce/shipping','statuses.canceled','Canceled','2021-12-18 03:21:40','2021-12-18 03:22:13'),(2924,0,'en','plugins/ecommerce/shipping','cod_statuses.pending','Pending','2021-12-18 03:21:40','2021-12-18 03:22:13'),(2925,0,'en','plugins/ecommerce/shipping','cod_statuses.completed','Completed','2021-12-18 03:21:40','2021-12-18 03:22:13'),(2926,0,'en','plugins/ecommerce/shipping','delete','Delete','2021-12-18 03:21:40','2021-12-18 03:22:13'),(2927,0,'en','plugins/ecommerce/shipping','shipping_rules','Shipping Rules','2021-12-18 03:21:40','2021-12-18 03:22:13'),(2928,0,'en','plugins/ecommerce/shipping','shipping_rules_description','Rules to calculate shipping fee.','2021-12-18 03:21:40','2021-12-18 03:22:13'),(2929,0,'en','plugins/ecommerce/shipping','select_country','Select country','2021-12-18 03:21:40','2021-12-18 03:22:13'),(2930,0,'en','plugins/ecommerce/shipping','add_shipping_rule','Add shipping rule','2021-12-18 03:21:40','2021-12-18 03:22:13'),(2931,0,'en','plugins/ecommerce/shipping','delete_shipping_rate','Delete shipping rate for area','2021-12-18 03:21:40','2021-12-18 03:22:13'),(2932,0,'en','plugins/ecommerce/shipping','delete_shipping_rate_confirmation','Are you sure you want to delete <strong class=\"region-price-item-label\"></strong> from this shipping area?','2021-12-18 03:21:40','2021-12-18 03:22:13'),(2933,0,'en','plugins/ecommerce/shipping','delete_shipping_area','Delete shipping area','2021-12-18 03:21:40','2021-12-18 03:22:13'),(2934,0,'en','plugins/ecommerce/shipping','delete_shipping_area_confirmation','Are you sure you want to delete shipping area <strong class=\"region-item-label\"></strong>?','2021-12-18 03:21:40','2021-12-18 03:22:13'),(2935,0,'en','plugins/ecommerce/shipping','add_shipping_fee_for_area','Add shipping fee for area','2021-12-18 03:21:40','2021-12-18 03:22:13'),(2936,0,'en','plugins/ecommerce/shipping','confirm','Confirm','2021-12-18 03:21:40','2021-12-18 03:22:13'),(2937,0,'en','plugins/ecommerce/shipping','save','Save','2021-12-18 03:21:40','2021-12-18 03:22:13'),(2938,0,'en','plugins/ecommerce/shipping','greater_than','Greater than','2021-12-18 03:21:40','2021-12-18 03:22:13'),(2939,0,'en','plugins/ecommerce/shipping','type','Type','2021-12-18 03:21:40','2021-12-18 03:22:13'),(2940,0,'en','plugins/ecommerce/shipping','shipping_rule_name','Name of shipping rule','2021-12-18 03:21:40','2021-12-18 03:22:13'),(2941,0,'en','plugins/ecommerce/shipping','shipping_fee','Shipping fee','2021-12-18 03:21:40','2021-12-18 03:22:13'),(2942,0,'en','plugins/ecommerce/shipping','cancel','Cancel','2021-12-18 03:21:40','2021-12-18 03:22:13'),(2943,0,'en','plugins/ecommerce/shipping','base_on_weight','Based on product\'s weight (:unit)','2021-12-18 03:21:40','2021-12-18 03:22:13'),(2944,0,'en','plugins/ecommerce/shipping','base_on_price','Based on product\'s price','2021-12-18 03:21:40','2021-12-18 03:22:13'),(2945,0,'en','plugins/ecommerce/shipping','shipment_canceled','Shipment was canceled','2021-12-18 03:21:40','2021-12-18 03:22:13'),(2946,0,'en','plugins/ecommerce/shipping','at','At','2021-12-18 03:21:40','2021-12-18 03:22:13'),(2947,0,'en','plugins/ecommerce/shipping','cash_on_delivery','Cash on delivery (COD)','2021-12-18 03:21:40','2021-12-18 03:22:13'),(2948,0,'en','plugins/ecommerce/shipping','update_shipping_status','Update shipping status','2021-12-18 03:21:40','2021-12-18 03:22:13'),(2949,0,'en','plugins/ecommerce/shipping','update_cod_status','Update COD status','2021-12-18 03:21:40','2021-12-18 03:22:13'),(2950,0,'en','plugins/ecommerce/shipping','history','History','2021-12-18 03:21:41','2021-12-18 03:22:13'),(2951,0,'en','plugins/ecommerce/shipping','shipment_information','Shipment information','2021-12-18 03:21:41','2021-12-18 03:22:13'),(2952,0,'en','plugins/ecommerce/shipping','order_number','Order number','2021-12-18 03:21:41','2021-12-18 03:22:13'),(2953,0,'en','plugins/ecommerce/shipping','shipping_method','Shipping method','2021-12-18 03:21:41','2021-12-18 03:22:13'),(2954,0,'en','plugins/ecommerce/shipping','select_shipping_method','Select shipping method','2021-12-18 03:21:41','2021-12-18 03:22:13'),(2955,0,'en','plugins/ecommerce/shipping','cod_status','COD status','2021-12-18 03:21:41','2021-12-18 03:22:13'),(2956,0,'en','plugins/ecommerce/shipping','shipping_status','Shipping status','2021-12-18 03:21:41','2021-12-18 03:22:13'),(2957,0,'en','plugins/ecommerce/shipping','customer_information','Customer information','2021-12-18 03:21:41','2021-12-18 03:22:13'),(2958,0,'en','plugins/ecommerce/shipping','sku','SKU','2021-12-18 03:21:41','2021-12-18 03:22:13'),(2959,0,'en','plugins/ecommerce/shipping','change_status_confirm_title','Confirm <span class=\"shipment-status-label\"></span> ?','2021-12-18 03:21:41','2021-12-18 03:22:13'),(2960,0,'en','plugins/ecommerce/shipping','change_status_confirm_description','Are you sure you want to confirm <span class=\"shipment-status-label\"></span> for this shipment?','2021-12-18 03:21:41','2021-12-18 03:22:13'),(2961,0,'en','plugins/ecommerce/shipping','accept','Accept','2021-12-18 03:21:41','2021-12-18 03:22:13'),(2962,0,'en','plugins/ecommerce/shipping','weight_unit','Weight (:unit)','2021-12-18 03:21:41','2021-12-18 03:22:13'),(2963,0,'en','plugins/ecommerce/shipping','updated_at','Last Update','2021-12-18 03:21:41','2021-12-18 03:22:13'),(2964,0,'en','plugins/ecommerce/shipping','cod_amount','Cash on delivery amount (COD)','2021-12-18 03:21:41','2021-12-18 03:22:13'),(2965,0,'en','plugins/ecommerce/shipping','cancel_shipping','Cancel shipping','2021-12-18 03:21:41','2021-12-18 03:22:13'),(2966,0,'en','plugins/ecommerce/shipping','shipping_address','Shipping address','2021-12-18 03:21:41','2021-12-18 03:22:13'),(2967,0,'en','plugins/ecommerce/shipping','packages','Packages','2021-12-18 03:21:41','2021-12-18 03:22:13'),(2968,0,'en','plugins/ecommerce/shipping','edit','Edit','2021-12-18 03:21:41','2021-12-18 03:22:13'),(2969,0,'en','plugins/ecommerce/shipping','fee','Fee','2021-12-18 03:21:41','2021-12-18 03:22:13'),(2970,0,'en','plugins/ecommerce/shipping','note','Note','2021-12-18 03:21:41','2021-12-18 03:22:13'),(2971,0,'en','plugins/ecommerce/shipping','finish','Finish','2021-12-18 03:21:41','2021-12-18 03:22:13'),(2972,0,'en','plugins/ecommerce/shipping','shipping_fee_cod','Shipping fee/COD','2021-12-18 03:21:41','2021-12-18 03:22:13'),(2973,0,'en','plugins/ecommerce/shipping','send_confirmation_email_to_customer','Send confirmation email to customer','2021-12-18 03:21:41','2021-12-18 03:22:13'),(2974,0,'en','plugins/ecommerce/shipping','form_name','Name','2021-12-18 03:21:41','2021-12-18 03:22:13'),(2975,0,'en','plugins/ecommerce/shipping','changed_shipping_status','Changed status of shipping to : :status . Updated by: %user_name%','2021-12-18 03:21:41','2021-12-18 03:22:13'),(2976,0,'en','plugins/ecommerce/shipping','order_confirmed_by','Order confirmed by %user_name%','2021-12-18 03:21:41','2021-12-18 03:22:13'),(2977,0,'en','plugins/ecommerce/shipping','shipping_canceled_by','Shipping is cancelled by %user_name%','2021-12-18 03:21:41','2021-12-18 03:22:13'),(2978,0,'en','plugins/ecommerce/shipping','update_shipping_status_success','Update shipping status successfully!','2021-12-18 03:21:41','2021-12-18 03:22:13'),(2979,0,'en','plugins/ecommerce/shipping','update_cod_status_success','Updated COD status of shipping successfully!','2021-12-18 03:21:41','2021-12-18 03:22:13'),(2980,0,'en','plugins/ecommerce/shipping','updated_cod_status_by','Updated COD status to :status . Updated by: %user_name%','2021-12-18 03:21:41','2021-12-18 03:22:13'),(2981,0,'en','plugins/ecommerce/shipping','all','All','2021-12-18 03:21:41','2021-12-18 03:22:13'),(2982,0,'en','plugins/ecommerce/shipping','error_when_adding_new_region','There is an error when adding new region!','2021-12-18 03:21:41','2021-12-18 03:22:13'),(2983,0,'en','plugins/ecommerce/shipping','delivery','Delivery','2021-12-18 03:21:41','2021-12-18 03:22:13'),(2984,0,'en','plugins/ecommerce/shipping','adjustment_price_of','Adjustment price of :key','2021-12-18 03:21:41','2021-12-18 03:22:13'),(2985,0,'en','plugins/ecommerce/shipping','warehouse','Warehouse','2021-12-18 03:21:41','2021-12-18 03:22:13'),(2986,0,'en','plugins/ecommerce/shipping','delivery_note','Delivery note','2021-12-18 03:21:41','2021-12-18 03:22:13'),(2987,0,'en','plugins/ecommerce/store-locator','name','Store locators','2021-12-18 03:21:41','2021-12-18 03:22:13'),(2988,0,'en','plugins/ecommerce/store-locator','description','This address will appear on your invoice and will be used to calculate your shipping price.','2021-12-18 03:21:41','2021-12-18 03:22:13'),(2989,0,'en','plugins/ecommerce/store-locator','shop_name','Shop name','2021-12-18 03:21:41','2021-12-18 03:22:13'),(2990,0,'en','plugins/ecommerce/store-locator','phone','Phone','2021-12-18 03:21:41','2021-12-18 03:22:13'),(2991,0,'en','plugins/ecommerce/store-locator','email','Email','2021-12-18 03:21:41','2021-12-18 03:22:13'),(2992,0,'en','plugins/ecommerce/store-locator','state','State','2021-12-18 03:21:41','2021-12-18 03:22:13'),(2993,0,'en','plugins/ecommerce/store-locator','city','City','2021-12-18 03:21:41','2021-12-18 03:22:13'),(2994,0,'en','plugins/ecommerce/store-locator','country','Country','2021-12-18 03:21:41','2021-12-18 03:22:13'),(2995,0,'en','plugins/ecommerce/store-locator','address','Address','2021-12-18 03:21:41','2021-12-18 03:22:13'),(2996,0,'en','plugins/ecommerce/store-locator','primary_store_is','Primary store is','2021-12-18 03:21:41','2021-12-18 03:22:13'),(2997,0,'en','plugins/ecommerce/store-locator','store_name','Store name','2021-12-18 03:21:41','2021-12-18 03:22:13'),(2998,0,'en','plugins/ecommerce/store-locator','select_country','Select country...','2021-12-18 03:21:41','2021-12-18 03:22:13'),(2999,0,'en','plugins/ecommerce/store-locator','default_shipping_location','Default shipping location','2021-12-18 03:21:41','2021-12-18 03:22:13'),(3000,0,'en','plugins/ecommerce/store-locator','default_store','Default store','2021-12-18 03:21:41','2021-12-18 03:22:13'),(3001,0,'en','plugins/ecommerce/tax','name','Taxes','2021-12-18 03:21:41','2021-12-18 03:22:13'),(3002,0,'en','plugins/ecommerce/tax','create','Create a tax','2021-12-18 03:21:41','2021-12-18 03:22:13'),(3003,0,'en','plugins/ecommerce/tax','edit','Edit tax :title','2021-12-18 03:21:41','2021-12-18 03:22:13'),(3004,0,'en','plugins/ecommerce/tax','title','Title','2021-12-18 03:21:41','2021-12-18 03:22:13'),(3005,0,'en','plugins/ecommerce/tax','percentage','Percentage %','2021-12-18 03:21:41','2021-12-18 03:22:13'),(3006,0,'en','plugins/ecommerce/tax','priority','Priority','2021-12-18 03:21:41','2021-12-18 03:22:13'),(3007,0,'en','plugins/ecommerce/tax','select_tax','-- select --','2021-12-18 03:21:41','2021-12-18 03:22:13'),(3008,0,'vi','plugins/ecommerce/brands','name','Thương hiệu','2021-12-18 03:21:41','2021-12-18 03:22:12'),(3009,0,'vi','plugins/ecommerce/brands','create','Thêm thương hiệu mới','2021-12-18 03:21:41','2021-12-18 03:22:12'),(3010,0,'vi','plugins/ecommerce/brands','edit','Sửa thương hiệu','2021-12-18 03:21:41','2021-12-18 03:22:12'),(3011,0,'vi','plugins/ecommerce/brands','form.name','Tên','2021-12-18 03:21:41','2021-12-18 03:22:12'),(3012,0,'vi','plugins/ecommerce/brands','form.name_placeholder','Tên thương hiệu (tối đa 255 kí tự)','2021-12-18 03:21:41','2021-12-18 03:22:12'),(3013,0,'vi','plugins/ecommerce/brands','form.description','Mô tả','2021-12-18 03:21:41','2021-12-18 03:22:12'),(3014,0,'vi','plugins/ecommerce/brands','form.description_placeholder','Mô tả ngắn cho thương hiệu này (tối đa 400 kí tự)','2021-12-18 03:21:41','2021-12-18 03:22:12'),(3015,0,'vi','plugins/ecommerce/brands','form.website','Website','2021-12-18 03:21:41','2021-12-18 03:22:12'),(3016,0,'vi','plugins/ecommerce/brands','form.logo','Logo','2021-12-18 03:21:41','2021-12-18 03:22:12'),(3017,0,'vi','plugins/ecommerce/brands','form.is_featured','Nổi bật?','2021-12-18 03:21:41','2021-12-18 03:22:12'),(3018,0,'vi','plugins/ecommerce/brands','logo','Logo','2021-12-18 03:21:41','2021-12-18 03:22:12'),(3019,0,'vi','plugins/ecommerce/brands','website','Website','2021-12-18 03:21:41','2021-12-18 03:22:12'),(3020,0,'vi','plugins/ecommerce/brands','notices.no_select','Không có bản ghi nào được chọn!','2021-12-18 03:21:41','2021-12-18 03:22:12'),(3021,0,'vi','plugins/ecommerce/brands','notices.update_success_message','Cập nhật thành công','2021-12-18 03:21:41','2021-12-18 03:22:12'),(3022,0,'vi','plugins/ecommerce/brands','cannot_delete','Xoá không thành công','2021-12-18 03:21:41','2021-12-18 03:22:12'),(3023,0,'vi','plugins/ecommerce/brands','brand_deleted','Xoá thương hiệu thành công','2021-12-18 03:21:41','2021-12-18 03:22:12'),(3024,0,'vi','plugins/ecommerce/brands','menu','Thương hiệu','2021-12-18 03:21:41','2021-12-18 03:22:12'),(3025,0,'vi','plugins/ecommerce/brands','intro.title','Quản lý danh sách thương hiệu','2021-12-18 03:21:41','2021-12-18 03:22:12'),(3026,0,'vi','plugins/ecommerce/brands','intro.description','Các thương hiệu của sản phẩm như Nike, Adidas, Bitis ...','2021-12-18 03:21:41','2021-12-18 03:22:12'),(3027,0,'vi','plugins/ecommerce/brands','intro.button_text','Tạo thương hiệu','2021-12-18 03:21:41','2021-12-18 03:22:12'),(3028,0,'vi','plugins/ecommerce/brands','no_brand','Không có thương hiệu','2021-12-18 03:21:41','2021-12-18 03:22:12'),(3050,0,'vi','plugins/ecommerce/currency','currencies','Tiền tệ','2021-12-18 03:21:41','2021-12-18 03:22:12'),(3051,0,'vi','plugins/ecommerce/currency','setting_description','Các loại tiền tệ được sử dụng trên website.','2021-12-18 03:21:41','2021-12-18 03:22:12'),(3052,0,'vi','plugins/ecommerce/currency','name','Tên','2021-12-18 03:21:41','2021-12-18 03:22:12'),(3053,0,'vi','plugins/ecommerce/currency','symbol','Ký hiệu','2021-12-18 03:21:41','2021-12-18 03:22:12'),(3054,0,'vi','plugins/ecommerce/currency','number_of_decimals','Số thập phân','2021-12-18 03:21:41','2021-12-18 03:22:12'),(3055,0,'vi','plugins/ecommerce/currency','exchange_rate','Tỷ giá','2021-12-18 03:21:41','2021-12-18 03:22:12'),(3056,0,'vi','plugins/ecommerce/currency','is_prefix_symbol','Vị trí ký hiệu','2021-12-18 03:21:41','2021-12-18 03:22:12'),(3057,0,'vi','plugins/ecommerce/currency','is_default','Mặc định?','2021-12-18 03:21:41','2021-12-18 03:22:12'),(3058,0,'vi','plugins/ecommerce/currency','remove','Xoá','2021-12-18 03:21:41','2021-12-18 03:22:12'),(3059,0,'vi','plugins/ecommerce/currency','new_currency','Thêm tiền tệ mới','2021-12-18 03:21:41','2021-12-18 03:22:12'),(3060,0,'vi','plugins/ecommerce/currency','save_settings','Lưu cài đặt','2021-12-18 03:21:41','2021-12-18 03:22:12'),(3061,0,'vi','plugins/ecommerce/currency','before_number','Trước số','2021-12-18 03:21:41','2021-12-18 03:22:12'),(3062,0,'vi','plugins/ecommerce/currency','after_number','Sau số','2021-12-18 03:21:41','2021-12-18 03:22:12'),(3063,0,'vi','plugins/ecommerce/customer','name','Khách hàng','2021-12-18 03:21:41','2021-12-18 03:22:12'),(3064,0,'vi','plugins/ecommerce/customer','create','Create a customer','2021-12-18 03:21:41','2021-12-18 03:22:12'),(3065,0,'vi','plugins/ecommerce/customer','edit','Edit customer \":name\"','2021-12-18 03:21:41','2021-12-18 03:22:12'),(3066,0,'vi','plugins/ecommerce/customer','email','Email','2021-12-18 03:21:41','2021-12-18 03:22:12'),(3067,0,'vi','plugins/ecommerce/customer','email_placeholder','Ex: example@gmail.com','2021-12-18 03:21:41','2021-12-18 03:22:12'),(3068,0,'vi','plugins/ecommerce/customer','password','Password','2021-12-18 03:21:41','2021-12-18 03:22:12'),(3069,0,'vi','plugins/ecommerce/customer','change_password','Change password?','2021-12-18 03:21:41','2021-12-18 03:22:12'),(3070,0,'vi','plugins/ecommerce/customer','password_confirmation','Password confirmation','2021-12-18 03:21:41','2021-12-18 03:22:12'),(3071,0,'vi','plugins/ecommerce/customer','intro.title','Quản lý danh sách khách hàng','2021-12-18 03:21:41','2021-12-18 03:22:12'),(3072,0,'vi','plugins/ecommerce/customer','intro.description','Khi khách hàng đặt hàng, bạn sẽ biết được thông tin và lịch sử mua hàng của khách hàng.','2021-12-18 03:21:41','2021-12-18 03:22:12'),(3073,0,'vi','plugins/ecommerce/customer','intro.button_text','Tạo khách hàng','2021-12-18 03:21:41','2021-12-18 03:22:12'),(3074,0,'vi','plugins/ecommerce/discount','name','Khuyến mãi','2021-12-18 03:21:41','2021-12-18 03:22:12'),(3075,0,'vi','plugins/ecommerce/discount','invalid_coupon','Mã khuyến mãi không hợp lệ hoặc đã hết hạn!','2021-12-18 03:21:41','2021-12-18 03:22:12'),(3076,0,'vi','plugins/ecommerce/discount','cannot_use_same_time_with_other_discount_program','Mã khuyến mãi này không thể sử dụng chung với chương trình khuyến mãi!','2021-12-18 03:21:41','2021-12-18 03:22:12'),(3077,0,'vi','plugins/ecommerce/discount','not_used','Chưa sử dụng mã giảm giá này','2021-12-18 03:21:41','2021-12-18 03:22:12'),(3078,0,'vi','plugins/ecommerce/discount','detail','Detail','2021-12-18 03:21:41','2021-12-18 03:22:12'),(3079,0,'vi','plugins/ecommerce/discount','used','Used','2021-12-18 03:21:41','2021-12-18 03:22:12'),(3080,0,'vi','plugins/ecommerce/discount','start_date','Start date','2021-12-18 03:21:41','2021-12-18 03:22:12'),(3081,0,'vi','plugins/ecommerce/discount','end_date','End date','2021-12-18 03:21:42','2021-12-18 03:22:12'),(3082,0,'vi','plugins/ecommerce/discount','intro.title','Chương trình khuyến mãi','2021-12-18 03:21:42','2021-12-18 03:22:12'),(3083,0,'vi','plugins/ecommerce/discount','intro.description','Tạo ra các mã coupon, cài đặt một sản phẩm, hoặc một nhóm sản phẩm khuyến mãi dành cho các khách hàng thân thiết của bạn.','2021-12-18 03:21:42','2021-12-18 03:22:12'),(3084,0,'vi','plugins/ecommerce/discount','intro.button_text','Tạo khuyến mãi','2021-12-18 03:21:42','2021-12-18 03:22:12'),(3085,0,'vi','plugins/ecommerce/discount','create','Create discount','2021-12-18 03:21:42','2021-12-18 03:22:12'),(3086,0,'vi','plugins/ecommerce/discount','expired','Expired','2021-12-18 03:21:42','2021-12-18 03:22:12'),(3087,0,'vi','plugins/ecommerce/discount','discount_promotion','Discount promotion','2021-12-18 03:21:42','2021-12-18 03:22:12'),(3088,0,'vi','plugins/ecommerce/discount','can','can','2021-12-18 03:21:42','2021-12-18 03:22:12'),(3089,0,'vi','plugins/ecommerce/discount','cannot','cannot','2021-12-18 03:21:42','2021-12-18 03:22:12'),(3090,0,'vi','plugins/ecommerce/discount','use_with_promotion','be used with promotion','2021-12-18 03:21:42','2021-12-18 03:22:12'),(3091,0,'vi','plugins/ecommerce/discount','create_discount_validate_title_required_if','Please enter the name of the promotion','2021-12-18 03:21:42','2021-12-18 03:22:12'),(3092,0,'vi','plugins/ecommerce/discount','create_discount_validate_code_required_if','Please enter the promotion code','2021-12-18 03:21:42','2021-12-18 03:22:12'),(3093,0,'vi','plugins/ecommerce/discount','create_discount_validate_value_required','Amount must be greater than 0','2021-12-18 03:21:42','2021-12-18 03:22:12'),(3094,0,'vi','plugins/ecommerce/discount','create_discount_validate_target_required','No object selected for promotion','2021-12-18 03:21:42','2021-12-18 03:22:12'),(3095,0,'vi','plugins/ecommerce/discount','enums.type-options.amount','Amount - Fixed','2021-12-18 03:21:42','2021-12-18 03:22:12'),(3096,0,'vi','plugins/ecommerce/discount','enums.type-options.percentage','Discount %','2021-12-18 03:21:42','2021-12-18 03:22:12'),(3097,0,'vi','plugins/ecommerce/discount','enums.type-options.shipping','Free shipping','2021-12-18 03:21:42','2021-12-18 03:22:12'),(3098,0,'vi','plugins/ecommerce/discount','enums.type-options.same-price','Same price','2021-12-18 03:21:42','2021-12-18 03:22:12'),(3099,0,'vi','plugins/ecommerce/discount','discount','Discount','2021-12-18 03:21:42','2021-12-18 03:22:12'),(3100,0,'vi','plugins/ecommerce/discount','create_coupon_code','Tạo mã khuyến mãi','2021-12-18 03:21:42','2021-12-18 03:22:12'),(3101,0,'vi','plugins/ecommerce/discount','create_discount_promotion','Create discount promotion','2021-12-18 03:21:42','2021-12-18 03:22:12'),(3102,0,'vi','plugins/ecommerce/discount','generate_coupon_code','Generate coupon code','2021-12-18 03:21:42','2021-12-18 03:22:12'),(3103,0,'vi','plugins/ecommerce/discount','customers_will_enter_this_coupon_code_when_they_checkout','Customers will enter this coupon code when they checkout','2021-12-18 03:21:42','2021-12-18 03:22:12'),(3104,0,'vi','plugins/ecommerce/discount','select_type_of_discount','Select type of discount','2021-12-18 03:21:42','2021-12-18 03:22:12'),(3105,0,'vi','plugins/ecommerce/discount','coupon_code','Coupon code','2021-12-18 03:21:42','2021-12-18 03:22:12'),(3106,0,'vi','plugins/ecommerce/discount','promotion','Promotion','2021-12-18 03:21:42','2021-12-18 03:22:12'),(3107,0,'vi','plugins/ecommerce/discount','can_be_used_with_promotion','Can be used with promotion','2021-12-18 03:21:42','2021-12-18 03:22:12'),(3108,0,'vi','plugins/ecommerce/discount','unlimited_coupon','Unlimited coupon','2021-12-18 03:21:42','2021-12-18 03:22:12'),(3109,0,'vi','plugins/ecommerce/discount','enter_number','Enter number','2021-12-18 03:21:42','2021-12-18 03:22:12'),(3110,0,'vi','plugins/ecommerce/discount','coupon_type','Coupon type','2021-12-18 03:21:42','2021-12-18 03:22:12'),(3111,0,'vi','plugins/ecommerce/discount','percentage_discount','Percentage discount (%)','2021-12-18 03:21:42','2021-12-18 03:22:12'),(3112,0,'vi','plugins/ecommerce/discount','free_shipping','Free shipping','2021-12-18 03:21:42','2021-12-18 03:22:12'),(3113,0,'vi','plugins/ecommerce/discount','same_price','Same price','2021-12-18 03:21:42','2021-12-18 03:22:12'),(3114,0,'vi','plugins/ecommerce/discount','apply_for','apply for','2021-12-18 03:21:42','2021-12-18 03:22:12'),(3115,0,'vi','plugins/ecommerce/discount','all_orders','All orders','2021-12-18 03:21:42','2021-12-18 03:22:12'),(3116,0,'vi','plugins/ecommerce/discount','order_amount_from','Order amount from','2021-12-18 03:21:42','2021-12-18 03:22:12'),(3117,0,'vi','plugins/ecommerce/discount','product_collection','Product collection','2021-12-18 03:21:42','2021-12-18 03:22:12'),(3118,0,'vi','plugins/ecommerce/discount','product','Product','2021-12-18 03:21:42','2021-12-18 03:22:12'),(3119,0,'vi','plugins/ecommerce/discount','customer','Customer','2021-12-18 03:21:42','2021-12-18 03:22:12'),(3120,0,'vi','plugins/ecommerce/discount','variant','Variant','2021-12-18 03:21:42','2021-12-18 03:22:12'),(3121,0,'vi','plugins/ecommerce/discount','search_product','Search product','2021-12-18 03:21:42','2021-12-18 03:22:12'),(3122,0,'vi','plugins/ecommerce/discount','no_products_found','No products found!','2021-12-18 03:21:42','2021-12-18 03:22:12'),(3123,0,'vi','plugins/ecommerce/discount','search_customer','Search customer','2021-12-18 03:21:42','2021-12-18 03:22:12'),(3124,0,'vi','plugins/ecommerce/discount','no_customer_found','No customer found!','2021-12-18 03:21:42','2021-12-18 03:22:12'),(3125,0,'vi','plugins/ecommerce/discount','one_time_per_order','One time per order','2021-12-18 03:21:42','2021-12-18 03:22:12'),(3126,0,'vi','plugins/ecommerce/discount','one_time_per_product_in_cart','One time per product in cart','2021-12-18 03:21:42','2021-12-18 03:22:12'),(3127,0,'vi','plugins/ecommerce/discount','number_of_products','Number of products required to apply','2021-12-18 03:21:42','2021-12-18 03:22:12'),(3128,0,'vi','plugins/ecommerce/discount','selected_products','Selected products','2021-12-18 03:21:42','2021-12-18 03:22:12'),(3129,0,'vi','plugins/ecommerce/discount','selected_customers','Selected customers','2021-12-18 03:21:42','2021-12-18 03:22:12'),(3130,0,'vi','plugins/ecommerce/discount','time','Time','2021-12-18 03:21:42','2021-12-18 03:22:12'),(3131,0,'vi','plugins/ecommerce/discount','never_expired','Never expired','2021-12-18 03:21:42','2021-12-18 03:22:12'),(3132,0,'vi','plugins/ecommerce/discount','save','Save','2021-12-18 03:21:42','2021-12-18 03:22:12'),(3133,0,'vi','plugins/ecommerce/discount','enter_promotion_name','Enter promotion name','2021-12-18 03:21:42','2021-12-18 03:22:12'),(3134,0,'vi','plugins/ecommerce/discount','enter_coupon_name','Enter coupon name','2021-12-18 03:21:42','2021-12-18 03:22:12'),(3135,0,'vi','plugins/ecommerce/discount','cancel','Cancel','2021-12-18 03:21:42','2021-12-18 03:22:12'),(3136,0,'vi','plugins/ecommerce/discount','is','Is','2021-12-18 03:21:42','2021-12-18 03:22:12'),(3137,0,'vi','plugins/ecommerce/discount','when_shipping_fee_less_than','when shipping fee less than','2021-12-18 03:21:42','2021-12-18 03:22:12'),(3138,0,'vi','plugins/ecommerce/ecommerce','settings','Cài đặt','2021-12-18 03:21:42','2021-12-18 03:22:13'),(3139,0,'vi','plugins/ecommerce/ecommerce','name','Thương mại điện tử','2021-12-18 03:21:42','2021-12-18 03:22:13'),(3140,0,'vi','plugins/ecommerce/ecommerce','setting.email.title','E-commerce','2021-12-18 03:21:42','2021-12-18 03:22:13'),(3141,0,'vi','plugins/ecommerce/ecommerce','setting.email.description','Ecommerce email config','2021-12-18 03:21:42','2021-12-18 03:22:13'),(3142,0,'vi','plugins/ecommerce/ecommerce','setting.email.order_confirm_subject','Subject of order confirmation email','2021-12-18 03:21:42','2021-12-18 03:22:13'),(3143,0,'vi','plugins/ecommerce/ecommerce','setting.email.order_confirm_subject_placeholder','The subject of email confirmation send to the customer','2021-12-18 03:21:42','2021-12-18 03:22:13'),(3144,0,'vi','plugins/ecommerce/ecommerce','setting.email.order_confirm_content','Content of order confirmation email','2021-12-18 03:21:42','2021-12-18 03:22:13'),(3145,0,'vi','plugins/ecommerce/ecommerce','setting.email.order_status_change_subject','Subject of email when changing order\'s status','2021-12-18 03:21:42','2021-12-18 03:22:13'),(3146,0,'vi','plugins/ecommerce/ecommerce','setting.email.order_status_change_subject_placeholder','Subject of email when changing order\'s status send to customer','2021-12-18 03:21:42','2021-12-18 03:22:13'),(3147,0,'vi','plugins/ecommerce/ecommerce','setting.email.order_status_change_content','Content of email when changing order\'s status','2021-12-18 03:21:42','2021-12-18 03:22:13'),(3148,0,'vi','plugins/ecommerce/ecommerce','setting.email.from_email','Email from','2021-12-18 03:21:42','2021-12-18 03:22:13'),(3149,0,'vi','plugins/ecommerce/ecommerce','setting.email.from_email_placeholder','Email from address to display in mail. Ex: example@gmail.com','2021-12-18 03:21:42','2021-12-18 03:22:13'),(3150,0,'vi','plugins/ecommerce/ecommerce','store_address','Địa chỉ cửa hàng','2021-12-18 03:21:42','2021-12-18 03:22:13'),(3151,0,'vi','plugins/ecommerce/ecommerce','store_phone','Số điện thoại cửa hàng','2021-12-18 03:21:42','2021-12-18 03:22:13'),(3152,0,'vi','plugins/ecommerce/ecommerce','order_id','Mã đơn hàng','2021-12-18 03:21:42','2021-12-18 03:22:13'),(3153,0,'vi','plugins/ecommerce/ecommerce','order_token','Chuỗi mã hoá đơn hàng','2021-12-18 03:21:42','2021-12-18 03:22:13'),(3154,0,'vi','plugins/ecommerce/ecommerce','customer_name','Tên khách hàng','2021-12-18 03:21:42','2021-12-18 03:22:13'),(3155,0,'vi','plugins/ecommerce/ecommerce','customer_email','Email khách hàng','2021-12-18 03:21:42','2021-12-18 03:22:13'),(3156,0,'vi','plugins/ecommerce/ecommerce','customer_phone','Số điện thoại khách hàng','2021-12-18 03:21:42','2021-12-18 03:22:13'),(3157,0,'vi','plugins/ecommerce/ecommerce','customer_address','Địa chỉ khách hàng','2021-12-18 03:21:42','2021-12-18 03:22:13'),(3158,0,'vi','plugins/ecommerce/ecommerce','product_list','Danh sách sản phẩm trong đơn hàng','2021-12-18 03:21:42','2021-12-18 03:22:13'),(3159,0,'vi','plugins/ecommerce/ecommerce','payment_detail','Chi tiết thanh toán','2021-12-18 03:21:42','2021-12-18 03:22:13'),(3160,0,'vi','plugins/ecommerce/ecommerce','shipping_method','Phương thức vận chuyển','2021-12-18 03:21:42','2021-12-18 03:22:13'),(3161,0,'vi','plugins/ecommerce/ecommerce','payment_method','Phương thức thanh toán','2021-12-18 03:21:42','2021-12-18 03:22:13'),(3162,0,'vi','plugins/ecommerce/ecommerce','standard_and_format','Tiêu chuẩn & Định dạng','2021-12-18 03:21:42','2021-12-18 03:22:13'),(3163,0,'vi','plugins/ecommerce/ecommerce','standard_and_format_description','Các tiêu chuẩn và các định dạng được sử dụng để tính toán những thứ như giá cả sản phẩm, trọng lượng vận chuyển và thời gian đơn hàng được đặt.','2021-12-18 03:21:42','2021-12-18 03:22:13'),(3164,0,'vi','plugins/ecommerce/ecommerce','change_order_format','Chỉnh sửa định dạng mã đơn hàng (tùy chọn)','2021-12-18 03:21:42','2021-12-18 03:22:13'),(3165,0,'vi','plugins/ecommerce/ecommerce','change_order_format_description','Mã đơn hàng mặc định bắt đầu từ :number. Bạn có thể thay đổi chuỗi bắt đầu hoặc kết thúc để tạo mã đơn hàng theo ý bạn, ví dụ \"DH-:number\" hoặc \":number-A\"','2021-12-18 03:21:42','2021-12-18 03:22:13'),(3166,0,'vi','plugins/ecommerce/ecommerce','start_with','Bắt đầu bằng','2021-12-18 03:21:42','2021-12-18 03:22:13'),(3167,0,'vi','plugins/ecommerce/ecommerce','end_with','Kết thúc bằng','2021-12-18 03:21:42','2021-12-18 03:22:13'),(3168,0,'vi','plugins/ecommerce/ecommerce','order_will_be_shown','Mã đơn hàng của bạn sẽ hiển thị theo mẫu','2021-12-18 03:21:42','2021-12-18 03:22:13'),(3169,0,'vi','plugins/ecommerce/ecommerce','weight_unit','Đơn vị cân nặng','2021-12-18 03:21:42','2021-12-18 03:22:13'),(3170,0,'vi','plugins/ecommerce/ecommerce','height_unit','Đơn vị chiều dài/chiều cao','2021-12-18 03:21:42','2021-12-18 03:22:13'),(3171,0,'vi','plugins/ecommerce/email','customer_new_order_title','Xác nhận đơn hàng','2021-12-18 03:21:42','2021-12-18 03:22:13'),(3172,0,'vi','plugins/ecommerce/email','customer_new_order_description','Được gửi khi khách hàng tạo đơn hàng','2021-12-18 03:21:42','2021-12-18 03:22:13'),(3173,0,'vi','plugins/ecommerce/email','order_cancellation_title','Hủy đơn hàng','2021-12-18 03:21:42','2021-12-18 03:22:13'),(3174,0,'vi','plugins/ecommerce/email','order_cancellation_description','Được gửi khi khách hàng hủy đơn hàng','2021-12-18 03:21:42','2021-12-18 03:22:13'),(3175,0,'vi','plugins/ecommerce/email','delivery_confirmation_title','Xác nhận giao hàng','2021-12-18 03:21:42','2021-12-18 03:22:13'),(3176,0,'vi','plugins/ecommerce/email','delivery_confirmation_description','Được gửi đến khách hàng khi bắt đầu giao hàng','2021-12-18 03:21:42','2021-12-18 03:22:13'),(3177,0,'vi','plugins/ecommerce/email','admin_new_order_title','Thông báo có đơn hàng mới','2021-12-18 03:21:42','2021-12-18 03:22:13'),(3178,0,'vi','plugins/ecommerce/email','admin_new_order_description','Được gửi cho quản trị viên khi có khách mua hàng','2021-12-18 03:21:42','2021-12-18 03:22:13'),(3179,0,'vi','plugins/ecommerce/email','order_confirmation_title','Xác nhận đơn hàng','2021-12-18 03:21:42','2021-12-18 03:22:13'),(3180,0,'vi','plugins/ecommerce/email','order_confirmation_description','Email được gửi đến khách hàng khi đơn hàng xác nhận','2021-12-18 03:21:42','2021-12-18 03:22:13'),(3181,0,'vi','plugins/ecommerce/email','payment_confirmation_title','Xác nhận thanh toán','2021-12-18 03:21:42','2021-12-18 03:22:13'),(3182,0,'vi','plugins/ecommerce/email','payment_confirmation_description','Email được gửi đến khách hàng khi đơn hàng xác nhận thanh toán','2021-12-18 03:21:42','2021-12-18 03:22:13'),(3183,0,'vi','plugins/ecommerce/email','order_recover_title','Đơn hàng đang chờ hoàn tất','2021-12-18 03:21:42','2021-12-18 03:22:13'),(3184,0,'vi','plugins/ecommerce/email','order_recover_description','Email nhắc nhở khách hàng hoàn tất đơn hàng','2021-12-18 03:21:42','2021-12-18 03:22:13'),(3185,0,'vi','plugins/ecommerce/email','link_go_to_our_shop','hoặc <a href=\":link\">Truy cập website</a>','2021-12-18 03:21:42','2021-12-18 03:22:13'),(3186,0,'vi','plugins/ecommerce/email','order_information','Thông tin đơn hàng','2021-12-18 03:21:42','2021-12-18 03:22:13'),(3187,0,'vi','plugins/ecommerce/email','order_number','Mã đơn hàng: <strong>:order_id</strong>','2021-12-18 03:21:42','2021-12-18 03:22:13'),(3188,0,'vi','plugins/ecommerce/email','view_order','Xem đơn hàng','2021-12-18 03:21:42','2021-12-18 03:22:13'),(3189,0,'vi','plugins/ecommerce/order','statuses.pending','Chưa xử lý','2021-12-18 03:21:42','2021-12-18 03:22:13'),(3190,0,'vi','plugins/ecommerce/order','statuses.processing','Đang xử lý','2021-12-18 03:21:42','2021-12-18 03:22:13'),(3191,0,'vi','plugins/ecommerce/order','statuses.completed','Hoàn thành','2021-12-18 03:21:42','2021-12-18 03:22:13'),(3192,0,'vi','plugins/ecommerce/order','statuses.canceled','Bị huỷ','2021-12-18 03:21:42','2021-12-18 03:22:13'),(3193,0,'vi','plugins/ecommerce/order','name','Đơn hàng','2021-12-18 03:21:42','2021-12-18 03:22:13'),(3194,0,'vi','plugins/ecommerce/order','incomplete_order','Đơn hàng chưa hoàn tất','2021-12-18 03:21:42','2021-12-18 03:22:13'),(3195,0,'vi','plugins/ecommerce/order','order_id','Mã đơn hàng','2021-12-18 03:21:42','2021-12-18 03:22:13'),(3196,0,'vi','plugins/ecommerce/order','customer_label','Khách hàng','2021-12-18 03:21:42','2021-12-18 03:22:13'),(3197,0,'vi','plugins/ecommerce/order','amount','Tổng cộng','2021-12-18 03:21:42','2021-12-18 03:22:13'),(3198,0,'vi','plugins/ecommerce/order','shipping_amount','Phí vận chuyển','2021-12-18 03:21:42','2021-12-18 03:22:13'),(3199,0,'vi','plugins/ecommerce/order','payment_method','Phương thức thanh toán','2021-12-18 03:21:42','2021-12-18 03:22:13'),(3200,0,'vi','plugins/ecommerce/order','payment_status_label','Trạng thái thanh toán','2021-12-18 03:21:42','2021-12-18 03:22:13'),(3201,0,'vi','plugins/ecommerce/order','manage_orders','Quản lý đơn hàng','2021-12-18 03:21:42','2021-12-18 03:22:13'),(3202,0,'vi','plugins/ecommerce/order','order_intro_description','Một khi cửa hàng của bạn có đơn đặt hàng, đây sẽ là nơi bạn xử lý và theo dõi những đơn đặt hàng đó.','2021-12-18 03:21:42','2021-12-18 03:22:13'),(3203,0,'vi','plugins/ecommerce/order','create_new_order','Tạo đơn hàng','2021-12-18 03:21:42','2021-12-18 03:22:13'),(3204,0,'vi','plugins/ecommerce/order','manage_incomplete_orders','Quản lý đơn hàng chưa hoàn tất','2021-12-18 03:21:42','2021-12-18 03:22:13'),(3205,0,'vi','plugins/ecommerce/order','incomplete_orders_intro_description','Đơn hàng chưa hoàn tất là đơn hàng được tạo khi khách hàng thêm sản phẩm vào giỏ hàng, tiến hành điền thông tin mua hàng nhưng không hoàn tất quá trình thanh toán.','2021-12-18 03:21:42','2021-12-18 03:22:13'),(3206,0,'vi','plugins/ecommerce/order','cannot_send_order_recover_to_mail','Không tìm thấy email nên không thể gửi email khôi phục cho khách hàng.','2021-12-18 03:21:42','2021-12-18 03:22:13'),(3207,0,'vi','plugins/ecommerce/order','menu','Đơn hàng','2021-12-18 03:21:42','2021-12-18 03:22:13'),(3208,0,'vi','plugins/ecommerce/order','order_information','Thông tin đơn hàng','2021-12-18 03:21:43','2021-12-18 03:22:13'),(3209,0,'vi','plugins/ecommerce/order','create','Create an order','2021-12-18 03:21:43','2021-12-18 03:22:13'),(3210,0,'vi','plugins/ecommerce/order','cancel_error','The order is delivering or completed','2021-12-18 03:21:43','2021-12-18 03:22:13'),(3211,0,'vi','plugins/ecommerce/order','cancel_success','You do cancel the order successful','2021-12-18 03:21:43','2021-12-18 03:22:13'),(3212,0,'vi','plugins/ecommerce/order','product_id','Product ID','2021-12-18 03:21:43','2021-12-18 03:22:13'),(3213,0,'vi','plugins/ecommerce/order','tax_amount','Tax Amount','2021-12-18 03:21:43','2021-12-18 03:22:13'),(3214,0,'vi','plugins/ecommerce/order','invoice_for_order','Invoice for order','2021-12-18 03:21:43','2021-12-18 03:22:13'),(3215,0,'vi','plugins/ecommerce/order','created','Created','2021-12-18 03:21:43','2021-12-18 03:22:13'),(3216,0,'vi','plugins/ecommerce/order','invoice','Invoice','2021-12-18 03:21:43','2021-12-18 03:22:13'),(3217,0,'vi','plugins/ecommerce/order','return','Return','2021-12-18 03:21:43','2021-12-18 03:22:13'),(3218,0,'vi','plugins/ecommerce/order','total_refund_amount','Total refund amount','2021-12-18 03:21:43','2021-12-18 03:22:13'),(3219,0,'vi','plugins/ecommerce/order','total_amount_can_be_refunded','Total amount can be refunded','2021-12-18 03:21:43','2021-12-18 03:22:13'),(3220,0,'vi','plugins/ecommerce/order','refund_reason','Refund reason (optional)','2021-12-18 03:21:43','2021-12-18 03:22:13'),(3221,0,'vi','plugins/ecommerce/order','products','product(s)','2021-12-18 03:21:43','2021-12-18 03:22:13'),(3222,0,'vi','plugins/ecommerce/order','default','Default','2021-12-18 03:21:43','2021-12-18 03:22:13'),(3223,0,'vi','plugins/ecommerce/order','system','System','2021-12-18 03:21:43','2021-12-18 03:22:13'),(3224,0,'vi','plugins/ecommerce/order','new_order_from','New order :order_id from :customer','2021-12-18 03:21:43','2021-12-18 03:22:13'),(3225,0,'vi','plugins/ecommerce/order','confirmation_email_was_sent_to_customer','The email confirmation was sent to customer','2021-12-18 03:21:43','2021-12-18 03:22:13'),(3226,0,'vi','plugins/ecommerce/order','address_name_required','The name field is required.','2021-12-18 03:21:43','2021-12-18 03:22:13'),(3227,0,'vi','plugins/ecommerce/order','address_phone_required','The phone field is required.','2021-12-18 03:21:43','2021-12-18 03:22:13'),(3228,0,'vi','plugins/ecommerce/order','address_email_required','The email field is required.','2021-12-18 03:21:43','2021-12-18 03:22:13'),(3229,0,'vi','plugins/ecommerce/order','address_email_unique','The customer with that email is existed, please choose other email or login with this email!','2021-12-18 03:21:43','2021-12-18 03:22:13'),(3230,0,'vi','plugins/ecommerce/order','address_state_required','The state field is required.','2021-12-18 03:21:43','2021-12-18 03:22:13'),(3231,0,'vi','plugins/ecommerce/order','address_city_required','The city field is required.','2021-12-18 03:21:43','2021-12-18 03:22:13'),(3232,0,'vi','plugins/ecommerce/order','address_country_required','The country field is required.','2021-12-18 03:21:43','2021-12-18 03:22:13'),(3233,0,'vi','plugins/ecommerce/order','address_address_required','The address field is required.','2021-12-18 03:21:43','2021-12-18 03:22:13'),(3234,0,'vi','plugins/ecommerce/order','create_order_from_payment_page','Order was created from checkout page','2021-12-18 03:21:43','2021-12-18 03:22:13'),(3235,0,'vi','plugins/ecommerce/order','order_was_verified_by','Order was verified by %user_name%','2021-12-18 03:21:43','2021-12-18 03:22:13'),(3236,0,'vi','plugins/ecommerce/order','new_order','New order :order_id','2021-12-18 03:21:43','2021-12-18 03:22:13'),(3237,0,'vi','plugins/ecommerce/order','payment_was_confirmed_by','Payment was confirmed (amount :money) by %user_name%','2021-12-18 03:21:43','2021-12-18 03:22:13'),(3238,0,'vi','plugins/ecommerce/order','edit_order','Edit order :code','2021-12-18 03:21:43','2021-12-18 03:22:13'),(3239,0,'vi','plugins/ecommerce/order','confirm_order_success','Confirm order successfully!','2021-12-18 03:21:43','2021-12-18 03:22:13'),(3240,0,'vi','plugins/ecommerce/order','error_when_sending_email','There is an error when sending email','2021-12-18 03:21:43','2021-12-18 03:22:13'),(3241,0,'vi','plugins/ecommerce/order','sent_confirmation_email_success','Sent confirmation email successfully!','2021-12-18 03:21:43','2021-12-18 03:22:13'),(3242,0,'vi','plugins/ecommerce/order','order_was_sent_to_shipping_team','Order was sent to shipping team','2021-12-18 03:21:43','2021-12-18 03:22:13'),(3243,0,'vi','plugins/ecommerce/order','by_username','by %user_name%','2021-12-18 03:21:43','2021-12-18 03:22:13'),(3244,0,'vi','plugins/ecommerce/order','shipping_was_created_from','Shipping was created from order %order_id%','2021-12-18 03:21:43','2021-12-18 03:22:13'),(3245,0,'vi','plugins/ecommerce/order','shipping_was_canceled_success','Shipping was cancelled successfully!','2021-12-18 03:21:43','2021-12-18 03:22:13'),(3246,0,'vi','plugins/ecommerce/order','shipping_was_canceled_by','Shipping was cancelled by %user_name%','2021-12-18 03:21:43','2021-12-18 03:22:13'),(3247,0,'vi','plugins/ecommerce/order','update_shipping_address_success','Update shipping address successfully!','2021-12-18 03:21:43','2021-12-18 03:22:13'),(3248,0,'vi','plugins/ecommerce/order','order_was_canceled_by','Order was cancelled by %user_name%','2021-12-18 03:21:43','2021-12-18 03:22:13'),(3249,0,'vi','plugins/ecommerce/order','confirm_payment_success','Confirm payment successfully!','2021-12-18 03:21:43','2021-12-18 03:22:13'),(3250,0,'vi','plugins/ecommerce/order','refund_amount_invalid','Refund amount must be lower or equal :price','2021-12-18 03:21:43','2021-12-18 03:22:13'),(3251,0,'vi','plugins/ecommerce/order','number_of_products_invalid','Number of products refund is not valid!','2021-12-18 03:21:43','2021-12-18 03:22:13'),(3252,0,'vi','plugins/ecommerce/order','cannot_found_payment_for_this_order','Cannot found payment for this order!','2021-12-18 03:21:43','2021-12-18 03:22:13'),(3253,0,'vi','plugins/ecommerce/order','refund_success_with_price','Refund success :price','2021-12-18 03:21:43','2021-12-18 03:22:13'),(3254,0,'vi','plugins/ecommerce/order','refund_success','Refund successfully!','2021-12-18 03:21:43','2021-12-18 03:22:13'),(3255,0,'vi','plugins/ecommerce/order','order_is_not_existed','Order is not existed!','2021-12-18 03:21:43','2021-12-18 03:22:13'),(3256,0,'vi','plugins/ecommerce/order','reorder','Reorder','2021-12-18 03:21:43','2021-12-18 03:22:13'),(3257,0,'vi','plugins/ecommerce/order','sent_email_incomplete_order_success','Sent email to remind about incomplete order successfully!','2021-12-18 03:21:43','2021-12-18 03:22:13'),(3258,0,'vi','plugins/ecommerce/order','applied_coupon_success','Applied coupon \":code\" successfully!','2021-12-18 03:21:43','2021-12-18 03:22:13'),(3259,0,'vi','plugins/ecommerce/order','new_order_notice','You have <span class=\"bold\">:count</span> New Order(s)','2021-12-18 03:21:43','2021-12-18 03:22:13'),(3260,0,'vi','plugins/ecommerce/order','view_all','View all','2021-12-18 03:21:43','2021-12-18 03:22:13'),(3261,0,'vi','plugins/ecommerce/order','cancel_order','Cancel order','2021-12-18 03:21:43','2021-12-18 03:22:13'),(3262,0,'vi','plugins/ecommerce/order','order_canceled','Order canceled','2021-12-18 03:21:43','2021-12-18 03:22:13'),(3263,0,'vi','plugins/ecommerce/order','order_was_canceled_at','Order was canceled at','2021-12-18 03:21:43','2021-12-18 03:22:13'),(3264,0,'vi','plugins/ecommerce/order','completed','Completed','2021-12-18 03:21:43','2021-12-18 03:22:13'),(3265,0,'vi','plugins/ecommerce/order','uncompleted','Uncompleted','2021-12-18 03:21:43','2021-12-18 03:22:13'),(3266,0,'vi','plugins/ecommerce/order','sku','SKU','2021-12-18 03:21:43','2021-12-18 03:22:13'),(3267,0,'vi','plugins/ecommerce/order','warehouse','Warehouse','2021-12-18 03:21:43','2021-12-18 03:22:13'),(3268,0,'vi','plugins/ecommerce/order','sub_amount','Sub amount','2021-12-18 03:21:43','2021-12-18 03:22:13'),(3269,0,'vi','plugins/ecommerce/order','coupon_code','Coupon code: \":code\"','2021-12-18 03:21:43','2021-12-18 03:22:13'),(3270,0,'vi','plugins/ecommerce/order','shipping_fee','Shipping fee','2021-12-18 03:21:43','2021-12-18 03:22:13'),(3271,0,'vi','plugins/ecommerce/order','tax','Tax','2021-12-18 03:21:43','2021-12-18 03:22:13'),(3272,0,'vi','plugins/ecommerce/order','refunded_amount','Refunded amount','2021-12-18 03:21:43','2021-12-18 03:22:13'),(3273,0,'vi','plugins/ecommerce/order','amount_received','The amount actually received','2021-12-18 03:21:43','2021-12-18 03:22:13'),(3274,0,'vi','plugins/ecommerce/order','download_invoice','Download invoice','2021-12-18 03:21:43','2021-12-18 03:22:13'),(3275,0,'vi','plugins/ecommerce/order','add_note','Add note...','2021-12-18 03:21:43','2021-12-18 03:22:13'),(3276,0,'vi','plugins/ecommerce/order','order_was_confirmed','Order was confirmed','2021-12-18 03:21:43','2021-12-18 03:22:13'),(3277,0,'vi','plugins/ecommerce/order','confirm_order','Confirm order','2021-12-18 03:21:43','2021-12-18 03:22:13'),(3278,0,'vi','plugins/ecommerce/order','confirm','Confirm','2021-12-18 03:21:43','2021-12-18 03:22:13'),(3279,0,'vi','plugins/ecommerce/order','order_was_canceled','Order was canceled','2021-12-18 03:21:43','2021-12-18 03:22:13'),(3280,0,'vi','plugins/ecommerce/order','pending_payment','Pending payment','2021-12-18 03:21:43','2021-12-18 03:22:13'),(3281,0,'vi','plugins/ecommerce/order','payment_was_accepted','Payment :money was accepted','2021-12-18 03:21:43','2021-12-18 03:22:13'),(3282,0,'vi','plugins/ecommerce/order','payment_was_refunded','Payment was refunded','2021-12-18 03:21:43','2021-12-18 03:22:13'),(3283,0,'vi','plugins/ecommerce/order','confirm_payment','Confirm payment','2021-12-18 03:21:43','2021-12-18 03:22:13'),(3284,0,'vi','plugins/ecommerce/order','refund','Refund','2021-12-18 03:21:43','2021-12-18 03:22:13'),(3285,0,'vi','plugins/ecommerce/order','all_products_are_not_delivered','All products are not delivered','2021-12-18 03:21:43','2021-12-18 03:22:13'),(3286,0,'vi','plugins/ecommerce/order','delivery','Delivery','2021-12-18 03:21:43','2021-12-18 03:22:13'),(3287,0,'vi','plugins/ecommerce/order','history','History','2021-12-18 03:21:43','2021-12-18 03:22:13'),(3288,0,'vi','plugins/ecommerce/order','order_number','Order number','2021-12-18 03:21:43','2021-12-18 03:22:13'),(3289,0,'vi','plugins/ecommerce/order','from','from','2021-12-18 03:21:43','2021-12-18 03:22:13'),(3290,0,'vi','plugins/ecommerce/order','status','Status','2021-12-18 03:21:43','2021-12-18 03:22:13'),(3291,0,'vi','plugins/ecommerce/order','successfully','Successfully','2021-12-18 03:21:43','2021-12-18 03:22:13'),(3292,0,'vi','plugins/ecommerce/order','transaction_type','Transaction\'s type','2021-12-18 03:21:43','2021-12-18 03:22:13'),(3293,0,'vi','plugins/ecommerce/order','staff','Staff','2021-12-18 03:21:43','2021-12-18 03:22:13'),(3294,0,'vi','plugins/ecommerce/order','refund_date','Refund date','2021-12-18 03:21:43','2021-12-18 03:22:13'),(3295,0,'vi','plugins/ecommerce/order','n_a','N\\A','2021-12-18 03:21:43','2021-12-18 03:22:13'),(3296,0,'vi','plugins/ecommerce/order','payment_date','Payment date','2021-12-18 03:21:43','2021-12-18 03:22:13'),(3297,0,'vi','plugins/ecommerce/order','payment_gateway','Payment gateway','2021-12-18 03:21:43','2021-12-18 03:22:13'),(3298,0,'vi','plugins/ecommerce/order','transaction_amount','Transaction amount','2021-12-18 03:21:43','2021-12-18 03:22:13'),(3299,0,'vi','plugins/ecommerce/order','resend','Resend','2021-12-18 03:21:43','2021-12-18 03:22:13'),(3300,0,'vi','plugins/ecommerce/order','default_store','Default store','2021-12-18 03:21:43','2021-12-18 03:22:13'),(3301,0,'vi','plugins/ecommerce/order','update_address','Update address','2021-12-18 03:21:43','2021-12-18 03:22:13'),(3302,0,'vi','plugins/ecommerce/order','have_an_account_already','Have an account already','2021-12-18 03:21:43','2021-12-18 03:22:13'),(3303,0,'vi','plugins/ecommerce/order','dont_have_an_account_yet','Don\'t have an account yet','2021-12-18 03:21:43','2021-12-18 03:22:13'),(3304,0,'vi','plugins/ecommerce/order','mark_payment_as_confirmed','Mark <span>:method</span> as confirmed','2021-12-18 03:21:43','2021-12-18 03:22:13'),(3305,0,'vi','plugins/ecommerce/order','resend_order_confirmation','Resend order confirmation','2021-12-18 03:21:43','2021-12-18 03:22:13'),(3306,0,'vi','plugins/ecommerce/order','resend_order_confirmation_description','Confirmation email will be sent to <strong>:email</strong>?','2021-12-18 03:21:43','2021-12-18 03:22:13'),(3307,0,'vi','plugins/ecommerce/order','send','Send','2021-12-18 03:21:43','2021-12-18 03:22:13'),(3308,0,'vi','plugins/ecommerce/order','update','Update','2021-12-18 03:21:43','2021-12-18 03:22:13'),(3309,0,'vi','plugins/ecommerce/order','cancel_shipping_confirmation','Cancel shipping confirmation?','2021-12-18 03:21:43','2021-12-18 03:22:13'),(3310,0,'vi','plugins/ecommerce/order','cancel_shipping_confirmation_description','Cancel shipping confirmation?','2021-12-18 03:21:43','2021-12-18 03:22:13'),(3311,0,'vi','plugins/ecommerce/order','cancel_order_confirmation','Cancel order confirmation?','2021-12-18 03:21:43','2021-12-18 03:22:13'),(3312,0,'vi','plugins/ecommerce/order','cancel_order_confirmation_description','Are you sure you want to cancel this order? This action cannot rollback','2021-12-18 03:21:43','2021-12-18 03:22:13'),(3313,0,'vi','plugins/ecommerce/order','confirm_payment_confirmation_description','Processed by <strong>:method</strong>. Did you receive payment outside the system? This payment won\'t be saved into system and cannot be refunded','2021-12-18 03:21:43','2021-12-18 03:22:13'),(3314,0,'vi','plugins/ecommerce/order','save_note','Save note','2021-12-18 03:21:43','2021-12-18 03:22:13'),(3315,0,'vi','plugins/ecommerce/order','order_note','Order note','2021-12-18 03:21:43','2021-12-18 03:22:13'),(3316,0,'vi','plugins/ecommerce/order','order_note_placeholder','Note about order, ex: time or shipping instruction.','2021-12-18 03:21:43','2021-12-18 03:22:13'),(3317,0,'vi','plugins/ecommerce/order','order_amount','Order amount','2021-12-18 03:21:43','2021-12-18 03:22:13'),(3318,0,'vi','plugins/ecommerce/order','additional_information','Additional information','2021-12-18 03:21:43','2021-12-18 03:22:13'),(3319,0,'vi','plugins/ecommerce/order','notice_about_incomplete_order','Notice about incomplete order','2021-12-18 03:21:43','2021-12-18 03:22:13'),(3320,0,'vi','plugins/ecommerce/order','notice_about_incomplete_order_description','Remind email about uncompleted order will be send to <strong>:email</strong>?','2021-12-18 03:21:43','2021-12-18 03:22:13'),(3321,0,'vi','plugins/ecommerce/order','incomplete_order_description_1','An incomplete order is when a potential customer places items in their shopping cart, and goes all the way through to the payment page, but then doesn\'t complete the transaction.','2021-12-18 03:21:43','2021-12-18 03:22:13'),(3322,0,'vi','plugins/ecommerce/order','incomplete_order_description_2','If you have contacted customers and they want to continue buying, you can help them complete their order by following the link:','2021-12-18 03:21:43','2021-12-18 03:22:13'),(3323,0,'vi','plugins/ecommerce/order','send_an_email_to_recover_this_order','Send an email to customer to recover this order','2021-12-18 03:21:43','2021-12-18 03:22:13'),(3324,0,'vi','plugins/ecommerce/order','see_maps','See maps','2021-12-18 03:21:43','2021-12-18 03:22:13'),(3325,0,'vi','plugins/ecommerce/order','one_or_more_products_dont_have_enough_quantity','One or more products don\'t have enough quantity!','2021-12-18 03:21:43','2021-12-18 03:22:13'),(3326,0,'vi','plugins/ecommerce/order','payment_info','Payment Info','2021-12-18 03:21:43','2021-12-18 03:22:13'),(3327,0,'vi','plugins/ecommerce/order','payment_method_refund_automatic','Your customer will be refunded using :method automatically.','2021-12-18 03:21:43','2021-12-18 03:22:13'),(3328,0,'vi','plugins/ecommerce/order','order','Order','2021-12-18 03:21:43','2021-12-18 03:22:13'),(3329,0,'vi','plugins/ecommerce/order','create_a_new_product','Create a new product','2021-12-18 03:21:43','2021-12-18 03:22:13'),(3330,0,'vi','plugins/ecommerce/order','out_of_stock','Out of stock','2021-12-18 03:21:43','2021-12-18 03:22:13'),(3331,0,'vi','plugins/ecommerce/order','products_available','product(s) available','2021-12-18 03:21:43','2021-12-18 03:22:13'),(3332,0,'vi','plugins/ecommerce/order','no_products_found','No products found!','2021-12-18 03:21:43','2021-12-18 03:22:13'),(3333,0,'vi','plugins/ecommerce/order','note','Note','2021-12-18 03:21:43','2021-12-18 03:22:13'),(3334,0,'vi','plugins/ecommerce/order','note_for_order','Note for order...','2021-12-18 03:21:43','2021-12-18 03:22:13'),(3335,0,'vi','plugins/ecommerce/order','add_discount','Add discount','2021-12-18 03:21:43','2021-12-18 03:22:13'),(3336,0,'vi','plugins/ecommerce/order','discount','Discount','2021-12-18 03:21:43','2021-12-18 03:22:13'),(3337,0,'vi','plugins/ecommerce/order','add_shipping_fee','Add shipping fee','2021-12-18 03:21:43','2021-12-18 03:22:13'),(3338,0,'vi','plugins/ecommerce/order','shipping','Shipping','2021-12-18 03:21:43','2021-12-18 03:22:13'),(3339,0,'vi','plugins/ecommerce/order','total_amount','Total amount','2021-12-18 03:21:43','2021-12-18 03:22:13'),(3340,0,'vi','plugins/ecommerce/order','confirm_payment_and_create_order','Confirm payment and create order','2021-12-18 03:21:43','2021-12-18 03:22:13'),(3341,0,'vi','plugins/ecommerce/order','paid','Paid','2021-12-18 03:21:43','2021-12-18 03:22:13'),(3342,0,'vi','plugins/ecommerce/order','pay_later','Pay later','2021-12-18 03:21:43','2021-12-18 03:22:13'),(3343,0,'vi','plugins/ecommerce/order','customer_information','Customer information','2021-12-18 03:21:43','2021-12-18 03:22:13'),(3344,0,'vi','plugins/ecommerce/order','create_new_customer','Create new customer','2021-12-18 03:21:43','2021-12-18 03:22:13'),(3345,0,'vi','plugins/ecommerce/order','no_customer_found','No customer found!','2021-12-18 03:21:43','2021-12-18 03:22:13'),(3346,0,'vi','plugins/ecommerce/order','customer','Customer','2021-12-18 03:21:43','2021-12-18 03:22:13'),(3347,0,'vi','plugins/ecommerce/order','orders','order(s)','2021-12-18 03:21:43','2021-12-18 03:22:13'),(3348,0,'vi','plugins/ecommerce/order','shipping_address','Shipping Address','2021-12-18 03:21:43','2021-12-18 03:22:13'),(3349,0,'vi','plugins/ecommerce/order','see_on_maps','See on maps','2021-12-18 03:21:43','2021-12-18 03:22:13'),(3350,0,'vi','plugins/ecommerce/order','price','Price','2021-12-18 03:21:43','2021-12-18 03:22:13'),(3351,0,'vi','plugins/ecommerce/order','sku_optional','SKU (optional)','2021-12-18 03:21:43','2021-12-18 03:22:13'),(3352,0,'vi','plugins/ecommerce/order','with_storehouse_management','With storehouse management?','2021-12-18 03:21:43','2021-12-18 03:22:13'),(3353,0,'vi','plugins/ecommerce/order','quantity','Quantity','2021-12-18 03:21:43','2021-12-18 03:22:13'),(3354,0,'vi','plugins/ecommerce/order','allow_customer_checkout_when_this_product_out_of_stock','Allow customer checkout when this product out of stock?','2021-12-18 03:21:43','2021-12-18 03:22:13'),(3355,0,'vi','plugins/ecommerce/order','address','Address','2021-12-18 03:21:43','2021-12-18 03:22:13'),(3356,0,'vi','plugins/ecommerce/order','phone','Phone','2021-12-18 03:21:43','2021-12-18 03:22:13'),(3357,0,'vi','plugins/ecommerce/order','country','Country','2021-12-18 03:21:43','2021-12-18 03:22:13'),(3358,0,'vi','plugins/ecommerce/order','state','State','2021-12-18 03:21:43','2021-12-18 03:22:13'),(3359,0,'vi','plugins/ecommerce/order','city','City','2021-12-18 03:21:43','2021-12-18 03:22:13'),(3360,0,'vi','plugins/ecommerce/order','zip_code','Zip code','2021-12-18 03:21:43','2021-12-18 03:22:13'),(3361,0,'vi','plugins/ecommerce/order','discount_based_on','Discount based on','2021-12-18 03:21:43','2021-12-18 03:22:13'),(3362,0,'vi','plugins/ecommerce/order','or_coupon_code','Or coupon code','2021-12-18 03:21:43','2021-12-18 03:22:13'),(3363,0,'vi','plugins/ecommerce/order','description','Description','2021-12-18 03:21:43','2021-12-18 03:22:13'),(3364,0,'vi','plugins/ecommerce/order','how_to_select_configured_shipping','How to select configured shipping?','2021-12-18 03:21:43','2021-12-18 03:22:13'),(3365,0,'vi','plugins/ecommerce/order','please_add_customer_information_with_the_complete_shipping_address_to_see_the_configured_shipping_rates','Please add customer information with the complete shipping address to see the configured shipping rates','2021-12-18 03:21:43','2021-12-18 03:22:13'),(3366,0,'vi','plugins/ecommerce/order','free_shipping','Free shipping','2021-12-18 03:21:43','2021-12-18 03:22:13'),(3367,0,'vi','plugins/ecommerce/order','custom','Custom','2021-12-18 03:21:43','2021-12-18 03:22:13'),(3368,0,'vi','plugins/ecommerce/order','email','Email','2021-12-18 03:21:43','2021-12-18 03:22:13'),(3369,0,'vi','plugins/ecommerce/order','create_order','Create order','2021-12-18 03:21:43','2021-12-18 03:22:13'),(3370,0,'vi','plugins/ecommerce/order','close','Close','2021-12-18 03:21:43','2021-12-18 03:22:13'),(3371,0,'vi','plugins/ecommerce/order','confirm_payment_is_paid_for_this_order','Confirm payment is paid for this order','2021-12-18 03:21:43','2021-12-18 03:22:13'),(3372,0,'vi','plugins/ecommerce/order','payment_status_of_the_order_is_paid_once_the_order_has_been_created_you_cannot_change_the_payment_method_or_status','Payment status of the order is Paid. Once the order has been created, you cannot change the payment method or status','2021-12-18 03:21:43','2021-12-18 03:22:13'),(3373,0,'vi','plugins/ecommerce/order','select_payment_method','Select payment method','2021-12-18 03:21:43','2021-12-18 03:22:13'),(3374,0,'vi','plugins/ecommerce/order','cash_on_delivery_cod','Cash on delivery (COD)','2021-12-18 03:21:43','2021-12-18 03:22:13'),(3375,0,'vi','plugins/ecommerce/order','bank_transfer','Bank transfer','2021-12-18 03:21:43','2021-12-18 03:22:13'),(3376,0,'vi','plugins/ecommerce/order','paid_amount','Paid amount','2021-12-18 03:21:43','2021-12-18 03:22:13'),(3377,0,'vi','plugins/ecommerce/order','confirm_that_payment_for_this_order_will_be_paid_later','Confirm that payment for this order will be paid later','2021-12-18 03:21:43','2021-12-18 03:22:13'),(3378,0,'vi','plugins/ecommerce/order','payment_status_of_the_order_is_pending_once_the_order_has_been_created_you_cannot_change_the_payment_method_or_status','Payment status of the order is Pending. Once the order has been created, you cannot change the payment method or status','2021-12-18 03:21:43','2021-12-18 03:22:13'),(3379,0,'vi','plugins/ecommerce/order','pending_amount','Pending amount','2021-12-18 03:21:43','2021-12-18 03:22:13'),(3380,0,'vi','plugins/ecommerce/order','update_email','Update email','2021-12-18 03:21:43','2021-12-18 03:22:13'),(3381,0,'vi','plugins/ecommerce/order','save','Save','2021-12-18 03:21:43','2021-12-18 03:22:13'),(3382,0,'vi','plugins/ecommerce/order','cancel','Cancel','2021-12-18 03:21:43','2021-12-18 03:22:13'),(3383,0,'vi','plugins/ecommerce/order','create_a_new_order','Create a new order','2021-12-18 03:21:43','2021-12-18 03:22:13'),(3384,0,'vi','plugins/ecommerce/order','search_or_create_new_product','Search or create a new product','2021-12-18 03:21:43','2021-12-18 03:22:13'),(3385,0,'vi','plugins/ecommerce/order','search_or_create_new_customer','Search or create a new customer','2021-12-18 03:21:43','2021-12-18 03:22:13'),(3386,0,'vi','plugins/ecommerce/order','discount_description','Discount description','2021-12-18 03:21:43','2021-12-18 03:22:13'),(3387,0,'vi','plugins/ecommerce/order','cant_select_out_of_stock_product','Cannot select out of stock product!','2021-12-18 03:21:43','2021-12-18 03:22:13'),(3388,0,'vi','plugins/ecommerce/payment','name','Thanh toán','2021-12-18 03:21:43','2021-12-18 03:22:13'),(3389,0,'vi','plugins/ecommerce/payment','payment_method','Phương thức thanh toán','2021-12-18 03:21:43','2021-12-18 03:22:13'),(3390,0,'vi','plugins/ecommerce/payment','view_payment','Xem thanh toán #','2021-12-18 03:21:43','2021-12-18 03:22:13'),(3391,0,'vi','plugins/ecommerce/payment','charge_id','Mã giao dịch','2021-12-18 03:21:43','2021-12-18 03:22:13'),(3392,0,'vi','plugins/ecommerce/payment','amount','Số tiền','2021-12-18 03:21:43','2021-12-18 03:22:13'),(3393,0,'vi','plugins/ecommerce/payment','currency','Đơn vị tiền tệ','2021-12-18 03:21:43','2021-12-18 03:22:13'),(3394,0,'vi','plugins/ecommerce/payment','user','Người dùng','2021-12-18 03:21:43','2021-12-18 03:22:13'),(3395,0,'vi','plugins/ecommerce/payment','paypal_name_required','Tên của phương thức PayPal là bắt buộc!','2021-12-18 03:21:43','2021-12-18 03:22:13'),(3396,0,'vi','plugins/ecommerce/payment','paypal_name_max','Tên của phương thức PayPal quá dài!','2021-12-18 03:21:43','2021-12-18 03:22:13'),(3397,0,'vi','plugins/ecommerce/payment','stripe_name_required','Tên của phương thức Stripe là bắt buộc!','2021-12-18 03:21:44','2021-12-18 03:22:13'),(3398,0,'vi','plugins/ecommerce/payment','stripe_name_max','Tên của phương thức Stripe quá dài!','2021-12-18 03:21:44','2021-12-18 03:22:13'),(3399,0,'vi','plugins/ecommerce/payment','status','Trạng thái','2021-12-18 03:21:44','2021-12-18 03:22:13'),(3400,0,'vi','plugins/ecommerce/payment','enabled','Bật','2021-12-18 03:21:44','2021-12-18 03:22:13'),(3401,0,'vi','plugins/ecommerce/payment','disabled','Tắt','2021-12-18 03:21:44','2021-12-18 03:22:13'),(3402,0,'vi','plugins/ecommerce/payment','client_id','Client ID','2021-12-18 03:21:44','2021-12-18 03:22:13'),(3403,0,'vi','plugins/ecommerce/payment','client_secret','Client Secret','2021-12-18 03:21:44','2021-12-18 03:22:13'),(3404,0,'vi','plugins/ecommerce/payment','mode','Chế độ','2021-12-18 03:21:44','2021-12-18 03:22:13'),(3405,0,'vi','plugins/ecommerce/payment','sandbox','Sandbox','2021-12-18 03:21:44','2021-12-18 03:22:13'),(3406,0,'vi','plugins/ecommerce/payment','live','Live','2021-12-18 03:21:44','2021-12-18 03:22:13'),(3407,0,'vi','plugins/ecommerce/payment','enable_payment_log','Bật lưu nhật ký thanh toán','2021-12-18 03:21:44','2021-12-18 03:22:13'),(3408,0,'vi','plugins/ecommerce/payment','yes','Có','2021-12-18 03:21:44','2021-12-18 03:22:13'),(3409,0,'vi','plugins/ecommerce/payment','no','Không','2021-12-18 03:21:44','2021-12-18 03:22:13'),(3410,0,'vi','plugins/ecommerce/payment','client_key','Client Key','2021-12-18 03:21:44','2021-12-18 03:22:13'),(3411,0,'vi','plugins/ecommerce/payment','stripe','Stripe','2021-12-18 03:21:44','2021-12-18 03:22:13'),(3412,0,'vi','plugins/ecommerce/payment','paypal','PayPal','2021-12-18 03:21:44','2021-12-18 03:22:13'),(3413,0,'vi','plugins/ecommerce/payment','action','Hành động','2021-12-18 03:21:44','2021-12-18 03:22:13'),(3414,0,'vi','plugins/ecommerce/payment','go_back','Quay lại','2021-12-18 03:21:44','2021-12-18 03:22:13'),(3415,0,'vi','plugins/ecommerce/payment','view','Xem','2021-12-18 03:21:44','2021-12-18 03:22:13'),(3416,0,'vi','plugins/ecommerce/payment','cash_on_delivery','Thanh toán khi nhận hàng (COD)','2021-12-18 03:21:44','2021-12-18 03:22:13'),(3417,0,'vi','plugins/ecommerce/payment','via_bank_transfer','Thông qua chuyển khoản ngân hàng','2021-12-18 03:21:44','2021-12-18 03:22:13'),(3418,0,'vi','plugins/ecommerce/payment','payment_via_cart','Thanh toán bằng thẻ','2021-12-18 03:21:44','2021-12-18 03:22:13'),(3419,0,'vi','plugins/ecommerce/payment','card_number','Số thẻ','2021-12-18 03:21:44','2021-12-18 03:22:13'),(3420,0,'vi','plugins/ecommerce/payment','full_name','Tên trên thẻ','2021-12-18 03:21:44','2021-12-18 03:22:13'),(3421,0,'vi','plugins/ecommerce/payment','payment_via_paypal','Thanh toán thông qua PayPal','2021-12-18 03:21:44','2021-12-18 03:22:13'),(3422,0,'vi','plugins/ecommerce/payment','mm_yy','MM/YY','2021-12-18 03:21:44','2021-12-18 03:22:13'),(3423,0,'vi','plugins/ecommerce/payment','cvc','CVC','2021-12-18 03:21:44','2021-12-18 03:22:13'),(3424,0,'vi','plugins/ecommerce/payment','details','Chi tiết','2021-12-18 03:21:44','2021-12-18 03:22:13'),(3425,0,'vi','plugins/ecommerce/payment','payer_name','Người thanh toán','2021-12-18 03:21:44','2021-12-18 03:22:13'),(3426,0,'vi','plugins/ecommerce/payment','email','Địa chỉ email','2021-12-18 03:21:44','2021-12-18 03:22:13'),(3427,0,'vi','plugins/ecommerce/payment','phone','Điện thoại','2021-12-18 03:21:44','2021-12-18 03:22:13'),(3428,0,'vi','plugins/ecommerce/payment','country','Quốc gia','2021-12-18 03:21:44','2021-12-18 03:22:13'),(3429,0,'vi','plugins/ecommerce/payment','shipping_address','Địa chỉ giao hàng','2021-12-18 03:21:44','2021-12-18 03:22:13'),(3430,0,'vi','plugins/ecommerce/payment','payment_details','Chi tiết giao dịch','2021-12-18 03:21:44','2021-12-18 03:22:13'),(3431,0,'vi','plugins/ecommerce/payment','card','Thẻ','2021-12-18 03:21:44','2021-12-18 03:22:13'),(3432,0,'vi','plugins/ecommerce/payment','address','Địa chỉ','2021-12-18 03:21:44','2021-12-18 03:22:13'),(3433,0,'vi','plugins/ecommerce/payment','could_not_get_stripe_token','Không thể lấy mã Stripe để thanh toán','2021-12-18 03:21:44','2021-12-18 03:22:13'),(3434,0,'vi','plugins/ecommerce/payment','new_payment','Thanh toán cho đơn hàng :id','2021-12-18 03:21:44','2021-12-18 03:22:13'),(3435,0,'vi','plugins/ecommerce/payment','payment_id','Mã thanh toán','2021-12-18 03:21:44','2021-12-18 03:22:13'),(3436,0,'vi','plugins/ecommerce/prices','name','Price','2021-12-18 03:21:44','2021-12-18 03:22:13'),(3437,0,'vi','plugins/ecommerce/prices','create','New price','2021-12-18 03:21:44','2021-12-18 03:22:13'),(3438,0,'vi','plugins/ecommerce/prices','edit','Edit price','2021-12-18 03:21:44','2021-12-18 03:22:13'),(3439,0,'vi','plugins/ecommerce/prices','list','List price','2021-12-18 03:21:44','2021-12-18 03:22:13'),(3440,0,'vi','plugins/ecommerce/product-attribute-sets','name','Product attribute sets','2021-12-18 03:21:44','2021-12-18 03:22:13'),(3441,0,'vi','plugins/ecommerce/product-attribute-sets','create','New product attribute set','2021-12-18 03:21:44','2021-12-18 03:22:13'),(3442,0,'vi','plugins/ecommerce/product-attribute-sets','edit','Edit product attribute set','2021-12-18 03:21:44','2021-12-18 03:22:13'),(3443,0,'vi','plugins/ecommerce/product-attribute-sets','visible_in_categories','Visible in categories','2021-12-18 03:21:44','2021-12-18 03:22:13'),(3444,0,'vi','plugins/ecommerce/product-attribute-sets','product_with_more_version','Product with more version','2021-12-18 03:21:44','2021-12-18 03:22:13'),(3445,0,'vi','plugins/ecommerce/product-attribute-sets','create_a_version','Create a version','2021-12-18 03:21:44','2021-12-18 03:22:13'),(3446,0,'vi','plugins/ecommerce/product-attribute-sets','enabled','Enabled','2021-12-18 03:21:44','2021-12-18 03:22:13'),(3447,0,'vi','plugins/ecommerce/product-attribute-sets','attributes','Attributes','2021-12-18 03:21:44','2021-12-18 03:22:13'),(3448,0,'vi','plugins/ecommerce/product-attribute-sets','price','Price','2021-12-18 03:21:44','2021-12-18 03:22:13'),(3449,0,'vi','plugins/ecommerce/product-attribute-sets','edit_btn','Edit','2021-12-18 03:21:44','2021-12-18 03:22:13'),(3450,0,'vi','plugins/ecommerce/product-attribute-sets','remove_btn','Remove','2021-12-18 03:21:44','2021-12-18 03:22:13'),(3451,0,'vi','plugins/ecommerce/product-attribute-sets','product','Product','2021-12-18 03:21:44','2021-12-18 03:22:13'),(3452,0,'vi','plugins/ecommerce/product-attribute-sets','back_to_product','Back to product','2021-12-18 03:21:44','2021-12-18 03:22:13'),(3453,0,'vi','plugins/ecommerce/product-attribute-sets','save','Save','2021-12-18 03:21:44','2021-12-18 03:22:13'),(3454,0,'vi','plugins/ecommerce/product-attribute-sets','other_existing_versions','Other existing versions','2021-12-18 03:21:44','2021-12-18 03:22:13'),(3455,0,'vi','plugins/ecommerce/product-attribute-sets','version_information','Version information','2021-12-18 03:21:44','2021-12-18 03:22:13'),(3456,0,'vi','plugins/ecommerce/product-attribute-sets','add_rule','Add rule','2021-12-18 03:21:44','2021-12-18 03:22:13'),(3457,0,'vi','plugins/ecommerce/product-attribute-sets','rules','Rules','2021-12-18 03:21:44','2021-12-18 03:22:13'),(3458,0,'vi','plugins/ecommerce/product-attribute-sets','pricing','Pricing','2021-12-18 03:21:44','2021-12-18 03:22:13'),(3459,0,'vi','plugins/ecommerce/product-attribute-sets','sale_price','Sale price','2021-12-18 03:21:44','2021-12-18 03:22:13'),(3460,0,'vi','plugins/ecommerce/product-attribute-sets','sale_type','Sale type','2021-12-18 03:21:44','2021-12-18 03:22:13'),(3461,0,'vi','plugins/ecommerce/product-attribute-sets','no_sale_price','No sale price','2021-12-18 03:21:44','2021-12-18 03:22:13'),(3462,0,'vi','plugins/ecommerce/product-attribute-sets','always_on_sale','Always on sale','2021-12-18 03:21:44','2021-12-18 03:22:13'),(3463,0,'vi','plugins/ecommerce/product-attribute-sets','limited_time','Limited time','2021-12-18 03:21:44','2021-12-18 03:22:13'),(3464,0,'vi','plugins/ecommerce/product-attribute-sets','from','From','2021-12-18 03:21:44','2021-12-18 03:22:13'),(3465,0,'vi','plugins/ecommerce/product-attribute-sets','to','To','2021-12-18 03:21:44','2021-12-18 03:22:13'),(3466,0,'vi','plugins/ecommerce/product-attribute-sets','storehouse','Storehouse','2021-12-18 03:21:44','2021-12-18 03:22:13'),(3467,0,'vi','plugins/ecommerce/product-attribute-sets','no_storehouse_management','No storehouse management','2021-12-18 03:21:44','2021-12-18 03:22:13'),(3468,0,'vi','plugins/ecommerce/product-attribute-sets','with_storehouse_management','With storehouse management','2021-12-18 03:21:44','2021-12-18 03:22:13'),(3469,0,'vi','plugins/ecommerce/product-attribute-sets','quantity','Quantity','2021-12-18 03:21:44','2021-12-18 03:22:13'),(3470,0,'vi','plugins/ecommerce/product-attribute-sets','allow_customer_checkout_out_of_stock','Allow customer checkout when this product out of stock','2021-12-18 03:21:44','2021-12-18 03:22:13'),(3471,0,'vi','plugins/ecommerce/product-attribute-sets','shipping','Shipping','2021-12-18 03:21:44','2021-12-18 03:22:13'),(3472,0,'vi','plugins/ecommerce/product-attribute-sets','length','Length','2021-12-18 03:21:44','2021-12-18 03:22:13'),(3473,0,'vi','plugins/ecommerce/product-attribute-sets','wide','Wide','2021-12-18 03:21:44','2021-12-18 03:22:13'),(3474,0,'vi','plugins/ecommerce/product-attribute-sets','height','Height','2021-12-18 03:21:44','2021-12-18 03:22:13'),(3475,0,'vi','plugins/ecommerce/product-attribute-sets','weight','Weight','2021-12-18 03:21:44','2021-12-18 03:22:13'),(3476,0,'vi','plugins/ecommerce/product-attribute-sets','version_images','Version images','2021-12-18 03:21:44','2021-12-18 03:22:13'),(3477,0,'vi','plugins/ecommerce/product-attribute-sets','add_new_image','Add new image','2021-12-18 03:21:44','2021-12-18 03:22:13'),(3478,0,'vi','plugins/ecommerce/product-attribute-sets','attribute_set','Attribute set','2021-12-18 03:21:44','2021-12-18 03:22:13'),(3479,0,'vi','plugins/ecommerce/product-attribute-sets','value','Value','2021-12-18 03:21:44','2021-12-18 03:22:13'),(3480,0,'vi','plugins/ecommerce/product-attribute-sets','dropdown_swatch','Dropdown Swatch','2021-12-18 03:21:44','2021-12-18 03:22:13'),(3481,0,'vi','plugins/ecommerce/product-attribute-sets','visual_swatch','Visual Swatch','2021-12-18 03:21:44','2021-12-18 03:22:13'),(3482,0,'vi','plugins/ecommerce/product-attribute-sets','text_swatch','Text Swatch','2021-12-18 03:21:44','2021-12-18 03:22:13'),(3483,0,'vi','plugins/ecommerce/product-attributes','name','Thuộc tính sản phẩm','2021-12-18 03:21:44','2021-12-18 03:22:13'),(3484,0,'vi','plugins/ecommerce/product-attributes','create','Tạo','2021-12-18 03:21:44','2021-12-18 03:22:13'),(3485,0,'vi','plugins/ecommerce/product-attributes','edit','Sửa','2021-12-18 03:21:44','2021-12-18 03:22:13'),(3486,0,'vi','plugins/ecommerce/product-attributes','intro.title','Quản lý danh sách thuộc tính sản phẩm','2021-12-18 03:21:44','2021-12-18 03:22:13'),(3487,0,'vi','plugins/ecommerce/product-attributes','intro.description','Các thuộc tính của sản phẩm như màu sắc, kích thước ...','2021-12-18 03:21:44','2021-12-18 03:22:13'),(3488,0,'vi','plugins/ecommerce/product-attributes','intro.button_text','Tạo thuộc tính sản phẩm','2021-12-18 03:21:44','2021-12-18 03:22:13'),(3489,0,'vi','plugins/ecommerce/product-categories','create','Create new product category','2021-12-18 03:21:44','2021-12-18 03:22:13'),(3490,0,'vi','plugins/ecommerce/product-categories','edit','Edit product category','2021-12-18 03:21:44','2021-12-18 03:22:13'),(3491,0,'vi','plugins/ecommerce/product-categories','name','Danh mục sản phẩm','2021-12-18 03:21:44','2021-12-18 03:22:13'),(3492,0,'vi','plugins/ecommerce/product-categories','none','Không có','2021-12-18 03:21:44','2021-12-18 03:22:13'),(3493,0,'vi','plugins/ecommerce/product-categories','menu','Danh mục sản phẩm','2021-12-18 03:21:44','2021-12-18 03:22:13'),(3494,0,'vi','plugins/ecommerce/product-categories','intro.title','Quản lý danh sách danh mục sản phẩm','2021-12-18 03:21:44','2021-12-18 03:22:13'),(3495,0,'vi','plugins/ecommerce/product-categories','intro.description','Danh mục sản phẩm như quần áo, giày dép, linh kiện điện tử ...','2021-12-18 03:21:44','2021-12-18 03:22:13'),(3496,0,'vi','plugins/ecommerce/product-categories','intro.button_text','Tạo danh mục sản phẩm','2021-12-18 03:21:44','2021-12-18 03:22:13'),(3497,0,'vi','plugins/ecommerce/product-categories','total_products','Tổng sản phẩm: :total','2021-12-18 03:21:44','2021-12-18 03:22:13'),(3498,0,'vi','plugins/ecommerce/product-collections','name','Nhóm sản phẩm','2021-12-18 03:21:44','2021-12-18 03:22:13'),(3499,0,'vi','plugins/ecommerce/product-collections','create','Thêm nhóm sản phẩm','2021-12-18 03:21:44','2021-12-18 03:22:13'),(3500,0,'vi','plugins/ecommerce/product-collections','edit','Sửa nhóm sản phẩm','2021-12-18 03:21:44','2021-12-18 03:22:13'),(3501,0,'vi','plugins/ecommerce/product-collections','slug_help_block','Label key: <code>:slug</code>. We will use this key for filter.','2021-12-18 03:21:44','2021-12-18 03:22:13'),(3502,0,'vi','plugins/ecommerce/product-collections','intro.title','Quản lý nhóm sản phẩm','2021-12-18 03:21:44','2021-12-18 03:22:13'),(3503,0,'vi','plugins/ecommerce/product-collections','intro.description','Nhóm sản phẩm giúp quản lý sản phẩm và khách hàng tìm kiếm sản phẩm một cách dễ dàng.','2021-12-18 03:21:44','2021-12-18 03:22:13'),(3504,0,'vi','plugins/ecommerce/product-collections','intro.button_text','Tạo nhóm sản phẩm','2021-12-18 03:21:44','2021-12-18 03:22:13'),(3505,0,'vi','plugins/ecommerce/products','name','Sản phẩm','2021-12-18 03:21:44','2021-12-18 03:22:13'),(3506,0,'vi','plugins/ecommerce/products','create','Thêm sản phẩm mới','2021-12-18 03:21:44','2021-12-18 03:22:13'),(3507,0,'vi','plugins/ecommerce/products','edit','Sửa sản phẩm - :name','2021-12-18 03:21:44','2021-12-18 03:22:13'),(3508,0,'vi','plugins/ecommerce/products','form.name','Tên sản phẩm','2021-12-18 03:21:44','2021-12-18 03:22:13'),(3509,0,'vi','plugins/ecommerce/products','form.name_placeholder','Tên sản phẩm (Tối đa 120 chữ cái)','2021-12-18 03:21:44','2021-12-18 03:22:13'),(3510,0,'vi','plugins/ecommerce/products','form.description','Mô tả ngắn','2021-12-18 03:21:44','2021-12-18 03:22:13'),(3511,0,'vi','plugins/ecommerce/products','form.description_placeholder','Mô tả ngắn gọn cho sản phẩm (Tối đa 400 chữ cái)','2021-12-18 03:21:44','2021-12-18 03:22:13'),(3512,0,'vi','plugins/ecommerce/products','form.categories','Danh mục','2021-12-18 03:21:44','2021-12-18 03:22:13'),(3513,0,'vi','plugins/ecommerce/products','form.content','Chi tiết sản phẩm','2021-12-18 03:21:44','2021-12-18 03:22:13'),(3514,0,'vi','plugins/ecommerce/products','form.price','Giá cơ bản','2021-12-18 03:21:44','2021-12-18 03:22:13'),(3515,0,'vi','plugins/ecommerce/products','form.price_sale','Giá giảm','2021-12-18 03:21:44','2021-12-18 03:22:13'),(3516,0,'vi','plugins/ecommerce/products','form.quantity','Số lượng','2021-12-18 03:21:44','2021-12-18 03:22:13'),(3517,0,'vi','plugins/ecommerce/products','form.brand','Thương hiệu','2021-12-18 03:21:44','2021-12-18 03:22:13'),(3518,0,'vi','plugins/ecommerce/products','form.width','Rộng','2021-12-18 03:21:44','2021-12-18 03:22:13'),(3519,0,'vi','plugins/ecommerce/products','form.height','Cao','2021-12-18 03:21:44','2021-12-18 03:22:13'),(3520,0,'vi','plugins/ecommerce/products','form.weight','Cân nặng','2021-12-18 03:21:44','2021-12-18 03:22:13'),(3521,0,'vi','plugins/ecommerce/products','form.image','Hình ảnh','2021-12-18 03:21:45','2021-12-18 03:22:13'),(3522,0,'vi','plugins/ecommerce/products','form.product_type.title','Loại sản phẩm','2021-12-18 03:21:45','2021-12-18 03:22:13'),(3523,0,'vi','plugins/ecommerce/products','form.stock.title','Tình trạng kho','2021-12-18 03:21:45','2021-12-18 03:22:13'),(3524,0,'vi','plugins/ecommerce/products','form.stock.in_stock','Còn hàng','2021-12-18 03:21:45','2021-12-18 03:22:13'),(3525,0,'vi','plugins/ecommerce/products','form.stock.out_stock','Hết hàng','2021-12-18 03:21:45','2021-12-18 03:22:13'),(3526,0,'vi','plugins/ecommerce/products','form.stock.allow_order_when_out','Cho phép đặt hàng khi hết','2021-12-18 03:21:45','2021-12-18 03:22:13'),(3527,0,'vi','plugins/ecommerce/products','form.storehouse.title','Quản lý kho','2021-12-18 03:21:45','2021-12-18 03:22:13'),(3528,0,'vi','plugins/ecommerce/products','form.storehouse.no_storehouse','Không quản lý kho','2021-12-18 03:21:45','2021-12-18 03:22:13'),(3529,0,'vi','plugins/ecommerce/products','form.storehouse.storehouse','Quản lý kho','2021-12-18 03:21:45','2021-12-18 03:22:13'),(3530,0,'vi','plugins/ecommerce/products','form.storehouse.quantity','Số lượng','2021-12-18 03:21:45','2021-12-18 03:22:13'),(3531,0,'vi','plugins/ecommerce/products','form.shipping.title','Giao hàng','2021-12-18 03:21:45','2021-12-18 03:22:13'),(3532,0,'vi','plugins/ecommerce/products','form.shipping.length','Chiều dài','2021-12-18 03:21:45','2021-12-18 03:22:13'),(3533,0,'vi','plugins/ecommerce/products','form.shipping.wide','Chiều rộng','2021-12-18 03:21:45','2021-12-18 03:22:13'),(3534,0,'vi','plugins/ecommerce/products','form.shipping.height','Chiều cao','2021-12-18 03:21:45','2021-12-18 03:22:13'),(3535,0,'vi','plugins/ecommerce/products','form.shipping.weight','Cân nặng','2021-12-18 03:21:45','2021-12-18 03:22:13'),(3536,0,'vi','plugins/ecommerce/products','form.date.start','Ngày bắt đầu','2021-12-18 03:21:45','2021-12-18 03:22:13'),(3537,0,'vi','plugins/ecommerce/products','form.date.end','Ngày kết thúc','2021-12-18 03:21:45','2021-12-18 03:22:13'),(3538,0,'vi','plugins/ecommerce/products','form.tags','Nhãn','2021-12-18 03:21:45','2021-12-18 03:22:13'),(3539,0,'vi','plugins/ecommerce/products','form.tax','Thuế','2021-12-18 03:21:45','2021-12-18 03:22:13'),(3540,0,'vi','plugins/ecommerce/products','price','Giá cơ bản','2021-12-18 03:21:45','2021-12-18 03:22:13'),(3541,0,'vi','plugins/ecommerce/products','price_sale','Giá giảm','2021-12-18 03:21:45','2021-12-18 03:22:13'),(3542,0,'vi','plugins/ecommerce/products','quantity','Số lượng','2021-12-18 03:21:45','2021-12-18 03:22:13'),(3543,0,'vi','plugins/ecommerce/products','type','Loại sản phẩm','2021-12-18 03:21:45','2021-12-18 03:22:13'),(3544,0,'vi','plugins/ecommerce/products','image','Ảnh','2021-12-18 03:21:45','2021-12-18 03:22:13'),(3545,0,'vi','plugins/ecommerce/products','sku','Mã sản phẩm','2021-12-18 03:21:45','2021-12-18 03:22:13'),(3546,0,'vi','plugins/ecommerce/products','brand','Thương hiệu','2021-12-18 03:21:45','2021-12-18 03:22:13'),(3547,0,'vi','plugins/ecommerce/products','cannot_delete','Product could not be deleted','2021-12-18 03:21:45','2021-12-18 03:22:13'),(3548,0,'vi','plugins/ecommerce/products','product_deleted','Product deleted','2021-12-18 03:21:45','2021-12-18 03:22:13'),(3549,0,'vi','plugins/ecommerce/products','products','Sản phẩm','2021-12-18 03:21:45','2021-12-18 03:22:13'),(3550,0,'vi','plugins/ecommerce/products','menu','Sản phẩm','2021-12-18 03:21:45','2021-12-18 03:22:13'),(3551,0,'vi','plugins/ecommerce/products','control.button_add_image','Thêm hình ảnh','2021-12-18 03:21:45','2021-12-18 03:22:13'),(3552,0,'vi','plugins/ecommerce/products','overview','Tổng quan','2021-12-18 03:21:45','2021-12-18 03:22:13'),(3553,0,'vi','plugins/ecommerce/products','attributes','Thuộc tính','2021-12-18 03:21:45','2021-12-18 03:22:13'),(3554,0,'vi','plugins/ecommerce/products','product_has_variations','Sản phẩm có nhiều phiên bản','2021-12-18 03:21:45','2021-12-18 03:22:13'),(3555,0,'vi','plugins/ecommerce/products','manage_products','Quản lý danh sách sản phẩm','2021-12-18 03:21:45','2021-12-18 03:22:13'),(3556,0,'vi','plugins/ecommerce/products','add_new_product','Tạo sản phẩm','2021-12-18 03:21:45','2021-12-18 03:22:13'),(3557,0,'vi','plugins/ecommerce/products','start_by_adding_new_product','Bắt đầu bán hàng bằng việc thêm sản phẩm.','2021-12-18 03:21:45','2021-12-18 03:22:13'),(3558,0,'vi','plugins/ecommerce/reports','name','Báo cáo','2021-12-18 03:21:45','2021-12-18 03:22:13'),(3559,0,'vi','plugins/ecommerce/reports','widget.order.title','Đơn hàng','2021-12-18 03:21:45','2021-12-18 03:22:13'),(3560,0,'vi','plugins/ecommerce/reports','count.revenue','Doanh thu hôm nay','2021-12-18 03:21:45','2021-12-18 03:22:13'),(3561,0,'vi','plugins/ecommerce/reports','count.orders','Đơn hàng hôm nay','2021-12-18 03:21:45','2021-12-18 03:22:13'),(3562,0,'vi','plugins/ecommerce/reports','count.products','Sản phẩm','2021-12-18 03:21:45','2021-12-18 03:22:13'),(3563,0,'vi','plugins/ecommerce/reports','count.customers','Khách hàng','2021-12-18 03:21:45','2021-12-18 03:22:13'),(3564,0,'vi','plugins/ecommerce/reports','product_name','Tên sản phẩm','2021-12-18 03:21:45','2021-12-18 03:22:13'),(3565,0,'vi','plugins/ecommerce/reports','quantity','Số lượng','2021-12-18 03:21:45','2021-12-18 03:22:13'),(3566,0,'vi','plugins/ecommerce/reports','revenue_statistics','Thống kê doanh thu','2021-12-18 03:21:45','2021-12-18 03:22:13'),(3567,0,'vi','plugins/ecommerce/reports','top_selling_products','Sản phẩm bán chạy trong tháng','2021-12-18 03:21:45','2021-12-18 03:22:13'),(3568,0,'vi','plugins/ecommerce/review','name','Đánh giá','2021-12-18 03:21:45','2021-12-18 03:22:13'),(3569,0,'vi','plugins/ecommerce/review','list_review','Khách hàng đánh giá','2021-12-18 03:21:45','2021-12-18 03:22:13'),(3570,0,'vi','plugins/ecommerce/review','add_review','Thêm đánh giá','2021-12-18 03:21:45','2021-12-18 03:22:13'),(3571,0,'vi','plugins/ecommerce/review','delete_review','Xóa đánh giá','2021-12-18 03:21:45','2021-12-18 03:22:13'),(3572,0,'vi','plugins/ecommerce/review','create_review','Tạo đánh giá','2021-12-18 03:21:45','2021-12-18 03:22:13'),(3573,0,'vi','plugins/ecommerce/review','please_select_rating','Chọn đánh giá','2021-12-18 03:21:45','2021-12-18 03:22:13'),(3574,0,'vi','plugins/ecommerce/review','comment','Bình luận','2021-12-18 03:21:45','2021-12-18 03:22:13'),(3575,0,'vi','plugins/ecommerce/review','approve','Chấp thuận','2021-12-18 03:21:45','2021-12-18 03:22:13'),(3576,0,'vi','plugins/ecommerce/review','approved','Đã chấp thuận','2021-12-18 03:21:45','2021-12-18 03:22:13'),(3577,0,'vi','plugins/ecommerce/review','disapprove','Không chấp thuận','2021-12-18 03:21:45','2021-12-18 03:22:13'),(3578,0,'vi','plugins/ecommerce/review','disapproved','Đã không chấp thuận','2021-12-18 03:21:45','2021-12-18 03:22:13'),(3579,0,'vi','plugins/ecommerce/review','product','Sản phẩm','2021-12-18 03:21:45','2021-12-18 03:22:13'),(3580,0,'vi','plugins/ecommerce/review','user','Người dùng','2021-12-18 03:21:45','2021-12-18 03:22:13'),(3581,0,'vi','plugins/ecommerce/review','star','Sao','2021-12-18 03:21:45','2021-12-18 03:22:13'),(3582,0,'vi','plugins/ecommerce/review','status','Trạng thái','2021-12-18 03:21:45','2021-12-18 03:22:13'),(3583,0,'vi','plugins/ecommerce/review','intro.title','Quản lý danh sách nhận xét của khách hàng','2021-12-18 03:21:45','2021-12-18 03:22:13'),(3584,0,'vi','plugins/ecommerce/review','intro.description','Lưu trữ các nhận xét, đánh giá của khách hàng','2021-12-18 03:21:45','2021-12-18 03:22:13'),(3585,0,'vi','plugins/ecommerce/shipping','name','Phí vận chuyển','2021-12-18 03:21:45','2021-12-18 03:22:13'),(3586,0,'vi','plugins/ecommerce/shipping','shipping','Vận chuyển','2021-12-18 03:21:45','2021-12-18 03:22:13'),(3587,0,'vi','plugins/ecommerce/shipping','title','Title','2021-12-18 03:21:45','2021-12-18 03:22:13'),(3588,0,'vi','plugins/ecommerce/shipping','country','Quốc gia','2021-12-18 03:21:45','2021-12-18 03:22:13'),(3589,0,'vi','plugins/ecommerce/shipping','state','State','2021-12-18 03:21:45','2021-12-18 03:22:13'),(3590,0,'vi','plugins/ecommerce/shipping','city','City','2021-12-18 03:21:45','2021-12-18 03:22:13'),(3591,0,'vi','plugins/ecommerce/shipping','amount','Amount','2021-12-18 03:21:45','2021-12-18 03:22:13'),(3592,0,'vi','plugins/ecommerce/shipping','enable','Enable','2021-12-18 03:21:45','2021-12-18 03:22:13'),(3593,0,'vi','plugins/ecommerce/shipping','enabled','Enabled','2021-12-18 03:21:45','2021-12-18 03:22:13'),(3594,0,'vi','plugins/ecommerce/shipping','disable','Disable','2021-12-18 03:21:45','2021-12-18 03:22:13'),(3595,0,'vi','plugins/ecommerce/shipping','disabled','Disabled','2021-12-18 03:21:45','2021-12-18 03:22:13'),(3596,0,'vi','plugins/ecommerce/shipping','create_shipping','Create a shipping','2021-12-18 03:21:45','2021-12-18 03:22:13'),(3597,0,'vi','plugins/ecommerce/shipping','edit_shipping','Edit shipping #','2021-12-18 03:21:45','2021-12-18 03:22:13'),(3598,0,'vi','plugins/ecommerce/shipping','status','Status','2021-12-18 03:21:45','2021-12-18 03:22:13'),(3599,0,'vi','plugins/ecommerce/shipping','shipping_methods','Phương thức vận chuyển','2021-12-18 03:21:45','2021-12-18 03:22:13'),(3600,0,'vi','plugins/ecommerce/shipping','create_shipping_method','Tạo phương thức vận chuyển','2021-12-18 03:21:45','2021-12-18 03:22:13'),(3601,0,'vi','plugins/ecommerce/shipping','edit_shipping_method','Sửa phương thức vận chuyển','2021-12-18 03:21:45','2021-12-18 03:22:13'),(3602,0,'vi','plugins/ecommerce/shipping','add_shipping_region','Thêm khu vực vận chuyển','2021-12-18 03:21:45','2021-12-18 03:22:13'),(3603,0,'vi','plugins/ecommerce/shipping','methods.default','Default','2021-12-18 03:21:45','2021-12-18 03:22:13'),(3604,0,'vi','plugins/ecommerce/shipping','statuses.not_approved','Not approved','2021-12-18 03:21:45','2021-12-18 03:22:13'),(3605,0,'vi','plugins/ecommerce/shipping','statuses.approved','Approved','2021-12-18 03:21:45','2021-12-18 03:22:13'),(3606,0,'vi','plugins/ecommerce/shipping','statuses.picking','Picking','2021-12-18 03:21:45','2021-12-18 03:22:13'),(3607,0,'vi','plugins/ecommerce/shipping','statuses.delay_picking','Delay picking','2021-12-18 03:21:45','2021-12-18 03:22:13'),(3608,0,'vi','plugins/ecommerce/shipping','statuses.picked','Picked','2021-12-18 03:21:45','2021-12-18 03:22:13'),(3609,0,'vi','plugins/ecommerce/shipping','statuses.not_picked','Not picked','2021-12-18 03:21:45','2021-12-18 03:22:13'),(3610,0,'vi','plugins/ecommerce/shipping','statuses.delivering','Delivering','2021-12-18 03:21:45','2021-12-18 03:22:13'),(3611,0,'vi','plugins/ecommerce/shipping','statuses.delivered','Delivered','2021-12-18 03:21:45','2021-12-18 03:22:13'),(3612,0,'vi','plugins/ecommerce/shipping','statuses.not_delivered','Not delivered','2021-12-18 03:21:45','2021-12-18 03:22:13'),(3613,0,'vi','plugins/ecommerce/shipping','statuses.audited','Audited','2021-12-18 03:21:45','2021-12-18 03:22:13'),(3614,0,'vi','plugins/ecommerce/shipping','statuses.canceled','Canceled','2021-12-18 03:21:45','2021-12-18 03:22:13'),(3615,0,'vi','plugins/ecommerce/shipping','cod_statuses.pending','Pending','2021-12-18 03:21:45','2021-12-18 03:22:13'),(3616,0,'vi','plugins/ecommerce/shipping','cod_statuses.completed','Completed','2021-12-18 03:21:45','2021-12-18 03:22:13'),(3617,0,'vi','plugins/ecommerce/store-locator','name','Địa chỉ cửa hàng','2021-12-18 03:21:45','2021-12-18 03:22:13'),(3618,0,'vi','plugins/ecommerce/store-locator','description','Địa chỉ này sẽ xuất hiện trên hoá đơn của bạn và sẽ được sử dụng để tính toán mức giá vận chuyển của bạn.','2021-12-18 03:21:45','2021-12-18 03:22:13'),(3619,0,'vi','plugins/ecommerce/store-locator','shop_name','Tên cửa hàng','2021-12-18 03:21:45','2021-12-18 03:22:13'),(3620,0,'vi','plugins/ecommerce/store-locator','phone','Điện thoại','2021-12-18 03:21:45','2021-12-18 03:22:13'),(3621,0,'vi','plugins/ecommerce/store-locator','address','Địa chỉ','2021-12-18 03:21:45','2021-12-18 03:22:13'),(3622,0,'vi','plugins/ecommerce/tax','name','Thuế','2021-12-18 03:21:45','2021-12-18 03:22:13'),(3623,0,'vi','plugins/ecommerce/tax','create','Tạo thuế','2021-12-18 03:21:45','2021-12-18 03:22:13'),(3624,0,'vi','plugins/ecommerce/tax','edit','Chỉnh sửa thuế :title','2021-12-18 03:21:45','2021-12-18 03:22:13'),(3625,0,'vi','plugins/ecommerce/tax','title','Tiêu đề','2021-12-18 03:21:45','2021-12-18 03:22:13'),(3626,0,'vi','plugins/ecommerce/tax','percentage','Tỉ lệ phần trăm %','2021-12-18 03:21:45','2021-12-18 03:22:13'),(3627,0,'vi','plugins/ecommerce/tax','priority','Thứ tự ưu tiên','2021-12-18 03:21:45','2021-12-18 03:22:13'),(3628,0,'vi','plugins/ecommerce/tax','select_tax','-- lựa chọn --','2021-12-18 03:21:45','2021-12-18 03:22:13'),(3629,0,'en','plugins/faq/faq-category','name','Categories','2021-12-18 03:21:45','2021-12-18 03:22:13'),(3630,0,'en','plugins/faq/faq-category','create','New category','2021-12-18 03:21:45','2021-12-18 03:22:13'),(3631,0,'en','plugins/faq/faq-category','edit','Edit category','2021-12-18 03:21:45','2021-12-18 03:22:13'),(3632,0,'en','plugins/faq/faq','name','FAQ','2021-12-18 03:21:45','2021-12-18 03:22:13'),(3633,0,'en','plugins/faq/faq','create','New faq','2021-12-18 03:21:45','2021-12-18 03:22:13'),(3634,0,'en','plugins/faq/faq','edit','Edit faq','2021-12-18 03:21:45','2021-12-18 03:22:13'),(3635,0,'en','plugins/faq/faq','question','Question','2021-12-18 03:21:45','2021-12-18 03:22:13'),(3636,0,'en','plugins/faq/faq','answer','Answer','2021-12-18 03:21:45','2021-12-18 03:22:13'),(3637,0,'en','plugins/faq/faq','category','Category','2021-12-18 03:21:45','2021-12-18 03:22:13'),(3638,0,'en','plugins/faq/faq','all','All','2021-12-18 03:21:45','2021-12-18 03:22:13'),(3639,0,'en','plugins/faq/faq','faq_schema_config','FAQ schema configuration (:link)','2021-12-18 03:21:45','2021-12-18 03:22:13'),(3640,0,'en','plugins/faq/faq','learn_more','Learn more','2021-12-18 03:21:45','2021-12-18 03:22:13'),(3641,0,'en','plugins/faq/faq','settings.title','FAQ','2021-12-18 03:21:45','2021-12-18 03:22:13'),(3642,0,'en','plugins/faq/faq','settings.description','Settings for FAQ','2021-12-18 03:21:45','2021-12-18 03:22:13'),(3643,0,'en','plugins/faq/faq','settings.enable_faq_schema','Enable FAQ Schema?','2021-12-18 03:21:45','2021-12-18 03:22:13'),(3644,0,'en','plugins/faq/faq','settings.enable_faq_schema_description','Learn more: https://developers.google.com/search/docs/data-types/faqpage','2021-12-18 03:21:45','2021-12-18 03:22:13'),(3645,0,'en','plugins/faq/faq','select_category','Select a category','2021-12-18 03:21:45','2021-12-18 03:22:13'),(3646,0,'en','plugins/faq/faq','add_item','Add item','2021-12-18 03:21:45','2021-12-18 03:22:13'),(3647,0,'vi','plugins/faq/faq','name','Câu hỏi thường gặp','2021-12-18 03:21:45','2021-12-18 03:22:13'),(3648,0,'vi','plugins/faq/faq','create','Thêm câu hỏi','2021-12-18 03:21:46','2021-12-18 03:22:13'),(3649,0,'vi','plugins/faq/faq','edit','Sửa câu hỏi','2021-12-18 03:21:46','2021-12-18 03:22:13'),(3650,0,'vi','plugins/faq/faq','question','Câu hỏi','2021-12-18 03:21:46','2021-12-18 03:22:13'),(3651,0,'vi','plugins/faq/faq','answer','Trả lời','2021-12-18 03:21:46','2021-12-18 03:22:13'),(3652,0,'en','plugins/language/language','name','Languages','2021-12-18 03:21:46','2021-12-18 03:22:13'),(3653,0,'en','plugins/language/language','choose_language','Choose a language','2021-12-18 03:21:46','2021-12-18 03:22:13'),(3654,0,'en','plugins/language/language','select_language','Select language','2021-12-18 03:21:46','2021-12-18 03:22:13'),(3655,0,'en','plugins/language/language','choose_language_helper','You can choose a language in the list or directly edit it below.','2021-12-18 03:21:46','2021-12-18 03:22:13'),(3656,0,'en','plugins/language/language','language_name','Language name','2021-12-18 03:21:46','2021-12-18 03:22:13'),(3657,0,'en','plugins/language/language','language_name_helper','The name is how it is displayed on your site (for example: English).','2021-12-18 03:21:46','2021-12-18 03:22:13'),(3658,0,'en','plugins/language/language','locale','Locale','2021-12-18 03:21:46','2021-12-18 03:22:13'),(3659,0,'en','plugins/language/language','locale_helper','Laravel Locale for the language (for example: <code>en</code>).','2021-12-18 03:21:46','2021-12-18 03:22:13'),(3660,0,'en','plugins/language/language','language_code','Language code','2021-12-18 03:21:46','2021-12-18 03:22:13'),(3661,0,'en','plugins/language/language','language_code_helper','Language code - preferably 2-letters ISO 639-1 (for example: en)','2021-12-18 03:21:46','2021-12-18 03:22:13'),(3662,0,'en','plugins/language/language','text_direction','Text direction','2021-12-18 03:21:46','2021-12-18 03:22:13'),(3663,0,'en','plugins/language/language','text_direction_helper','Choose the text direction for the language','2021-12-18 03:21:46','2021-12-18 03:22:13'),(3664,0,'en','plugins/language/language','left_to_right','Left to right','2021-12-18 03:21:46','2021-12-18 03:22:13'),(3665,0,'en','plugins/language/language','right_to_left','Right to left','2021-12-18 03:21:46','2021-12-18 03:22:13'),(3666,0,'en','plugins/language/language','flag','Flag','2021-12-18 03:21:46','2021-12-18 03:22:13'),(3667,0,'en','plugins/language/language','flag_helper','Choose a flag for the language.','2021-12-18 03:21:46','2021-12-18 03:22:13'),(3668,0,'en','plugins/language/language','order','Order','2021-12-18 03:21:46','2021-12-18 03:22:13'),(3669,0,'en','plugins/language/language','order_helper','Position of the language in the language switcher','2021-12-18 03:21:46','2021-12-18 03:22:13'),(3670,0,'en','plugins/language/language','add_new_language','Add new language','2021-12-18 03:21:46','2021-12-18 03:22:13'),(3671,0,'en','plugins/language/language','code','Code','2021-12-18 03:21:46','2021-12-18 03:22:13'),(3672,0,'en','plugins/language/language','default_language','Is default?','2021-12-18 03:21:46','2021-12-18 03:22:13'),(3673,0,'en','plugins/language/language','actions','Actions','2021-12-18 03:21:46','2021-12-18 03:22:13'),(3674,0,'en','plugins/language/language','translations','Translations','2021-12-18 03:21:46','2021-12-18 03:22:13'),(3675,0,'en','plugins/language/language','edit','Edit','2021-12-18 03:21:46','2021-12-18 03:22:13'),(3676,0,'en','plugins/language/language','edit_tooltip','Edit this language','2021-12-18 03:21:46','2021-12-18 03:22:13'),(3677,0,'en','plugins/language/language','delete','Delete','2021-12-18 03:21:46','2021-12-18 03:22:13'),(3678,0,'en','plugins/language/language','delete_tooltip','Delete this language and all its associated data','2021-12-18 03:21:46','2021-12-18 03:22:13'),(3679,0,'en','plugins/language/language','choose_default_language','Choose :language as default language','2021-12-18 03:21:46','2021-12-18 03:22:13'),(3680,0,'en','plugins/language/language','current_language','Current record\'s language','2021-12-18 03:21:46','2021-12-18 03:22:13'),(3681,0,'en','plugins/language/language','edit_related','Edit related language for this record','2021-12-18 03:21:46','2021-12-18 03:22:13'),(3682,0,'en','plugins/language/language','add_language_for_item','Add other language version for this record','2021-12-18 03:21:46','2021-12-18 03:22:13'),(3683,0,'en','plugins/language/language','settings','Settings','2021-12-18 03:21:46','2021-12-18 03:22:13'),(3684,0,'en','plugins/language/language','language_hide_default','Hide default language from URL?','2021-12-18 03:21:46','2021-12-18 03:22:13'),(3685,0,'en','plugins/language/language','language_display_flag_only','Flag only','2021-12-18 03:21:46','2021-12-18 03:22:13'),(3686,0,'en','plugins/language/language','language_display_name_only','Name only','2021-12-18 03:21:46','2021-12-18 03:22:13'),(3687,0,'en','plugins/language/language','language_display_all','Display all flag and name','2021-12-18 03:21:46','2021-12-18 03:22:13'),(3688,0,'en','plugins/language/language','language_display','Language display','2021-12-18 03:21:46','2021-12-18 03:22:13'),(3689,0,'en','plugins/language/language','switcher_display','Switcher language display','2021-12-18 03:21:46','2021-12-18 03:22:13'),(3690,0,'en','plugins/language/language','language_switcher_display_dropdown','Dropdown','2021-12-18 03:21:46','2021-12-18 03:22:13'),(3691,0,'en','plugins/language/language','language_switcher_display_list','List','2021-12-18 03:21:46','2021-12-18 03:22:13'),(3692,0,'en','plugins/language/language','current_language_edit_notification','You are editing \"<strong class=\"current_language_text\">:language</strong>\" version','2021-12-18 03:21:46','2021-12-18 03:22:13'),(3693,0,'en','plugins/language/language','confirm-change-language','Confirm change language','2021-12-18 03:21:46','2021-12-18 03:22:13'),(3694,0,'en','plugins/language/language','confirm-change-language-message','Do you really want to change language to \"<strong class=\"change_to_language_text\"></strong>\" ? This action will be override \"<strong class=\"change_to_language_text\"></strong>\" version if it\'s existed!','2021-12-18 03:21:46','2021-12-18 03:22:13'),(3695,0,'en','plugins/language/language','confirm-change-language-btn','Confirm change','2021-12-18 03:21:46','2021-12-18 03:22:13'),(3696,0,'en','plugins/language/language','hide_languages','Hide languages','2021-12-18 03:21:46','2021-12-18 03:22:13'),(3697,0,'en','plugins/language/language','hide_languages_description','You can completely hide content in specific languages from visitors and search engines, but still view it yourself. This allows reviewing translations that are in progress.','2021-12-18 03:21:46','2021-12-18 03:22:13'),(3698,0,'en','plugins/language/language','hide_languages_helper_display_hidden','{0} All languages are currently displayed.|{1} :language is currently hidden to visitors.|[2, Inf] :language are currently hidden to visitors.','2021-12-18 03:21:46','2021-12-18 03:22:13'),(3699,0,'en','plugins/language/language','show_all','Show all','2021-12-18 03:21:46','2021-12-18 03:22:13'),(3700,0,'en','plugins/language/language','change_language','Language','2021-12-18 03:21:46','2021-12-18 03:22:13'),(3701,0,'en','plugins/language/language','language_show_default_item_if_current_version_not_existed','Show item in default language if it is not existed in current language','2021-12-18 03:21:46','2021-12-18 03:22:13'),(3702,0,'en','plugins/language/language','select_flag','Select a flag...','2021-12-18 03:21:46','2021-12-18 03:22:13'),(3703,0,'en','plugins/language/language','delete_confirmation_message','Do you really want to delete this language? It also deletes all items in this language and cannot rollback!','2021-12-18 03:21:46','2021-12-18 03:22:13'),(3704,0,'en','plugins/language/language','added_already','This language was added already!','2021-12-18 03:21:46','2021-12-18 03:22:13'),(3705,0,'en','plugins/language/language','language_auto_detect_user_language','Auto detect user language?','2021-12-18 03:21:46','2021-12-18 03:22:13'),(3706,0,'en','plugins/marketplace/marketplace','name','Marketplace','2021-12-18 03:21:46','2021-12-18 03:22:13'),(3707,0,'en','plugins/marketplace/marketplace','email.store_new_order_title','Send order to store','2021-12-18 03:21:46','2021-12-18 03:22:13'),(3708,0,'en','plugins/marketplace/marketplace','email.store_new_order_description','Send email to store when a customer an order placed','2021-12-18 03:21:46','2021-12-18 03:22:13'),(3709,0,'en','plugins/marketplace/marketplace','email.verify_vendor_title','Verify vendor','2021-12-18 03:21:46','2021-12-18 03:22:13'),(3710,0,'en','plugins/marketplace/marketplace','email.verify_vendor_description','Send email to the admin when a vendor registers','2021-12-18 03:21:46','2021-12-18 03:22:13'),(3711,0,'en','plugins/marketplace/marketplace','email.pending_product_approval_title','Pending product approval','2021-12-18 03:21:46','2021-12-18 03:22:13'),(3712,0,'en','plugins/marketplace/marketplace','email.pending_product_approval_description','Send email to the admin when a vendor post their products','2021-12-18 03:21:46','2021-12-18 03:22:13'),(3713,0,'en','plugins/marketplace/marketplace','email.vendor_account_approved_title','Vendor account approved','2021-12-18 03:21:46','2021-12-18 03:22:13'),(3714,0,'en','plugins/marketplace/marketplace','email.vendor_account_approved_description','Send email to vendor when their account approved','2021-12-18 03:21:46','2021-12-18 03:22:13'),(3715,0,'en','plugins/marketplace/marketplace','email.product_approved_title','Product approved','2021-12-18 03:21:46','2021-12-18 03:22:13'),(3716,0,'en','plugins/marketplace/marketplace','email.product_approved_description','Send email to vendor when their product approved','2021-12-18 03:21:46','2021-12-18 03:22:13'),(3717,0,'en','plugins/marketplace/marketplace','email.withdrawal_approved_title','Withdrawal approved','2021-12-18 03:21:46','2021-12-18 03:22:13'),(3718,0,'en','plugins/marketplace/marketplace','email.withdrawal_approved_description','Send email to vendor when their withdrawal request approved','2021-12-18 03:21:46','2021-12-18 03:22:13'),(3719,0,'en','plugins/marketplace/marketplace','current_balance','Current balance','2021-12-18 03:21:46','2021-12-18 03:22:13'),(3720,0,'en','plugins/marketplace/marketplace','settings.name','Settings','2021-12-18 03:21:46','2021-12-18 03:22:13'),(3721,0,'en','plugins/marketplace/marketplace','settings.title','Settings for marketplace','2021-12-18 03:21:46','2021-12-18 03:22:13'),(3722,0,'en','plugins/marketplace/marketplace','settings.description','','2021-12-18 03:21:46','2021-12-18 03:22:13'),(3723,0,'en','plugins/marketplace/marketplace','settings.fee_per_order','Fee per order (%), suggest: 2 or 3','2021-12-18 03:21:46','2021-12-18 03:22:13'),(3724,0,'en','plugins/marketplace/marketplace','settings.fee_withdrawal','Fee withdrawal (Fixed amount)','2021-12-18 03:21:46','2021-12-18 03:22:13'),(3725,0,'en','plugins/marketplace/marketplace','settings.check_valid_signature','Check valid signature in vendor\'s earnings','2021-12-18 03:21:46','2021-12-18 03:22:13'),(3726,0,'en','plugins/marketplace/marketplace','settings.verify_vendor','Vendor verification (Vendor just can post their product listing after getting verified)','2021-12-18 03:21:46','2021-12-18 03:22:13'),(3727,0,'en','plugins/marketplace/marketplace','settings.enable_product_approval','Enable product approval','2021-12-18 03:21:46','2021-12-18 03:22:13'),(3728,0,'en','plugins/marketplace/marketplace','theme_options.name','Marketplace','2021-12-18 03:21:46','2021-12-18 03:22:13'),(3729,0,'en','plugins/marketplace/marketplace','theme_options.description','Theme options for Marketplace','2021-12-18 03:21:46','2021-12-18 03:22:13'),(3730,0,'en','plugins/marketplace/marketplace','theme_options.logo_vendor_dashboard','Logo in the vendor dashboard (Default is the main logo)','2021-12-18 03:21:46','2021-12-18 03:22:13'),(3731,0,'en','plugins/marketplace/marketplace','store_name','Store name','2021-12-18 03:21:46','2021-12-18 03:22:13'),(3732,0,'en','plugins/marketplace/marketplace','store_email','Store email','2021-12-18 03:21:46','2021-12-18 03:22:13'),(3733,0,'en','plugins/marketplace/marketplace','store_phone','Store phone','2021-12-18 03:21:46','2021-12-18 03:22:13'),(3734,0,'en','plugins/marketplace/marketplace','product_name','Product name','2021-12-18 03:21:46','2021-12-18 03:22:13'),(3735,0,'en','plugins/marketplace/marketplace','product_url','Product URL','2021-12-18 03:21:46','2021-12-18 03:22:13'),(3736,0,'en','plugins/marketplace/marketplace','withdrawal_amount','Withdrawal amount','2021-12-18 03:21:47','2021-12-18 03:22:13'),(3737,0,'en','plugins/marketplace/marketplace','helpers.customer_status','If you change the status other than \":status\" this vendor\'s store will also change to \":store\"','2021-12-18 03:21:47','2021-12-18 03:22:13'),(3738,0,'en','plugins/marketplace/marketplace','helpers.store_status','If you change the status other than \":status\" this store\'s account will also change to \":customer\"','2021-12-18 03:21:47','2021-12-18 03:22:13'),(3739,0,'en','plugins/marketplace/marketplace','tables.earnings','Earnings','2021-12-18 03:21:47','2021-12-18 03:22:13'),(3740,0,'en','plugins/marketplace/marketplace','tables.products_count','Products Count','2021-12-18 03:21:47','2021-12-18 03:22:13'),(3741,0,'en','plugins/marketplace/order','shipping_method_required','Shipping method for \":name\" store order is required.','2021-12-18 03:21:47','2021-12-18 03:22:13'),(3742,0,'en','plugins/marketplace/order','shipping_method_in','Shipping method for \":name\" store order is invalid.','2021-12-18 03:21:47','2021-12-18 03:22:13'),(3743,0,'en','plugins/marketplace/order','shipping_option_required','Shipping option for \":name\" store order is required.','2021-12-18 03:21:47','2021-12-18 03:22:13'),(3744,0,'en','plugins/marketplace/order','refund.insufficient_balance','Balance of vendor is not enough to refund order, balance: :balance','2021-12-18 03:21:47','2021-12-18 03:22:13'),(3745,0,'en','plugins/marketplace/order','refund.description','Refunded from the order #:order','2021-12-18 03:21:47','2021-12-18 03:22:13'),(3746,0,'en','plugins/marketplace/revenue','edit','Update wallet balance','2021-12-18 03:21:47','2021-12-18 03:22:13'),(3747,0,'en','plugins/marketplace/revenue','view_store','View store \":store\"','2021-12-18 03:21:47','2021-12-18 03:22:13'),(3748,0,'en','plugins/marketplace/revenue','forms.description_placeholder','Update the exact amount with order #__ORDER_ID__ with reason: __REASON__','2021-12-18 03:21:47','2021-12-18 03:22:13'),(3749,0,'en','plugins/marketplace/revenue','forms.amount','Amount','2021-12-18 03:21:47','2021-12-18 03:22:13'),(3750,0,'en','plugins/marketplace/revenue','forms.amount_placeholder','Enter Amount','2021-12-18 03:21:47','2021-12-18 03:22:13'),(3751,0,'en','plugins/marketplace/revenue','forms.type','Type','2021-12-18 03:21:47','2021-12-18 03:22:13'),(3752,0,'en','plugins/marketplace/revenue','forms.created_by','Created By','2021-12-18 03:21:47','2021-12-18 03:22:13'),(3753,0,'en','plugins/marketplace/revenue','types.add-amount','Add Amount','2021-12-18 03:21:47','2021-12-18 03:22:13'),(3754,0,'en','plugins/marketplace/revenue','types.subtract-amount','Subtract Amount','2021-12-18 03:21:47','2021-12-18 03:22:13'),(3755,0,'en','plugins/marketplace/revenue','store_name','Store Name','2021-12-18 03:21:47','2021-12-18 03:22:13'),(3756,0,'en','plugins/marketplace/revenue','vendor_name','Vendor Name','2021-12-18 03:21:47','2021-12-18 03:22:13'),(3757,0,'en','plugins/marketplace/revenue','balance','Balance','2021-12-18 03:21:47','2021-12-18 03:22:13'),(3758,0,'en','plugins/marketplace/revenue','store_information','Store information','2021-12-18 03:21:47','2021-12-18 03:22:13'),(3759,0,'en','plugins/marketplace/revenue','update_balance','Adjust Balance','2021-12-18 03:21:47','2021-12-18 03:22:13'),(3760,0,'en','plugins/marketplace/revenue','update_balance_title','Add/Subtract amount of vendor','2021-12-18 03:21:47','2021-12-18 03:22:13'),(3761,0,'en','plugins/marketplace/revenue','statements','Statements','2021-12-18 03:21:47','2021-12-18 03:22:13'),(3762,0,'en','plugins/marketplace/revenue','products','Products','2021-12-18 03:21:47','2021-12-18 03:22:13'),(3763,0,'en','plugins/marketplace/store','name','Stores','2021-12-18 03:21:47','2021-12-18 03:22:13'),(3764,0,'en','plugins/marketplace/store','create','New store','2021-12-18 03:21:47','2021-12-18 03:22:13'),(3765,0,'en','plugins/marketplace/store','edit','Edit store','2021-12-18 03:21:47','2021-12-18 03:22:13'),(3766,0,'en','plugins/marketplace/store','view','View','2021-12-18 03:21:47','2021-12-18 03:22:13'),(3767,0,'en','plugins/marketplace/store','forms.logo','Logo','2021-12-18 03:21:47','2021-12-18 03:22:13'),(3768,0,'en','plugins/marketplace/store','forms.email','Email','2021-12-18 03:21:47','2021-12-18 03:22:13'),(3769,0,'en','plugins/marketplace/store','forms.email_placeholder','Ex: name@store.com','2021-12-18 03:21:47','2021-12-18 03:22:13'),(3770,0,'en','plugins/marketplace/store','forms.phone','Phone','2021-12-18 03:21:47','2021-12-18 03:22:13'),(3771,0,'en','plugins/marketplace/store','forms.phone_placeholder','Phone','2021-12-18 03:21:47','2021-12-18 03:22:13'),(3772,0,'en','plugins/marketplace/store','forms.address','Address','2021-12-18 03:21:47','2021-12-18 03:22:13'),(3773,0,'en','plugins/marketplace/store','forms.address_placeholder','Address','2021-12-18 03:21:47','2021-12-18 03:22:13'),(3774,0,'en','plugins/marketplace/store','forms.city','City','2021-12-18 03:21:47','2021-12-18 03:22:13'),(3775,0,'en','plugins/marketplace/store','forms.city_placeholder','City','2021-12-18 03:21:47','2021-12-18 03:22:13'),(3776,0,'en','plugins/marketplace/store','forms.state','State','2021-12-18 03:21:47','2021-12-18 03:22:13'),(3777,0,'en','plugins/marketplace/store','forms.state_placeholder','State','2021-12-18 03:21:47','2021-12-18 03:22:13'),(3778,0,'en','plugins/marketplace/store','forms.country','Country','2021-12-18 03:21:47','2021-12-18 03:22:13'),(3779,0,'en','plugins/marketplace/store','forms.country_placeholder','Country','2021-12-18 03:21:47','2021-12-18 03:22:13'),(3780,0,'en','plugins/marketplace/store','forms.store_owner','Store owner','2021-12-18 03:21:47','2021-12-18 03:22:13'),(3781,0,'en','plugins/marketplace/store','forms.select_store_owner','Select a store owner...','2021-12-18 03:21:47','2021-12-18 03:22:13'),(3782,0,'en','plugins/marketplace/store','forms.store','Store','2021-12-18 03:21:47','2021-12-18 03:22:13'),(3783,0,'en','plugins/marketplace/store','forms.select_store','Select a store...','2021-12-18 03:21:47','2021-12-18 03:22:13'),(3784,0,'en','plugins/marketplace/store','forms.is_vendor','Is vendor?','2021-12-18 03:21:47','2021-12-18 03:22:13'),(3785,0,'en','plugins/marketplace/store','store','Store','2021-12-18 03:21:48','2021-12-18 03:22:13'),(3786,0,'en','plugins/marketplace/store','store_name','Store name','2021-12-18 03:21:48','2021-12-18 03:22:13'),(3787,0,'en','plugins/marketplace/store','store_phone','Store phone','2021-12-18 03:21:48','2021-12-18 03:22:13'),(3788,0,'en','plugins/marketplace/store','store_link','Store link','2021-12-18 03:21:48','2021-12-18 03:22:13'),(3789,0,'en','plugins/marketplace/store','product_approval_notification','This product was created by :vendor. It needs to be approved to be shown on your website. :approve_link','2021-12-18 03:21:48','2021-12-18 03:22:13'),(3790,0,'en','plugins/marketplace/store','approve_here','Approve it here.','2021-12-18 03:21:48','2021-12-18 03:22:13'),(3791,0,'en','plugins/marketplace/store','approve_product_confirmation','Approve product confirmation','2021-12-18 03:21:48','2021-12-18 03:22:13'),(3792,0,'en','plugins/marketplace/store','approve_product_confirmation_description','Are you sure you really want to approve this product from :vendor?','2021-12-18 03:21:48','2021-12-18 03:22:13'),(3793,0,'en','plugins/marketplace/store','approve','Approve','2021-12-18 03:21:48','2021-12-18 03:22:13'),(3794,0,'en','plugins/marketplace/store','approve_product_success','Approved product successfully','2021-12-18 03:21:48','2021-12-18 03:22:13'),(3795,0,'en','plugins/marketplace/store','product_approved_notification','This product was created by :vendor. Approved by :user.','2021-12-18 03:21:48','2021-12-18 03:22:13'),(3796,0,'en','plugins/marketplace/store','information','Store information','2021-12-18 03:21:48','2021-12-18 03:22:13'),(3797,0,'en','plugins/marketplace/store','vendor_information','Vendor information','2021-12-18 03:21:48','2021-12-18 03:22:13'),(3798,0,'en','plugins/marketplace/store','vendor_name','Name','2021-12-18 03:21:48','2021-12-18 03:22:13'),(3799,0,'en','plugins/marketplace/store','withdrawal_approval_notification','This withdrawal request has been created by :vendor. Their current balance is :balance.','2021-12-18 03:21:48','2021-12-18 03:22:13'),(3800,0,'en','plugins/marketplace/unverified-vendor','name','Unverified vendors','2021-12-18 03:21:48','2021-12-18 03:22:14'),(3801,0,'en','plugins/marketplace/unverified-vendor','verify','Verify vendor \":name\"','2021-12-18 03:21:48','2021-12-18 03:22:14'),(3802,0,'en','plugins/marketplace/unverified-vendor','forms.email','Email','2021-12-18 03:21:48','2021-12-18 03:22:14'),(3803,0,'en','plugins/marketplace/unverified-vendor','forms.store_name','Store name','2021-12-18 03:21:48','2021-12-18 03:22:14'),(3804,0,'en','plugins/marketplace/unverified-vendor','forms.store_phone','Store phone','2021-12-18 03:21:48','2021-12-18 03:22:14'),(3805,0,'en','plugins/marketplace/unverified-vendor','forms.vendor_phone','Phone','2021-12-18 03:21:48','2021-12-18 03:22:14'),(3806,0,'en','plugins/marketplace/unverified-vendor','forms.verify_vendor','Verify vendor','2021-12-18 03:21:48','2021-12-18 03:22:14'),(3807,0,'en','plugins/marketplace/unverified-vendor','forms.registered_at','Registered At','2021-12-18 03:21:48','2021-12-18 03:22:14'),(3808,0,'en','plugins/marketplace/unverified-vendor','approve','Approve','2021-12-18 03:21:48','2021-12-18 03:22:14'),(3809,0,'en','plugins/marketplace/unverified-vendor','approve_vendor_confirmation','Approve vendor confirmation','2021-12-18 03:21:48','2021-12-18 03:22:14'),(3810,0,'en','plugins/marketplace/unverified-vendor','approve_vendor_confirmation_description','Are you sure you really want to approve :vendor for selling on this site?','2021-12-18 03:21:48','2021-12-18 03:22:14'),(3811,0,'en','plugins/marketplace/unverified-vendor','vendor_approval_notification','Do you want to approve this vendor for selling on this site? Approve here :approve_link','2021-12-18 03:21:48','2021-12-18 03:22:14'),(3812,0,'en','plugins/marketplace/withdrawal','name','Withdrawals','2021-12-18 03:21:48','2021-12-18 03:22:14'),(3813,0,'en','plugins/marketplace/withdrawal','edit','Edit withdrawal','2021-12-18 03:21:48','2021-12-18 03:22:14'),(3814,0,'en','plugins/marketplace/withdrawal','statuses.pending','Pending','2021-12-18 03:21:48','2021-12-18 03:22:14'),(3815,0,'en','plugins/marketplace/withdrawal','statuses.processing','Processing','2021-12-18 03:21:48','2021-12-18 03:22:14'),(3816,0,'en','plugins/marketplace/withdrawal','statuses.completed','Completed','2021-12-18 03:21:48','2021-12-18 03:22:14'),(3817,0,'en','plugins/marketplace/withdrawal','statuses.canceled','Canceled','2021-12-18 03:21:48','2021-12-18 03:22:14'),(3818,0,'en','plugins/marketplace/withdrawal','statuses.refused','Refused','2021-12-18 03:21:48','2021-12-18 03:22:14'),(3819,0,'en','plugins/marketplace/withdrawal','amount','Amount','2021-12-18 03:21:48','2021-12-18 03:22:14'),(3820,0,'en','plugins/marketplace/withdrawal','customer','Customer','2021-12-18 03:21:48','2021-12-18 03:22:14'),(3821,0,'en','plugins/marketplace/withdrawal','vendor','Vendor','2021-12-18 03:21:48','2021-12-18 03:22:14'),(3822,0,'en','plugins/marketplace/withdrawal','currency','Currency','2021-12-18 03:21:48','2021-12-18 03:22:14'),(3823,0,'en','plugins/marketplace/withdrawal','forms.amount','Amount','2021-12-18 03:21:48','2021-12-18 03:22:14'),(3824,0,'en','plugins/marketplace/withdrawal','forms.amount_placeholder','Amount you want to withdrawal','2021-12-18 03:21:48','2021-12-18 03:22:14'),(3825,0,'en','plugins/marketplace/withdrawal','forms.fee','Fee','2021-12-18 03:21:48','2021-12-18 03:22:14'),(3826,0,'en','plugins/marketplace/withdrawal','forms.fee_helper','You have to pay a fee when withdrawing: :fee','2021-12-18 03:21:48','2021-12-18 03:22:14'),(3827,0,'en','plugins/marketplace/withdrawal','forms.pending_status_helper','To complete withdrawal, please update status as processing then completed','2021-12-18 03:21:48','2021-12-18 03:22:14'),(3828,0,'en','plugins/marketplace/withdrawal','forms.payment_channel','Payment Channel','2021-12-18 03:21:48','2021-12-18 03:22:14'),(3829,0,'en','plugins/marketplace/withdrawal','forms.payment_channel_placeholder','Payment Channel','2021-12-18 03:21:48','2021-12-18 03:22:14'),(3830,0,'en','plugins/marketplace/withdrawal','forms.transaction_id','Transaction ID','2021-12-18 03:21:48','2021-12-18 03:22:14'),(3831,0,'en','plugins/marketplace/withdrawal','forms.transaction_id_placeholder','Transaction ID','2021-12-18 03:21:48','2021-12-18 03:22:14'),(3832,0,'en','plugins/newsletter/newsletter','name','Newsletters','2021-12-18 03:21:48','2021-12-18 03:22:14'),(3833,0,'en','plugins/newsletter/newsletter','settings.email.templates.title','Newsletter','2021-12-18 03:21:48','2021-12-18 03:22:14'),(3834,0,'en','plugins/newsletter/newsletter','settings.email.templates.description','Config newsletter email templates','2021-12-18 03:21:48','2021-12-18 03:22:14'),(3835,0,'en','plugins/newsletter/newsletter','settings.email.templates.to_admin.title','Email send to admin','2021-12-18 03:21:48','2021-12-18 03:22:14'),(3836,0,'en','plugins/newsletter/newsletter','settings.email.templates.to_admin.description','Template for sending email to admin','2021-12-18 03:21:48','2021-12-18 03:22:14'),(3837,0,'en','plugins/newsletter/newsletter','settings.email.templates.to_user.title','Email send to user','2021-12-18 03:21:48','2021-12-18 03:22:14'),(3838,0,'en','plugins/newsletter/newsletter','settings.email.templates.to_user.description','Template for sending email to subscriber','2021-12-18 03:21:48','2021-12-18 03:22:14'),(3839,0,'en','plugins/newsletter/newsletter','settings.title','Newsletter','2021-12-18 03:21:48','2021-12-18 03:22:14'),(3840,0,'en','plugins/newsletter/newsletter','settings.description','Settings for newsletter','2021-12-18 03:21:48','2021-12-18 03:22:14'),(3841,0,'en','plugins/newsletter/newsletter','settings.mailchimp_api_key','Mailchimp API Key','2021-12-18 03:21:48','2021-12-18 03:22:14'),(3842,0,'en','plugins/newsletter/newsletter','settings.mailchimp_list_id','Mailchimp List ID','2021-12-18 03:21:48','2021-12-18 03:22:14'),(3843,0,'en','plugins/newsletter/newsletter','settings.mailchimp_list','Mailchimp List','2021-12-18 03:21:48','2021-12-18 03:22:14'),(3844,0,'en','plugins/newsletter/newsletter','settings.sendgrid_api_key','Sendgrid API Key','2021-12-18 03:21:48','2021-12-18 03:22:14'),(3845,0,'en','plugins/newsletter/newsletter','settings.sendgrid_list_id','Sendgrid List ID','2021-12-18 03:21:48','2021-12-18 03:22:14'),(3846,0,'en','plugins/newsletter/newsletter','settings.sendgrid_list','Sendgrid List','2021-12-18 03:21:48','2021-12-18 03:22:14'),(3847,0,'en','plugins/newsletter/newsletter','statuses.subscribed','Subscribed','2021-12-18 03:21:48','2021-12-18 03:22:14'),(3848,0,'en','plugins/newsletter/newsletter','statuses.unsubscribed','Unsubscribed','2021-12-18 03:21:48','2021-12-18 03:22:14'),(3849,0,'en','plugins/payment/payment','payments','Payments','2021-12-18 03:21:48','2021-12-18 03:22:14'),(3850,0,'en','plugins/payment/payment','checkout_success','Checkout successfully!','2021-12-18 03:21:48','2021-12-18 03:22:14'),(3851,0,'en','plugins/payment/payment','view_payment','View payment #','2021-12-18 03:21:48','2021-12-18 03:22:14'),(3852,0,'en','plugins/payment/payment','charge_id','Charge ID','2021-12-18 03:21:48','2021-12-18 03:22:14'),(3853,0,'en','plugins/payment/payment','amount','Amount','2021-12-18 03:21:48','2021-12-18 03:22:14'),(3854,0,'en','plugins/payment/payment','currency','Currency','2021-12-18 03:21:48','2021-12-18 03:22:14'),(3855,0,'en','plugins/payment/payment','user','User','2021-12-18 03:21:48','2021-12-18 03:22:14'),(3856,0,'en','plugins/payment/payment','stripe','Stripe','2021-12-18 03:21:48','2021-12-18 03:22:14'),(3857,0,'en','plugins/payment/payment','paypal','PayPal','2021-12-18 03:21:48','2021-12-18 03:22:14'),(3858,0,'en','plugins/payment/payment','action','Action','2021-12-18 03:21:48','2021-12-18 03:22:14'),(3859,0,'en','plugins/payment/payment','payment_via_card','Payment via card','2021-12-18 03:21:48','2021-12-18 03:22:14'),(3860,0,'en','plugins/payment/payment','card_number','Card number','2021-12-18 03:21:48','2021-12-18 03:22:14'),(3861,0,'en','plugins/payment/payment','full_name','Full name','2021-12-18 03:21:48','2021-12-18 03:22:14'),(3862,0,'en','plugins/payment/payment','payment_via_paypal','Fast and safe online payment via PayPal.','2021-12-18 03:21:48','2021-12-18 03:22:14'),(3863,0,'en','plugins/payment/payment','mm_yy','MM/YY','2021-12-18 03:21:48','2021-12-18 03:22:14'),(3864,0,'en','plugins/payment/payment','cvc','CVC','2021-12-18 03:21:48','2021-12-18 03:22:14'),(3865,0,'en','plugins/payment/payment','details','Details','2021-12-18 03:21:48','2021-12-18 03:22:14'),(3866,0,'en','plugins/payment/payment','payer_name','Payer Name','2021-12-18 03:21:48','2021-12-18 03:22:14'),(3867,0,'en','plugins/payment/payment','email','Email','2021-12-18 03:21:48','2021-12-18 03:22:14'),(3868,0,'en','plugins/payment/payment','phone','Phone','2021-12-18 03:21:48','2021-12-18 03:22:14'),(3869,0,'en','plugins/payment/payment','country','Country','2021-12-18 03:21:48','2021-12-18 03:22:14'),(3870,0,'en','plugins/payment/payment','shipping_address','Shipping Address','2021-12-18 03:21:48','2021-12-18 03:22:14'),(3871,0,'en','plugins/payment/payment','payment_details','Payment Details','2021-12-18 03:21:48','2021-12-18 03:22:14'),(3872,0,'en','plugins/payment/payment','card','Card','2021-12-18 03:21:48','2021-12-18 03:22:14'),(3873,0,'en','plugins/payment/payment','address','Address','2021-12-18 03:21:48','2021-12-18 03:22:14'),(3874,0,'en','plugins/payment/payment','could_not_get_stripe_token','Could not get Stripe token to make a charge.','2021-12-18 03:21:48','2021-12-18 03:22:14'),(3875,0,'en','plugins/payment/payment','payment_id','Payment ID','2021-12-18 03:21:48','2021-12-18 03:22:14'),(3876,0,'en','plugins/payment/payment','payment_methods','Payment methods','2021-12-18 03:21:48','2021-12-18 03:22:14'),(3877,0,'en','plugins/payment/payment','transactions','Transactions','2021-12-18 03:21:48','2021-12-18 03:22:14'),(3878,0,'en','plugins/payment/payment','payment_methods_description','Setup payment methods for website','2021-12-18 03:21:48','2021-12-18 03:22:14'),(3879,0,'en','plugins/payment/payment','paypal_description','Customer can buy product and pay directly via PayPal','2021-12-18 03:21:48','2021-12-18 03:22:14'),(3880,0,'en','plugins/payment/payment','use','Use','2021-12-18 03:21:49','2021-12-18 03:22:14'),(3881,0,'en','plugins/payment/payment','stripe_description','Customer can buy product and pay directly using Visa, Credit card via Stripe','2021-12-18 03:21:49','2021-12-18 03:22:14'),(3882,0,'en','plugins/payment/payment','edit','Edit','2021-12-18 03:21:49','2021-12-18 03:22:14'),(3883,0,'en','plugins/payment/payment','settings','Settings','2021-12-18 03:21:49','2021-12-18 03:22:14'),(3884,0,'en','plugins/payment/payment','activate','Activate','2021-12-18 03:21:49','2021-12-18 03:22:14'),(3885,0,'en','plugins/payment/payment','deactivate','Deactivate','2021-12-18 03:21:49','2021-12-18 03:22:14'),(3886,0,'en','plugins/payment/payment','update','Update','2021-12-18 03:21:49','2021-12-18 03:22:14'),(3887,0,'en','plugins/payment/payment','configuration_instruction','Configuration instruction for :name','2021-12-18 03:21:49','2021-12-18 03:22:14'),(3888,0,'en','plugins/payment/payment','configuration_requirement','To use :name, you need','2021-12-18 03:21:49','2021-12-18 03:22:14'),(3889,0,'en','plugins/payment/payment','service_registration','Register with :name','2021-12-18 03:21:49','2021-12-18 03:22:14'),(3890,0,'en','plugins/payment/payment','after_service_registration_msg','After registration at :name, you will have Client ID, Client Secret','2021-12-18 03:21:49','2021-12-18 03:22:14'),(3891,0,'en','plugins/payment/payment','enter_client_id_and_secret','Enter Client ID, Secret into the box in right hand','2021-12-18 03:21:49','2021-12-18 03:22:14'),(3892,0,'en','plugins/payment/payment','method_name','Method name','2021-12-18 03:21:49','2021-12-18 03:22:14'),(3893,0,'en','plugins/payment/payment','please_provide_information','Please provide information','2021-12-18 03:21:49','2021-12-18 03:22:14'),(3894,0,'en','plugins/payment/payment','client_id','Client ID','2021-12-18 03:21:49','2021-12-18 03:22:14'),(3895,0,'en','plugins/payment/payment','client_secret','Client Secret','2021-12-18 03:21:49','2021-12-18 03:22:14'),(3896,0,'en','plugins/payment/payment','secret','Secret','2021-12-18 03:21:49','2021-12-18 03:22:14'),(3897,0,'en','plugins/payment/payment','stripe_key','Stripe Public Key','2021-12-18 03:21:49','2021-12-18 03:22:14'),(3898,0,'en','plugins/payment/payment','stripe_secret','Stripe Private Key','2021-12-18 03:21:49','2021-12-18 03:22:14'),(3899,0,'en','plugins/payment/payment','stripe_after_service_registration_msg','After registration at :name, you will have Public, Secret keys','2021-12-18 03:21:49','2021-12-18 03:22:14'),(3900,0,'en','plugins/payment/payment','stripe_enter_client_id_and_secret','Enter Public, Secret keys into the box in right hand','2021-12-18 03:21:49','2021-12-18 03:22:14'),(3901,0,'en','plugins/payment/payment','pay_online_via','Pay online via :name','2021-12-18 03:21:49','2021-12-18 03:22:14'),(3902,0,'en','plugins/payment/payment','sandbox_mode','Sandbox mode','2021-12-18 03:21:49','2021-12-18 03:22:14'),(3903,0,'en','plugins/payment/payment','deactivate_payment_method','Deactivate payment method','2021-12-18 03:21:49','2021-12-18 03:22:14'),(3904,0,'en','plugins/payment/payment','deactivate_payment_method_description','Do you really want to deactivate this payment method?','2021-12-18 03:21:49','2021-12-18 03:22:14'),(3905,0,'en','plugins/payment/payment','agree','Agree','2021-12-18 03:21:49','2021-12-18 03:22:14'),(3906,0,'en','plugins/payment/payment','name','Payments','2021-12-18 03:21:49','2021-12-18 03:22:14'),(3907,0,'en','plugins/payment/payment','create','New payment','2021-12-18 03:21:49','2021-12-18 03:22:14'),(3908,0,'en','plugins/payment/payment','go_back','Go back','2021-12-18 03:21:49','2021-12-18 03:22:14'),(3909,0,'en','plugins/payment/payment','information','Information','2021-12-18 03:21:49','2021-12-18 03:22:14'),(3910,0,'en','plugins/payment/payment','methods.paypal','PayPal','2021-12-18 03:21:49','2021-12-18 03:22:14'),(3911,0,'en','plugins/payment/payment','methods.stripe','Stripe','2021-12-18 03:21:49','2021-12-18 03:22:14'),(3912,0,'en','plugins/payment/payment','methods.cod','Cash on delivery (COD)','2021-12-18 03:21:49','2021-12-18 03:22:14'),(3913,0,'en','plugins/payment/payment','methods.bank_transfer','Bank transfer','2021-12-18 03:21:49','2021-12-18 03:22:14'),(3914,0,'en','plugins/payment/payment','statuses.pending','Pending','2021-12-18 03:21:49','2021-12-18 03:22:14'),(3915,0,'en','plugins/payment/payment','statuses.completed','Completed','2021-12-18 03:21:49','2021-12-18 03:22:14'),(3916,0,'en','plugins/payment/payment','statuses.refunding','Refunding','2021-12-18 03:21:49','2021-12-18 03:22:14'),(3917,0,'en','plugins/payment/payment','statuses.refunded','Refunded','2021-12-18 03:21:49','2021-12-18 03:22:14'),(3918,0,'en','plugins/payment/payment','statuses.fraud','Fraud','2021-12-18 03:21:49','2021-12-18 03:22:14'),(3919,0,'en','plugins/payment/payment','statuses.failed','Failed','2021-12-18 03:21:49','2021-12-18 03:22:14'),(3920,0,'en','plugins/payment/payment','payment_methods_instruction','Guide customers to pay directly. You can choose to pay by delivery or bank transfer','2021-12-18 03:21:49','2021-12-18 03:22:14'),(3921,0,'en','plugins/payment/payment','payment_method_description','Payment guide - (Displayed on the notice of successful purchase and payment page)','2021-12-18 03:21:49','2021-12-18 03:22:14'),(3922,0,'en','plugins/payment/payment','payment_via_cod','Cash on delivery (COD)','2021-12-18 03:21:49','2021-12-18 03:22:14'),(3923,0,'en','plugins/payment/payment','payment_via_bank_transfer','Bank transfer','2021-12-18 03:21:49','2021-12-18 03:22:14'),(3924,0,'en','plugins/payment/payment','payment_pending','Checkout successfully. Your payment is pending and will be checked by our staff.','2021-12-18 03:21:49','2021-12-18 03:22:14'),(3925,0,'en','plugins/payment/payment','created_at','Created At','2021-12-18 03:21:49','2021-12-18 03:22:14'),(3926,0,'en','plugins/payment/payment','payment_channel','Payment Channel','2021-12-18 03:21:49','2021-12-18 03:22:14'),(3927,0,'en','plugins/payment/payment','total','Total','2021-12-18 03:21:49','2021-12-18 03:22:14'),(3928,0,'en','plugins/payment/payment','status','Status','2021-12-18 03:21:49','2021-12-18 03:22:14'),(3929,0,'en','plugins/payment/payment','default_payment_method','Default payment method','2021-12-18 03:21:49','2021-12-18 03:22:14'),(3930,0,'en','plugins/payment/payment','turn_off_success','Turn off payment method successfully!','2021-12-18 03:21:49','2021-12-18 03:22:14'),(3931,0,'en','plugins/payment/payment','saved_payment_method_success','Saved payment method successfully!','2021-12-18 03:21:49','2021-12-18 03:22:14'),(3932,0,'en','plugins/payment/payment','saved_payment_settings_success','Saved payment settings successfully!','2021-12-18 03:21:49','2021-12-18 03:22:14'),(3933,0,'en','plugins/payment/payment','payment_name','Name','2021-12-18 03:21:49','2021-12-18 03:22:14'),(3934,0,'en','plugins/payment/payment','callback_url','Callback URL','2021-12-18 03:21:49','2021-12-18 03:22:14'),(3935,0,'en','plugins/payment/payment','return_url','Return URL','2021-12-18 03:21:49','2021-12-18 03:22:14'),(3936,0,'en','plugins/payment/payment','payment_not_found','Payment not found!','2021-12-18 03:21:49','2021-12-18 03:22:14'),(3937,0,'en','plugins/payment/payment','refunds.title','Refunds','2021-12-18 03:21:49','2021-12-18 03:22:14'),(3938,0,'en','plugins/payment/payment','refunds.id','ID','2021-12-18 03:21:49','2021-12-18 03:22:14'),(3939,0,'en','plugins/payment/payment','refunds.breakdowns','Breakdowns','2021-12-18 03:21:49','2021-12-18 03:22:14'),(3940,0,'en','plugins/payment/payment','refunds.gross_amount','Gross amount','2021-12-18 03:21:49','2021-12-18 03:22:14'),(3941,0,'en','plugins/payment/payment','refunds.paypal_fee','PayPal fee','2021-12-18 03:21:49','2021-12-18 03:22:14'),(3942,0,'en','plugins/payment/payment','refunds.net_amount','Net amount','2021-12-18 03:21:49','2021-12-18 03:22:14'),(3943,0,'en','plugins/payment/payment','refunds.total_refunded_amount','Total refunded amount','2021-12-18 03:21:49','2021-12-18 03:22:14'),(3944,0,'en','plugins/payment/payment','refunds.create_time','Create time','2021-12-18 03:21:49','2021-12-18 03:22:14'),(3945,0,'en','plugins/payment/payment','refunds.update_time','Update time','2021-12-18 03:21:49','2021-12-18 03:22:14'),(3946,0,'en','plugins/payment/payment','refunds.status','Status','2021-12-18 03:21:49','2021-12-18 03:22:14'),(3947,0,'en','plugins/payment/payment','refunds.description','Description','2021-12-18 03:21:49','2021-12-18 03:22:14'),(3948,0,'en','plugins/payment/payment','refunds.refunded_at','Refunded at','2021-12-18 03:21:49','2021-12-18 03:22:14'),(3949,0,'en','plugins/payment/payment','refunds.error_message','Error message','2021-12-18 03:21:49','2021-12-18 03:22:14'),(3950,0,'en','plugins/payment/payment','view_response_source','View response source','2021-12-18 03:21:49','2021-12-18 03:22:14'),(3951,0,'en','plugins/payment/payment','status_is_not_completed','Status is not COMPLETED','2021-12-18 03:21:49','2021-12-18 03:22:14'),(3952,0,'en','plugins/payment/payment','cannot_found_capture_id','Can not found capture id with payment detail','2021-12-18 03:21:49','2021-12-18 03:22:14'),(3953,0,'en','plugins/payment/payment','amount_refunded','Amount refunded','2021-12-18 03:21:49','2021-12-18 03:22:14'),(3954,0,'en','plugins/payment/payment','amount_remaining','Amount remaining','2021-12-18 03:21:49','2021-12-18 03:22:14'),(3955,0,'en','plugins/payment/payment','paid_at','Paid At','2021-12-18 03:21:49','2021-12-18 03:22:14'),(3956,0,'en','plugins/payment/payment','invalid_settings','Settings for :name are invalid!','2021-12-18 03:21:49','2021-12-18 03:22:14'),(3957,0,'en','plugins/payment/payment','view_transaction','Transaction \":charge_id\"','2021-12-18 03:21:49','2021-12-18 03:22:14'),(3958,0,'en','plugins/payment/payment','payment_description','Pay for your order #:order_id at :site_url','2021-12-18 03:21:49','2021-12-18 03:22:14'),(3959,0,'vi','plugins/payment/payment','payments','Thanh toán','2021-12-18 03:21:49','2021-12-18 03:22:14'),(3960,0,'vi','plugins/payment/payment','checkout_success','Thanh toán thành công!','2021-12-18 03:21:49','2021-12-18 03:22:14'),(3961,0,'vi','plugins/payment/payment','view_payment','Xem thanh toán #','2021-12-18 03:21:49','2021-12-18 03:22:14'),(3962,0,'vi','plugins/payment/payment','charge_id','Mã thanh toán','2021-12-18 03:21:49','2021-12-18 03:22:14'),(3963,0,'vi','plugins/payment/payment','amount','Số tiền','2021-12-18 03:21:49','2021-12-18 03:22:14'),(3964,0,'vi','plugins/payment/payment','currency','Loại tiền tệ','2021-12-18 03:21:49','2021-12-18 03:22:14'),(3965,0,'vi','plugins/payment/payment','user','Người dùng','2021-12-18 03:21:49','2021-12-18 03:22:14'),(3966,0,'vi','plugins/payment/payment','stripe','Stripe','2021-12-18 03:21:49','2021-12-18 03:22:14'),(3967,0,'vi','plugins/payment/payment','paypal','PayPal','2021-12-18 03:21:49','2021-12-18 03:22:14'),(3968,0,'vi','plugins/payment/payment','action','Hành động','2021-12-18 03:21:49','2021-12-18 03:22:14'),(3969,0,'vi','plugins/payment/payment','payment_via_card','Thanh toán qua thẻ','2021-12-18 03:21:49','2021-12-18 03:22:14'),(3970,0,'vi','plugins/payment/payment','card_number','Số thẻ','2021-12-18 03:21:49','2021-12-18 03:22:14'),(3971,0,'vi','plugins/payment/payment','full_name','Họ tên','2021-12-18 03:21:49','2021-12-18 03:22:14'),(3972,0,'vi','plugins/payment/payment','payment_via_paypal','Thanh toán qua PayPal','2021-12-18 03:21:49','2021-12-18 03:22:14'),(3973,0,'vi','plugins/payment/payment','mm_yy','MM/YY','2021-12-18 03:21:49','2021-12-18 03:22:14'),(3974,0,'vi','plugins/payment/payment','cvc','CVC','2021-12-18 03:21:49','2021-12-18 03:22:14'),(3975,0,'vi','plugins/payment/payment','details','Chi tiết','2021-12-18 03:21:49','2021-12-18 03:22:14'),(3976,0,'vi','plugins/payment/payment','payer_name','Tên người mua','2021-12-18 03:21:49','2021-12-18 03:22:14'),(3977,0,'vi','plugins/payment/payment','email','Email','2021-12-18 03:21:49','2021-12-18 03:22:14'),(3978,0,'vi','plugins/payment/payment','phone','Điện thoại','2021-12-18 03:21:49','2021-12-18 03:22:14'),(3979,0,'vi','plugins/payment/payment','country','Quốc gia','2021-12-18 03:21:49','2021-12-18 03:22:14'),(3980,0,'vi','plugins/payment/payment','shipping_address','Địa chỉ giao hàng','2021-12-18 03:21:49','2021-12-18 03:22:14'),(3981,0,'vi','plugins/payment/payment','payment_details','Chi tiết thanh toán','2021-12-18 03:21:49','2021-12-18 03:22:14'),(3982,0,'vi','plugins/payment/payment','card','Thẻ','2021-12-18 03:21:49','2021-12-18 03:22:14'),(3983,0,'vi','plugins/payment/payment','address','Địa chỉ','2021-12-18 03:21:49','2021-12-18 03:22:14'),(3984,0,'vi','plugins/payment/payment','could_not_get_stripe_token','Không thể lấy mã Stripe để thanh toán.','2021-12-18 03:21:49','2021-12-18 03:22:14'),(3985,0,'vi','plugins/payment/payment','payment_id','Mã thanh toán','2021-12-18 03:21:49','2021-12-18 03:22:14'),(3986,0,'vi','plugins/payment/payment','payment_methods','Phương thức thanh toán','2021-12-18 03:21:49','2021-12-18 03:22:14'),(3987,0,'vi','plugins/payment/payment','transactions','Lịch sử giao dịch','2021-12-18 03:21:49','2021-12-18 03:22:14'),(3988,0,'vi','plugins/payment/payment','payment_methods_description','Cài đặt các phương thức thanh toán cho website','2021-12-18 03:21:49','2021-12-18 03:22:14'),(3989,0,'vi','plugins/payment/payment','paypal_description','Khách hàng có thể mua hàng và thanh toán trực tiếp thông qua cổng thanh toán PayPal','2021-12-18 03:21:49','2021-12-18 03:22:14'),(3990,0,'vi','plugins/payment/payment','use','Dùng','2021-12-18 03:21:49','2021-12-18 03:22:14'),(3991,0,'vi','plugins/payment/payment','stripe_description','Khách hàng có thể mua hàng và thanh toán bằng Visa, Credit card thông qua cổng thanh toán Stripe','2021-12-18 03:21:49','2021-12-18 03:22:14'),(3992,0,'vi','plugins/payment/payment','edit','Chỉnh sửa','2021-12-18 03:21:49','2021-12-18 03:22:14'),(3993,0,'vi','plugins/payment/payment','settings','Cài đặt','2021-12-18 03:21:49','2021-12-18 03:22:14'),(3994,0,'vi','plugins/payment/payment','activate','Kích hoạt','2021-12-18 03:21:49','2021-12-18 03:22:14'),(3995,0,'vi','plugins/payment/payment','deactivate','Huỷ kích hoạt','2021-12-18 03:21:49','2021-12-18 03:22:14'),(3996,0,'vi','plugins/payment/payment','update','Cập nhật','2021-12-18 03:21:49','2021-12-18 03:22:14'),(3997,0,'vi','plugins/payment/payment','configuration_instruction','Hướng dẫn cấu hình :name','2021-12-18 03:21:49','2021-12-18 03:22:14'),(3998,0,'vi','plugins/payment/payment','configuration_requirement','Để sử dụng :name bạn cần','2021-12-18 03:21:49','2021-12-18 03:22:14'),(3999,0,'vi','plugins/payment/payment','service_registration','Đăng ký dịch vụ với :name','2021-12-18 03:21:49','2021-12-18 03:22:14'),(4000,0,'vi','plugins/payment/payment','after_service_registration_msg','Sau khi hoàn tất các bước đăng ký tại :name, bạn sẽ có các thông số Client ID, Client Secret','2021-12-18 03:21:49','2021-12-18 03:22:14'),(4001,0,'vi','plugins/payment/payment','enter_client_id_and_secret','Nhập các thông số Client ID, Secret vào ô bên phải','2021-12-18 03:21:49','2021-12-18 03:22:14'),(4002,0,'vi','plugins/payment/payment','method_name','Tên phương thức','2021-12-18 03:21:49','2021-12-18 03:22:14'),(4003,0,'vi','plugins/payment/payment','please_provide_information','Xin vui lòng cung cấp thông tin','2021-12-18 03:21:49','2021-12-18 03:22:14'),(4004,0,'vi','plugins/payment/payment','client_id','Client ID','2021-12-18 03:21:49','2021-12-18 03:22:14'),(4005,0,'vi','plugins/payment/payment','client_secret','Client Secret','2021-12-18 03:21:49','2021-12-18 03:22:14'),(4006,0,'vi','plugins/payment/payment','stripe_key','Stripe Key','2021-12-18 03:21:49','2021-12-18 03:22:14'),(4007,0,'vi','plugins/payment/payment','stripe_secret','Stripe Secret','2021-12-18 03:21:49','2021-12-18 03:22:14'),(4008,0,'vi','plugins/payment/payment','stripe_after_service_registration_msg','After registration at :name, you will have Public, Secret keys','2021-12-18 03:21:49','2021-12-18 03:22:14'),(4009,0,'vi','plugins/payment/payment','stripe_enter_client_id_and_secret','Enter Public, Secret keys into the box in right hand','2021-12-18 03:21:49','2021-12-18 03:22:14'),(4010,0,'vi','plugins/payment/payment','secret','Secret','2021-12-18 03:21:49','2021-12-18 03:22:14'),(4011,0,'vi','plugins/payment/payment','pay_online_via','Thanh toán online qua :name','2021-12-18 03:21:49','2021-12-18 03:22:14'),(4012,0,'vi','plugins/payment/payment','sandbox_mode','Chế độ thử nghiệm','2021-12-18 03:21:49','2021-12-18 03:22:14'),(4013,0,'vi','plugins/payment/payment','deactivate_payment_method','Huỷ kích hoạt phương thức','2021-12-18 03:21:49','2021-12-18 03:22:14'),(4014,0,'vi','plugins/payment/payment','deactivate_payment_method_description','Bạn có chắc chắn muốn huỷ phương thức thành toán này?','2021-12-18 03:21:49','2021-12-18 03:22:14'),(4015,0,'vi','plugins/payment/payment','agree','Đồng ý','2021-12-18 03:21:49','2021-12-18 03:22:14'),(4016,0,'vi','plugins/payment/payment','name','Thanh toán','2021-12-18 03:21:49','2021-12-18 03:22:14'),(4017,0,'vi','plugins/payment/payment','create','Thêm thanh toán mới','2021-12-18 03:21:49','2021-12-18 03:22:14'),(4018,0,'vi','plugins/payment/payment','go_back','Trở lại','2021-12-18 03:21:49','2021-12-18 03:22:14'),(4019,0,'vi','plugins/payment/payment','information','Thông tin','2021-12-18 03:21:49','2021-12-18 03:22:14'),(4020,0,'vi','plugins/payment/payment','methods.paypal','PayPal','2021-12-18 03:21:49','2021-12-18 03:22:14'),(4021,0,'vi','plugins/payment/payment','methods.stripe','Stripe','2021-12-18 03:21:49','2021-12-18 03:22:14'),(4022,0,'vi','plugins/payment/payment','methods.cod','Thanh toán khi giao hàng (COD)','2021-12-18 03:21:49','2021-12-18 03:22:14'),(4023,0,'vi','plugins/payment/payment','methods.bank_transfer','Chuyển khoản qua ngân hàng','2021-12-18 03:21:49','2021-12-18 03:22:14'),(4024,0,'vi','plugins/payment/payment','statuses.pending','Chưa hoàn tất','2021-12-18 03:21:49','2021-12-18 03:22:14'),(4025,0,'vi','plugins/payment/payment','statuses.completed','Đã hoàn thành','2021-12-18 03:21:49','2021-12-18 03:22:14'),(4026,0,'vi','plugins/payment/payment','statuses.refunding','Đang hoàn tiền','2021-12-18 03:21:49','2021-12-18 03:22:14'),(4027,0,'vi','plugins/payment/payment','statuses.refunded','Đã hoàn tiền','2021-12-18 03:21:49','2021-12-18 03:22:14'),(4028,0,'vi','plugins/payment/payment','statuses.fraud','Gian lận','2021-12-18 03:21:49','2021-12-18 03:22:14'),(4029,0,'vi','plugins/payment/payment','statuses.failed','Thất bại','2021-12-18 03:21:49','2021-12-18 03:22:14'),(4030,0,'vi','plugins/payment/payment','payment_methods_instruction','Hướng dẫn khách hàng thanh toán trực tiếp. Có thể chọn thanh toán khi giao hàng hoặc chuyển khoản','2021-12-18 03:21:49','2021-12-18 03:22:14'),(4031,0,'vi','plugins/payment/payment','payment_method_description','Hướng dẫn thanh toán – (Hiển thị ở trang thông báo mua hàng thành công và trang thanh toán)','2021-12-18 03:21:49','2021-12-18 03:22:14'),(4032,0,'vi','plugins/payment/payment','payment_via_cod','Thanh toán khi nhận hàng (COD)','2021-12-18 03:21:50','2021-12-18 03:22:14'),(4033,0,'vi','plugins/payment/payment','payment_via_bank_transfer','Chuyển khoản qua ngân hàng','2021-12-18 03:21:50','2021-12-18 03:22:14'),(4034,0,'vi','plugins/payment/payment','payment_pending','Thực hiện thành công. Thanh toán của bạn đang được xử lý và sẽ được xác nhận bởi nhân viên.','2021-12-18 03:21:50','2021-12-18 03:22:14'),(4035,0,'vi','plugins/payment/payment','created_at','Ngày tạo','2021-12-18 03:21:50','2021-12-18 03:22:14'),(4036,0,'vi','plugins/payment/payment','payment_channel','Phương thức thanh toán','2021-12-18 03:21:50','2021-12-18 03:22:14'),(4037,0,'vi','plugins/payment/payment','total','Tổng cộng','2021-12-18 03:21:50','2021-12-18 03:22:14'),(4038,0,'vi','plugins/payment/payment','status','Trạng thái','2021-12-18 03:21:50','2021-12-18 03:22:14'),(4039,0,'vi','plugins/payment/payment','default_payment_method','Phương thức thanh toán mặc định','2021-12-18 03:21:50','2021-12-18 03:22:14'),(4040,0,'en','plugins/simple-slider/simple-slider','create','New slider','2021-12-18 03:21:50','2021-12-18 03:22:14'),(4041,0,'en','plugins/simple-slider/simple-slider','edit','Edit slider','2021-12-18 03:21:50','2021-12-18 03:22:14'),(4042,0,'en','plugins/simple-slider/simple-slider','menu','Simple sliders','2021-12-18 03:21:50','2021-12-18 03:22:14'),(4043,0,'en','plugins/simple-slider/simple-slider','settings.title','Simple sliders','2021-12-18 03:21:50','2021-12-18 03:22:14'),(4044,0,'en','plugins/simple-slider/simple-slider','settings.description','Settings for Simple sliders','2021-12-18 03:21:50','2021-12-18 03:22:14'),(4045,0,'en','plugins/simple-slider/simple-slider','settings.using_assets','Using default assets?','2021-12-18 03:21:50','2021-12-18 03:22:14'),(4046,0,'en','plugins/simple-slider/simple-slider','settings.using_assets_description','If using assets option is enabled then below scripts will be auto added to front site.','2021-12-18 03:21:50','2021-12-18 03:22:14'),(4047,0,'en','plugins/simple-slider/simple-slider','add_new','Add new','2021-12-18 03:21:50','2021-12-18 03:22:14'),(4048,0,'en','plugins/simple-slider/simple-slider','save_sorting','Save sorting','2021-12-18 03:21:50','2021-12-18 03:22:14'),(4049,0,'en','plugins/simple-slider/simple-slider','key','Key','2021-12-18 03:21:50','2021-12-18 03:22:14'),(4050,0,'en','plugins/simple-slider/simple-slider','slide_items','Slide Items','2021-12-18 03:21:50','2021-12-18 03:22:14'),(4051,0,'en','plugins/simple-slider/simple-slider','update_slide_position_success','Updated slide position successfully!','2021-12-18 03:21:50','2021-12-18 03:22:14'),(4052,0,'en','plugins/simple-slider/simple-slider','create_new_slide','Create a new slide','2021-12-18 03:21:50','2021-12-18 03:22:14'),(4053,0,'en','plugins/simple-slider/simple-slider','edit_slide','Edit slide #:id','2021-12-18 03:21:50','2021-12-18 03:22:14'),(4054,0,'en','plugins/simple-slider/simple-slider','simple_slider_shortcode_name','Simple Slider','2021-12-18 03:21:50','2021-12-18 03:22:14'),(4055,0,'en','plugins/simple-slider/simple-slider','simple_slider_shortcode_description','Add a simple slider','2021-12-18 03:21:50','2021-12-18 03:22:14'),(4056,0,'en','plugins/simple-slider/simple-slider','select_slider','Select a slider','2021-12-18 03:21:50','2021-12-18 03:22:14'),(4057,0,'en','plugins/social-login/social-login','settings.title','Social Login settings','2021-12-18 03:21:50','2021-12-18 03:22:14'),(4058,0,'en','plugins/social-login/social-login','settings.description','Configure social login options','2021-12-18 03:21:50','2021-12-18 03:22:14'),(4059,0,'en','plugins/social-login/social-login','settings.facebook.title','Facebook login settings','2021-12-18 03:21:50','2021-12-18 03:22:14'),(4060,0,'en','plugins/social-login/social-login','settings.facebook.description','Enable/disable & configure app credentials for Facebook login','2021-12-18 03:21:50','2021-12-18 03:22:14'),(4061,0,'en','plugins/social-login/social-login','settings.facebook.app_id','App ID','2021-12-18 03:21:50','2021-12-18 03:22:14'),(4062,0,'en','plugins/social-login/social-login','settings.facebook.app_secret','App Secret','2021-12-18 03:21:50','2021-12-18 03:22:14'),(4063,0,'en','plugins/social-login/social-login','settings.facebook.helper','Please go to https://developers.facebook.com to create new app update App ID, App Secret. Callback URL is :callback','2021-12-18 03:21:50','2021-12-18 03:22:14'),(4064,0,'en','plugins/social-login/social-login','settings.google.title','Google login settings','2021-12-18 03:21:50','2021-12-18 03:22:14'),(4065,0,'en','plugins/social-login/social-login','settings.google.description','Enable/disable & configure app credentials for Google login','2021-12-18 03:21:50','2021-12-18 03:22:14'),(4066,0,'en','plugins/social-login/social-login','settings.google.app_id','App ID','2021-12-18 03:21:50','2021-12-18 03:22:14'),(4067,0,'en','plugins/social-login/social-login','settings.google.app_secret','App Secret','2021-12-18 03:21:50','2021-12-18 03:22:14'),(4068,0,'en','plugins/social-login/social-login','settings.google.helper','Please go to https://console.developers.google.com/apis/dashboard to create new app update App ID, App Secret. Callback URL is :callback','2021-12-18 03:21:50','2021-12-18 03:22:14'),(4069,0,'en','plugins/social-login/social-login','settings.github.title','Github login settings','2021-12-18 03:21:50','2021-12-18 03:22:14'),(4070,0,'en','plugins/social-login/social-login','settings.github.description','Enable/disable & configure app credentials for Github login','2021-12-18 03:21:50','2021-12-18 03:22:14'),(4071,0,'en','plugins/social-login/social-login','settings.github.app_id','App ID','2021-12-18 03:21:50','2021-12-18 03:22:14'),(4072,0,'en','plugins/social-login/social-login','settings.github.app_secret','App Secret','2021-12-18 03:21:50','2021-12-18 03:22:14'),(4073,0,'en','plugins/social-login/social-login','settings.github.helper','Please go to https://github.com/settings/developers to create new app update App ID, App Secret. Callback URL is :callback','2021-12-18 03:21:50','2021-12-18 03:22:14'),(4074,0,'en','plugins/social-login/social-login','settings.linkedin.title','Linkedin login settings','2021-12-18 03:21:50','2021-12-18 03:22:14'),(4075,0,'en','plugins/social-login/social-login','settings.linkedin.description','Enable/disable & configure app credentials for Linkedin login','2021-12-18 03:21:50','2021-12-18 03:22:14'),(4076,0,'en','plugins/social-login/social-login','settings.linkedin.app_id','App ID','2021-12-18 03:21:50','2021-12-18 03:22:14'),(4077,0,'en','plugins/social-login/social-login','settings.linkedin.app_secret','App Secret','2021-12-18 03:21:50','2021-12-18 03:22:14'),(4078,0,'en','plugins/social-login/social-login','settings.linkedin.helper','Please go to https://www.linkedin.com/developers/apps/new to create new app update App ID, App Secret. Callback URL is :callback','2021-12-18 03:21:50','2021-12-18 03:22:14'),(4079,0,'en','plugins/social-login/social-login','settings.enable','Enable?','2021-12-18 03:21:50','2021-12-18 03:22:14'),(4080,0,'en','plugins/social-login/social-login','menu','Social Login','2021-12-18 03:21:50','2021-12-18 03:22:14'),(4081,0,'en','plugins/translation/translation','translations','Translations','2021-12-18 03:21:50','2021-12-18 03:22:14'),(4082,0,'en','plugins/translation/translation','translations_description','Translate all words in system.','2021-12-18 03:21:50','2021-12-18 03:22:14'),(4083,0,'en','plugins/translation/translation','export_warning','Warning, translations are not visible until they are exported back to the resources/lang file, using \'php artisan cms:translations:export\' command or publish button.','2021-12-18 03:21:50','2021-12-18 03:22:14'),(4084,0,'en','plugins/translation/translation','import_done','Done importing, processed :counter items! Reload this page to refresh the groups!','2021-12-18 03:21:50','2021-12-18 03:22:14'),(4085,0,'en','plugins/translation/translation','translation_manager','Translations Manager','2021-12-18 03:21:50','2021-12-18 03:22:14'),(4086,0,'en','plugins/translation/translation','done_publishing','Done publishing the translations for group','2021-12-18 03:21:50','2021-12-18 03:22:14'),(4087,0,'en','plugins/translation/translation','append_translation','Append new translations','2021-12-18 03:21:50','2021-12-18 03:22:14'),(4088,0,'en','plugins/translation/translation','replace_translation','Replace existing translations','2021-12-18 03:21:50','2021-12-18 03:22:14'),(4089,0,'en','plugins/translation/translation','import_group','Import group','2021-12-18 03:21:50','2021-12-18 03:22:14'),(4090,0,'en','plugins/translation/translation','confirm_publish_group','Are you sure you want to publish the translations group \":group\"? This will overwrite existing language files.','2021-12-18 03:21:50','2021-12-18 03:22:14'),(4091,0,'en','plugins/translation/translation','publish_translations','Publish translations','2021-12-18 03:21:50','2021-12-18 03:22:14'),(4092,0,'en','plugins/translation/translation','back','Back','2021-12-18 03:21:50','2021-12-18 03:22:14'),(4093,0,'en','plugins/translation/translation','edit_title','Enter translation','2021-12-18 03:21:50','2021-12-18 03:22:14'),(4094,0,'en','plugins/translation/translation','choose_group_msg','Choose a group to display the group translations. If no groups are visible, make sure you have imported the translations.','2021-12-18 03:21:50','2021-12-18 03:22:14'),(4095,0,'en','plugins/translation/translation','choose_a_group','Choose a group','2021-12-18 03:21:50','2021-12-18 03:22:14'),(4096,0,'en','plugins/translation/translation','locales','Locales','2021-12-18 03:21:50','2021-12-18 03:22:14'),(4097,0,'en','plugins/translation/translation','theme-translations','Theme translations','2021-12-18 03:21:50','2021-12-18 03:22:14'),(4098,0,'en','plugins/translation/translation','admin-translations','Other translations','2021-12-18 03:21:50','2021-12-18 03:22:14'),(4099,0,'en','plugins/translation/translation','translate_from','Translate from','2021-12-18 03:21:50','2021-12-18 03:22:14'),(4100,0,'en','plugins/translation/translation','to','to','2021-12-18 03:21:50','2021-12-18 03:22:14'),(4101,0,'en','plugins/translation/translation','no_other_languages','No other language to translate!','2021-12-18 03:21:50','2021-12-18 03:22:14'),(4102,0,'en','plugins/translation/translation','edit','Edit','2021-12-18 03:21:50','2021-12-18 03:22:14'),(4103,0,'en','plugins/translation/translation','locale','Locale','2021-12-18 03:21:50','2021-12-18 03:22:14'),(4104,0,'en','plugins/translation/translation','locale_placeholder','Ex: en','2021-12-18 03:21:50','2021-12-18 03:22:14'),(4105,0,'en','plugins/translation/translation','name','Name','2021-12-18 03:21:50','2021-12-18 03:22:14'),(4106,0,'en','plugins/translation/translation','default_locale','Default locale?','2021-12-18 03:21:50','2021-12-18 03:22:14'),(4107,0,'en','plugins/translation/translation','actions','Actions','2021-12-18 03:21:50','2021-12-18 03:22:14'),(4108,0,'en','plugins/translation/translation','choose_language','Choose language','2021-12-18 03:21:50','2021-12-18 03:22:14'),(4109,0,'en','plugins/translation/translation','add_new_language','Add new language','2021-12-18 03:21:50','2021-12-18 03:22:14'),(4110,0,'en','plugins/translation/translation','select_language','Select language','2021-12-18 03:21:50','2021-12-18 03:22:14'),(4111,0,'en','plugins/translation/translation','flag','Flag','2021-12-18 03:21:50','2021-12-18 03:22:14'),(4112,0,'en','plugins/translation/translation','folder_is_not_writeable','Cannot write files! Folder /resources/lang is not writable. Please chmod to make it writable!','2021-12-18 03:21:50','2021-12-18 03:22:14'),(4113,0,'en','plugins/translation/translation','delete','Delete','2021-12-18 03:21:50','2021-12-18 03:22:14'),(4114,0,'en','plugins/translation/translation','confirm_delete_message','Do you really want to delete this locale? It will delete all files/folders for this local in /resources/lang!','2021-12-18 03:21:50','2021-12-18 03:22:14'),(4115,0,'en','plugins/translation/translation','download','Download','2021-12-18 03:21:50','2021-12-18 03:22:14'),(4116,0,'en','plugins/translation/translation','select_locale','Select locale','2021-12-18 03:21:50','2021-12-18 03:22:14'),(4117,0,'vi','auth','failed','Không tìm thấy thông tin đăng nhập hợp lệ.','2021-12-18 03:21:50','2021-12-18 03:22:10'),(4118,0,'vi','auth','throttle','Đăng nhập không đúng quá nhiều lần. Vui lòng thử lại sau :seconds giây.','2021-12-18 03:21:50','2021-12-18 03:22:10'),(4119,0,'vi','auth','password','Mật khẩu không chính xác','2021-12-18 03:21:50','2021-12-18 03:22:10'),(4120,0,'vi','pagination','previous','&laquo; Trước','2021-12-18 03:21:50','2021-12-18 03:22:10'),(4121,0,'vi','pagination','next','Sau &raquo;','2021-12-18 03:21:50','2021-12-18 03:22:10'),(4122,0,'vi','passwords','reset','Mật khẩu đã được cập nhật!','2021-12-18 03:21:50','2021-12-18 03:22:11'),(4123,0,'vi','passwords','sent','Chúng tôi đã gửi cho bạn đường dẫn thay đổi mật khẩu!','2021-12-18 03:21:50','2021-12-18 03:22:11'),(4124,0,'vi','passwords','token','Mã xác nhận mật khẩu không hợp lệ.','2021-12-18 03:21:50','2021-12-18 03:22:11'),(4125,0,'vi','passwords','user','Không tìm thấy thành viên với địa chỉ email này.','2021-12-18 03:21:50','2021-12-18 03:22:11'),(4126,0,'vi','validation','accepted','Trường :attribute phải được chấp nhận.','2021-12-18 03:21:50','2021-12-18 03:22:11'),(4127,0,'vi','validation','active_url','Trường :attribute không phải là một URL hợp lệ.','2021-12-18 03:21:50','2021-12-18 03:22:11'),(4128,0,'vi','validation','after','Trường :attribute phải là một ngày sau ngày :date.','2021-12-18 03:21:50','2021-12-18 03:22:11'),(4129,0,'vi','validation','after_or_equal','Trường :attribute phải là thời gian bắt đầu sau hoặc đúng bằng :date.','2021-12-18 03:21:50','2021-12-18 03:22:11'),(4130,0,'vi','validation','alpha','Trường :attribute chỉ có thể chứa các chữ cái.','2021-12-18 03:21:50','2021-12-18 03:22:11'),(4131,0,'vi','validation','alpha_dash','Trường :attribute chỉ có thể chứa chữ cái, số và dấu gạch ngang.','2021-12-18 03:21:50','2021-12-18 03:22:11'),(4132,0,'vi','validation','alpha_num','Trường :attribute chỉ có thể chứa chữ cái và số.','2021-12-18 03:21:50','2021-12-18 03:22:11'),(4133,0,'vi','validation','array','Trường :attribute phải là dạng mảng.','2021-12-18 03:21:50','2021-12-18 03:22:11'),(4134,0,'vi','validation','before','Trường :attribute phải là một ngày trước ngày :date.','2021-12-18 03:21:50','2021-12-18 03:22:11'),(4135,0,'vi','validation','before_or_equal','Trường :attribute phải là thời gian bắt đầu trước hoặc đúng bằng :date.','2021-12-18 03:21:50','2021-12-18 03:22:11'),(4136,0,'vi','validation','between.array','Trường :attribute phải có từ :min - :max phần tử.','2021-12-18 03:21:50','2021-12-18 03:22:11'),(4137,0,'vi','validation','between.file','Dung lượng tập tin trong trường :attribute phải từ :min - :max kB.','2021-12-18 03:21:50','2021-12-18 03:22:11'),(4138,0,'vi','validation','between.numeric','Trường :attribute phải nằm trong khoảng :min - :max.','2021-12-18 03:21:50','2021-12-18 03:22:11'),(4139,0,'vi','validation','between.string','Trường :attribute phải từ :min - :max kí tự.','2021-12-18 03:21:50','2021-12-18 03:22:11'),(4140,0,'vi','validation','boolean','Trường :attribute phải là true hoặc false.','2021-12-18 03:21:50','2021-12-18 03:22:11'),(4141,0,'vi','validation','confirmed','Giá trị xác nhận trong trường :attribute không khớp.','2021-12-18 03:21:50','2021-12-18 03:22:11'),(4142,0,'vi','validation','date','Trường :attribute không phải là định dạng của ngày-tháng.','2021-12-18 03:21:50','2021-12-18 03:22:11'),(4143,0,'vi','validation','date_equals','Trường :attribute phải là một ngày bằng với :date.','2021-12-18 03:21:51','2021-12-18 03:22:11'),(4144,0,'vi','validation','date_format','Trường :attribute không giống với định dạng :format.','2021-12-18 03:21:51','2021-12-18 03:22:11'),(4145,0,'vi','validation','different','Trường :attribute và :other phải khác nhau.','2021-12-18 03:21:51','2021-12-18 03:22:11'),(4146,0,'vi','validation','digits','Độ dài của trường :attribute phải gồm :digits chữ số.','2021-12-18 03:21:51','2021-12-18 03:22:11'),(4147,0,'vi','validation','digits_between','Độ dài của trường :attribute phải nằm trong khoảng :min and :max chữ số.','2021-12-18 03:21:51','2021-12-18 03:22:11'),(4148,0,'vi','validation','dimensions','Trường :attribute có kích thước không hợp lệ.','2021-12-18 03:21:51','2021-12-18 03:22:11'),(4149,0,'vi','validation','distinct','Trường :attribute có giá trị trùng lặp.','2021-12-18 03:21:51','2021-12-18 03:22:11'),(4150,0,'vi','validation','email','Trường :attribute phải là một địa chỉ email hợp lệ.','2021-12-18 03:21:51','2021-12-18 03:22:11'),(4151,0,'vi','validation','ends_with','Trường :attribute phải kết thúc bằng một trong những giá trị sau: :values','2021-12-18 03:21:51','2021-12-18 03:22:11'),(4152,0,'vi','validation','exists','Giá trị đã chọn trong trường :attribute không hợp lệ.','2021-12-18 03:21:51','2021-12-18 03:22:11'),(4153,0,'vi','validation','file','Trường :attribute phải là một tệp tin.','2021-12-18 03:21:51','2021-12-18 03:22:11'),(4154,0,'vi','validation','filled','Trường :attribute không được bỏ trống.','2021-12-18 03:21:51','2021-12-18 03:22:11'),(4155,0,'vi','validation','gt.array','Mảng :attribute phải có nhiều hơn :value phần tử.','2021-12-18 03:21:51','2021-12-18 03:22:11'),(4156,0,'vi','validation','gt.file','Dung lượng trường :attribute phải lớn hơn :value kilobytes.','2021-12-18 03:21:51','2021-12-18 03:22:11'),(4157,0,'vi','validation','gt.numeric','Giá trị trường :attribute phải lớn hơn :value.','2021-12-18 03:21:51','2021-12-18 03:22:11'),(4158,0,'vi','validation','gt.string','Độ dài trường :attribute phải nhiều hơn :value kí tự.','2021-12-18 03:21:51','2021-12-18 03:22:11'),(4159,0,'vi','validation','gte.array','Mảng :attribute phải có ít nhất :value phần tử.','2021-12-18 03:21:51','2021-12-18 03:22:11'),(4160,0,'vi','validation','gte.file','Dung lượng trường :attribute phải lớn hơn hoặc bằng :value kilobytes.','2021-12-18 03:21:51','2021-12-18 03:22:11'),(4161,0,'vi','validation','gte.numeric','Giá trị trường :attribute phải lớn hơn hoặc bằng :value.','2021-12-18 03:21:51','2021-12-18 03:22:11'),(4162,0,'vi','validation','gte.string','Độ dài trường :attribute phải lớn hơn hoặc bằng :value kí tự.','2021-12-18 03:21:51','2021-12-18 03:22:11'),(4163,0,'vi','validation','image','Trường :attribute phải là định dạng hình ảnh.','2021-12-18 03:21:51','2021-12-18 03:22:11'),(4164,0,'vi','validation','in','Giá trị đã chọn trong trường :attribute không hợp lệ.','2021-12-18 03:21:51','2021-12-18 03:22:11'),(4165,0,'vi','validation','in_array','Trường :attribute phải thuộc tập cho phép: :other.','2021-12-18 03:21:51','2021-12-18 03:22:11'),(4166,0,'vi','validation','integer','Trường :attribute phải là một số nguyên.','2021-12-18 03:21:51','2021-12-18 03:22:11'),(4167,0,'vi','validation','ip','Trường :attribute phải là một địa chỉ IP.','2021-12-18 03:21:51','2021-12-18 03:22:11'),(4168,0,'vi','validation','ipv4','Trường :attribute phải là một địa chỉ IPv4.','2021-12-18 03:21:51','2021-12-18 03:22:11'),(4169,0,'vi','validation','ipv6','Trường :attribute phải là một địa chỉ IPv6.','2021-12-18 03:21:51','2021-12-18 03:22:11'),(4170,0,'vi','validation','json','Trường :attribute phải là một chuỗi JSON.','2021-12-18 03:21:51','2021-12-18 03:22:11'),(4171,0,'vi','validation','lt.array','Mảng :attribute phải có ít hơn :value phần tử.','2021-12-18 03:21:51','2021-12-18 03:22:11'),(4172,0,'vi','validation','lt.file','Dung lượng trường :attribute phải nhỏ hơn :value kilobytes.','2021-12-18 03:21:51','2021-12-18 03:22:11'),(4173,0,'vi','validation','lt.numeric','Giá trị trường :attribute phải nhỏ hơn :value.','2021-12-18 03:21:51','2021-12-18 03:22:11'),(4174,0,'vi','validation','lt.string','Độ dài trường :attribute phải nhỏ hơn :value kí tự.','2021-12-18 03:21:51','2021-12-18 03:22:11'),(4175,0,'vi','validation','lte.array','Mảng :attribute không được có nhiều hơn :value phần tử.','2021-12-18 03:21:51','2021-12-18 03:22:11'),(4176,0,'vi','validation','lte.file','Dung lượng trường :attribute phải nhỏ hơn hoặc bằng :value kilobytes.','2021-12-18 03:21:51','2021-12-18 03:22:11'),(4177,0,'vi','validation','lte.numeric','Giá trị trường :attribute phải nhỏ hơn hoặc bằng :value.','2021-12-18 03:21:51','2021-12-18 03:22:11'),(4178,0,'vi','validation','lte.string','Độ dài trường :attribute phải nhỏ hơn hoặc bằng :value kí tự.','2021-12-18 03:21:51','2021-12-18 03:22:11'),(4179,0,'vi','validation','max.array','Trường :attribute không được lớn hơn :max phần tử.','2021-12-18 03:21:51','2021-12-18 03:22:11'),(4180,0,'vi','validation','max.file','Dung lượng tập tin trong trường :attribute không được lớn hơn :max kB.','2021-12-18 03:21:51','2021-12-18 03:22:11'),(4181,0,'vi','validation','max.numeric','Trường :attribute không được lớn hơn :max.','2021-12-18 03:21:51','2021-12-18 03:22:11'),(4182,0,'vi','validation','max.string','Trường :attribute không được lớn hơn :max kí tự.','2021-12-18 03:21:51','2021-12-18 03:22:11'),(4183,0,'vi','validation','mimes','Trường :attribute phải là một tập tin có định dạng: :values.','2021-12-18 03:21:51','2021-12-18 03:22:11'),(4184,0,'vi','validation','mimetypes','Trường :attribute phải là một tập tin có định dạng: :values.','2021-12-18 03:21:51','2021-12-18 03:22:11'),(4185,0,'vi','validation','min.array','Trường :attribute phải có tối thiểu :min phần tử.','2021-12-18 03:21:51','2021-12-18 03:22:11'),(4186,0,'vi','validation','min.file','Dung lượng tập tin trong trường :attribute phải tối thiểu :min kB.','2021-12-18 03:21:51','2021-12-18 03:22:11'),(4187,0,'vi','validation','min.numeric','Trường :attribute phải tối thiểu là :min.','2021-12-18 03:21:51','2021-12-18 03:22:11'),(4188,0,'vi','validation','min.string','Trường :attribute phải có tối thiểu :min kí tự.','2021-12-18 03:21:51','2021-12-18 03:22:11'),(4189,0,'vi','validation','multiple_of','Trường :attribute phải là bội số của :value','2021-12-18 03:21:51','2021-12-18 03:22:11'),(4190,0,'vi','validation','not_in','Giá trị đã chọn trong trường :attribute không hợp lệ.','2021-12-18 03:21:51','2021-12-18 03:22:11'),(4191,0,'vi','validation','not_regex','Trường :attribute có định dạng không hợp lệ.','2021-12-18 03:21:51','2021-12-18 03:22:11'),(4192,0,'vi','validation','numeric','Trường :attribute phải là một số.','2021-12-18 03:21:51','2021-12-18 03:22:11'),(4193,0,'vi','validation','password','Mật khẩu không đúng.','2021-12-18 03:21:51','2021-12-18 03:22:11'),(4194,0,'vi','validation','present','Trường :attribute phải được cung cấp.','2021-12-18 03:21:51','2021-12-18 03:22:11'),(4195,0,'vi','validation','prohibited','Trường :attribute bị cấm.','2021-12-18 03:21:51','2021-12-18 03:22:11'),(4196,0,'vi','validation','prohibited_if','Trường :attribute bị cấm khi :other là :value.','2021-12-18 03:21:51','2021-12-18 03:22:11'),(4197,0,'vi','validation','prohibited_unless','Trường :attribute bị cấm trừ khi :other là một trong :values.','2021-12-18 03:21:51','2021-12-18 03:22:11'),(4198,0,'vi','validation','regex','Trường :attribute có định dạng không hợp lệ.','2021-12-18 03:21:51','2021-12-18 03:22:11'),(4199,0,'vi','validation','required','Trường :attribute không được bỏ trống.','2021-12-18 03:21:51','2021-12-18 03:22:11'),(4200,0,'vi','validation','required_if','Trường :attribute không được bỏ trống khi trường :other là :value.','2021-12-18 03:21:51','2021-12-18 03:22:11'),(4201,0,'vi','validation','required_unless','Trường :attribute không được bỏ trống trừ khi :other là :values.','2021-12-18 03:21:51','2021-12-18 03:22:11'),(4202,0,'vi','validation','required_with','Trường :attribute không được bỏ trống khi một trong :values có giá trị.','2021-12-18 03:21:51','2021-12-18 03:22:11'),(4203,0,'vi','validation','required_with_all','Trường :attribute không được bỏ trống khi tất cả :values có giá trị.','2021-12-18 03:21:51','2021-12-18 03:22:11'),(4204,0,'vi','validation','required_without','Trường :attribute không được bỏ trống khi một trong :values không có giá trị.','2021-12-18 03:21:51','2021-12-18 03:22:11'),(4205,0,'vi','validation','required_without_all','Trường :attribute không được bỏ trống khi tất cả :values không có giá trị.','2021-12-18 03:21:51','2021-12-18 03:22:11'),(4206,0,'vi','validation','same','Trường :attribute và :other phải giống nhau.','2021-12-18 03:21:51','2021-12-18 03:22:11'),(4207,0,'vi','validation','size.array','Trường :attribute phải chứa :size phần tử.','2021-12-18 03:21:51','2021-12-18 03:22:11'),(4208,0,'vi','validation','size.file','Dung lượng tập tin trong trường :attribute phải bằng :size kB.','2021-12-18 03:21:51','2021-12-18 03:22:11'),(4209,0,'vi','validation','size.numeric','Trường :attribute phải bằng :size.','2021-12-18 03:21:51','2021-12-18 03:22:11'),(4210,0,'vi','validation','size.string','Trường :attribute phải chứa :size kí tự.','2021-12-18 03:21:51','2021-12-18 03:22:11'),(4211,0,'vi','validation','starts_with','Trường :attribute phải được bắt đầu bằng một trong những giá trị sau: :values','2021-12-18 03:21:51','2021-12-18 03:22:11'),(4212,0,'vi','validation','string','Trường :attribute phải là một chuỗi kí tự.','2021-12-18 03:21:51','2021-12-18 03:22:11'),(4213,0,'vi','validation','timezone','Trường :attribute phải là một múi giờ hợp lệ.','2021-12-18 03:21:51','2021-12-18 03:22:11'),(4214,0,'vi','validation','unique','Trường :attribute đã có trong cơ sở dữ liệu.','2021-12-18 03:21:51','2021-12-18 03:22:11'),(4215,0,'vi','validation','uploaded','Trường :attribute tải lên thất bại.','2021-12-18 03:21:51','2021-12-18 03:22:11'),(4216,0,'vi','validation','url','Trường :attribute không giống với định dạng một URL.','2021-12-18 03:21:51','2021-12-18 03:22:11'),(4217,0,'vi','validation','uuid','Trường :attribute phải là một chuỗi UUID hợp lệ.','2021-12-18 03:21:51','2021-12-18 03:22:11'),(4218,0,'vi','validation','custom.attribute-name.rule-name','custom-message','2021-12-18 03:21:51','2021-12-18 03:22:11');
/*!40000 ALTER TABLE `translations` ENABLE KEYS */;
UNLOCK TABLES;

--
-- Table structure for table `user_meta`
--

DROP TABLE IF EXISTS `user_meta`;
/*!40101 SET @saved_cs_client     = @@character_set_client */;
/*!40101 SET character_set_client = utf8 */;
CREATE TABLE `user_meta` (
  `id` bigint(20) unsigned NOT NULL AUTO_INCREMENT,
  `key` varchar(191) COLLATE utf8mb4_unicode_ci DEFAULT NULL,
  `value` varchar(191) COLLATE utf8mb4_unicode_ci DEFAULT NULL,
  `user_id` int(10) unsigned NOT NULL,
  `created_at` timestamp NULL DEFAULT NULL,
  `updated_at` timestamp NULL DEFAULT NULL,
  PRIMARY KEY (`id`),
  KEY `user_meta_user_id_index` (`user_id`)
) ENGINE=InnoDB DEFAULT CHARSET=utf8mb4 COLLATE=utf8mb4_unicode_ci;
/*!40101 SET character_set_client = @saved_cs_client */;

--
-- Dumping data for table `user_meta`
--

LOCK TABLES `user_meta` WRITE;
/*!40000 ALTER TABLE `user_meta` DISABLE KEYS */;
/*!40000 ALTER TABLE `user_meta` ENABLE KEYS */;
UNLOCK TABLES;

--
-- Table structure for table `users`
--

DROP TABLE IF EXISTS `users`;
/*!40101 SET @saved_cs_client     = @@character_set_client */;
/*!40101 SET character_set_client = utf8 */;
CREATE TABLE `users` (
  `id` bigint(20) unsigned NOT NULL AUTO_INCREMENT,
  `email` varchar(191) COLLATE utf8mb4_unicode_ci NOT NULL,
  `email_verified_at` timestamp NULL DEFAULT NULL,
  `password` varchar(191) COLLATE utf8mb4_unicode_ci DEFAULT NULL,
  `remember_token` varchar(100) COLLATE utf8mb4_unicode_ci DEFAULT NULL,
  `created_at` timestamp NULL DEFAULT NULL,
  `updated_at` timestamp NULL DEFAULT NULL,
  `first_name` varchar(191) COLLATE utf8mb4_unicode_ci DEFAULT NULL,
  `last_name` varchar(191) COLLATE utf8mb4_unicode_ci DEFAULT NULL,
  `username` varchar(60) COLLATE utf8mb4_unicode_ci DEFAULT NULL,
  `avatar_id` int(10) unsigned DEFAULT NULL,
  `super_user` tinyint(1) NOT NULL DEFAULT 0,
  `manage_supers` tinyint(1) NOT NULL DEFAULT 0,
  `permissions` text COLLATE utf8mb4_unicode_ci DEFAULT NULL,
  `last_login` timestamp NULL DEFAULT NULL,
  PRIMARY KEY (`id`),
  UNIQUE KEY `users_email_unique` (`email`),
  UNIQUE KEY `users_username_unique` (`username`)
) ENGINE=InnoDB AUTO_INCREMENT=2 DEFAULT CHARSET=utf8mb4 COLLATE=utf8mb4_unicode_ci;
/*!40101 SET character_set_client = @saved_cs_client */;

--
-- Dumping data for table `users`
--

LOCK TABLES `users` WRITE;
/*!40000 ALTER TABLE `users` DISABLE KEYS */;
INSERT INTO `users` VALUES (1,'admin@botble.com',NULL,'$2y$10$aB0azCXQTCVbzrkD839x.OmtKmHnoOa/9VU4ygl24h3OPSUd9u3uq',NULL,'2021-12-04 04:49:01','2021-12-04 04:49:01','System','Admin','botble',NULL,1,1,NULL,NULL);
/*!40000 ALTER TABLE `users` ENABLE KEYS */;
UNLOCK TABLES;

--
-- Table structure for table `widgets`
--

DROP TABLE IF EXISTS `widgets`;
/*!40101 SET @saved_cs_client     = @@character_set_client */;
/*!40101 SET character_set_client = utf8 */;
CREATE TABLE `widgets` (
  `id` bigint(20) unsigned NOT NULL AUTO_INCREMENT,
  `widget_id` varchar(120) COLLATE utf8mb4_unicode_ci NOT NULL,
  `sidebar_id` varchar(120) COLLATE utf8mb4_unicode_ci NOT NULL,
  `theme` varchar(120) COLLATE utf8mb4_unicode_ci NOT NULL,
  `position` tinyint(3) unsigned NOT NULL DEFAULT 0,
  `data` text COLLATE utf8mb4_unicode_ci DEFAULT NULL,
  `created_at` timestamp NULL DEFAULT NULL,
  `updated_at` timestamp NULL DEFAULT NULL,
  PRIMARY KEY (`id`)
) ENGINE=InnoDB AUTO_INCREMENT=25 DEFAULT CHARSET=utf8mb4 COLLATE=utf8mb4_unicode_ci;
/*!40101 SET character_set_client = @saved_cs_client */;

--
-- Dumping data for table `widgets`
--

LOCK TABLES `widgets` WRITE;
/*!40000 ALTER TABLE `widgets` DISABLE KEYS */;
INSERT INTO `widgets` VALUES (1,'CustomMenuWidget','footer_sidebar','martfury',1,'{\"id\":\"CustomMenuWidget\",\"name\":\"Quick links\",\"menu_id\":\"quick-links\"}','2021-12-04 04:49:03','2021-12-04 04:49:03'),(2,'CustomMenuWidget','footer_sidebar','martfury',2,'{\"id\":\"CustomMenuWidget\",\"name\":\"Company\",\"menu_id\":\"company\"}','2021-12-04 04:49:03','2021-12-04 04:49:03'),(3,'CustomMenuWidget','footer_sidebar','martfury',3,'{\"id\":\"CustomMenuWidget\",\"name\":\"Business\",\"menu_id\":\"business\"}','2021-12-04 04:49:03','2021-12-04 04:49:03'),(4,'BlogSearchWidget','primary_sidebar','martfury',1,'{\"id\":\"BlogSearchWidget\",\"name\":\"Search\"}','2021-12-04 04:49:03','2021-12-04 04:49:03'),(5,'BlogCategoriesWidget','primary_sidebar','martfury',2,'{\"id\":\"BlogCategoriesWidget\",\"name\":\"Categories\"}','2021-12-04 04:49:03','2021-12-04 04:49:03'),(6,'RecentPostsWidget','primary_sidebar','martfury',3,'{\"id\":\"RecentPostsWidget\",\"name\":\"Recent Posts\"}','2021-12-04 04:49:03','2021-12-04 04:49:03'),(7,'TagsWidget','primary_sidebar','martfury',4,'{\"id\":\"TagsWidget\",\"name\":\"Popular Tags\"}','2021-12-04 04:49:03','2021-12-04 04:49:03'),(8,'ProductCategoriesWidget','bottom_footer_sidebar','martfury',1,'{\"id\":\"ProductCategoriesWidget\",\"name\":\"Consumer Electric\",\"categories\":[18,2,3,4,5,6,7]}','2021-12-04 04:49:03','2021-12-04 04:49:03'),(9,'ProductCategoriesWidget','bottom_footer_sidebar','martfury',2,'{\"id\":\"ProductCategoriesWidget\",\"name\":\"Clothing & Apparel\",\"categories\":[8,9,10,11,12]}','2021-12-04 04:49:03','2021-12-04 04:49:03'),(10,'ProductCategoriesWidget','bottom_footer_sidebar','martfury',3,'{\"id\":\"ProductCategoriesWidget\",\"name\":\"Home, Garden & Kitchen\",\"categories\":[13,14,15,16,17]}','2021-12-04 04:49:03','2021-12-04 04:49:03'),(11,'ProductCategoriesWidget','bottom_footer_sidebar','martfury',4,'{\"id\":\"ProductCategoriesWidget\",\"name\":\"Health & Beauty\",\"categories\":[20,21,22,23,24]}','2021-12-04 04:49:03','2021-12-04 04:49:03'),(12,'ProductCategoriesWidget','bottom_footer_sidebar','martfury',5,'{\"id\":\"ProductCategoriesWidget\",\"name\":\"Computer & Technologies\",\"categories\":[25,26,27,28,29,19]}','2021-12-04 04:49:03','2021-12-04 04:49:03'),(13,'CustomMenuWidget','footer_sidebar','martfury-vi',1,'{\"id\":\"CustomMenuWidget\",\"name\":\"Li\\u00ean k\\u1ebft nhanh\",\"menu_id\":\"lien-ket-nhanh\"}','2021-12-04 04:49:03','2021-12-04 04:49:03'),(14,'CustomMenuWidget','footer_sidebar','martfury-vi',2,'{\"id\":\"CustomMenuWidget\",\"name\":\"C\\u00f4ng ty\",\"menu_id\":\"cong-ty\"}','2021-12-04 04:49:03','2021-12-04 04:49:03'),(15,'CustomMenuWidget','footer_sidebar','martfury-vi',3,'{\"id\":\"CustomMenuWidget\",\"name\":\"Doanh nghi\\u1ec7p\",\"menu_id\":\"doanh-nghiep\"}','2021-12-04 04:49:03','2021-12-04 04:49:03'),(16,'BlogSearchWidget','primary_sidebar','martfury-vi',1,'{\"id\":\"BlogSearchWidget\",\"name\":\"T\\u00ecm ki\\u1ebfm\"}','2021-12-04 04:49:03','2021-12-04 04:49:03'),(17,'BlogCategoriesWidget','primary_sidebar','martfury-vi',2,'{\"id\":\"BlogCategoriesWidget\",\"name\":\"Danh m\\u1ee5c b\\u00e0i vi\\u1ebft\"}','2021-12-04 04:49:03','2021-12-04 04:49:03'),(18,'RecentPostsWidget','primary_sidebar','martfury-vi',3,'{\"id\":\"RecentPostsWidget\",\"name\":\"B\\u00e0i vi\\u1ebft g\\u1ea7n \\u0111\\u00e2y\"}','2021-12-04 04:49:03','2021-12-04 04:49:03'),(19,'TagsWidget','primary_sidebar','martfury-vi',4,'{\"id\":\"TagsWidget\",\"name\":\"Tags ph\\u1ed5 bi\\u1ebfn\"}','2021-12-04 04:49:03','2021-12-04 04:49:03'),(20,'ProductCategoriesWidget','bottom_footer_sidebar','martfury-vi',1,'{\"id\":\"ProductCategoriesWidget\",\"name\":\"\\u0110\\u1ed3 d\\u00f9ng \\u0111i\\u1ec7n t\\u1eed\",\"categories\":[18,2,3,4,5,6,7]}','2021-12-04 04:49:03','2021-12-04 04:49:03'),(21,'ProductCategoriesWidget','bottom_footer_sidebar','martfury-vi',2,'{\"id\":\"ProductCategoriesWidget\",\"name\":\"Qu\\u1ea7n \\u00e1o & may m\\u1eb7c\",\"categories\":[8,9,10,11,12]}','2021-12-04 04:49:03','2021-12-04 04:49:03'),(22,'ProductCategoriesWidget','bottom_footer_sidebar','martfury-vi',3,'{\"id\":\"ProductCategoriesWidget\",\"name\":\"D\\u1ee5ng c\\u1ee5 nh\\u00e0 b\\u1ebfp\",\"categories\":[13,14,15,16,17]}','2021-12-04 04:49:03','2021-12-04 04:49:03'),(23,'ProductCategoriesWidget','bottom_footer_sidebar','martfury-vi',4,'{\"id\":\"ProductCategoriesWidget\",\"name\":\"S\\u1ee9c kh\\u1ecfe & l\\u00e0m \\u0111\\u1eb9p\",\"categories\":[20,21,22,23,24]}','2021-12-04 04:49:03','2021-12-04 04:49:03'),(24,'ProductCategoriesWidget','bottom_footer_sidebar','martfury-vi',5,'{\"id\":\"ProductCategoriesWidget\",\"name\":\"M\\u00e1y t\\u00ednh & c\\u00f4ng ngh\\u1ec7\",\"categories\":[25,26,27,28,29,19]}','2021-12-04 04:49:03','2021-12-04 04:49:03');
/*!40000 ALTER TABLE `widgets` ENABLE KEYS */;
UNLOCK TABLES;
/*!40103 SET TIME_ZONE=@OLD_TIME_ZONE */;

/*!40101 SET SQL_MODE=@OLD_SQL_MODE */;
/*!40014 SET FOREIGN_KEY_CHECKS=@OLD_FOREIGN_KEY_CHECKS */;
/*!40014 SET UNIQUE_CHECKS=@OLD_UNIQUE_CHECKS */;
/*!40101 SET CHARACTER_SET_CLIENT=@OLD_CHARACTER_SET_CLIENT */;
/*!40101 SET CHARACTER_SET_RESULTS=@OLD_CHARACTER_SET_RESULTS */;
/*!40101 SET COLLATION_CONNECTION=@OLD_COLLATION_CONNECTION */;
/*!40111 SET SQL_NOTES=@OLD_SQL_NOTES */;

-- Dump completed on 2021-12-18 17:22:15
